2026-09-01 00:00:22.324 [SpringApplicationShutdownHook] INFO  [N/A] [N/A] o.s.o.j.LocalContainerEntityManagerFactoryBean - Closing JPA EntityManagerFactory for persistence unit 'default'
2026-09-01 00:00:22.343 [SpringApplicationShutdownHook] INFO  [N/A] [N/A] com.zaxxer.hikari.HikariDataSource - HikariPool-1 - Shutdown initiated...
2026-09-01 00:00:22.348 [SpringApplicationShutdownHook] INFO  [N/A] [N/A] com.zaxxer.hikari.HikariDataSource - HikariPool-1 - Shutdown completed.
2026-09-01 00:01:20.852 [background-preinit] INFO  [N/A] [N/A] o.h.validator.internal.util.Version - HV000001: Hibernate Validator 8.0.1.Final
2026-09-01 00:01:20.889 [main] INFO  [N/A] [N/A] ru.startup.skinscan.Main - Starting Main using Java 21.0.10 with PID 26072 (C:\Users\ferdi\IdeaProjects\SkinScan\build\classes\java\main started by ferdi in C:\Users\ferdi\IdeaProjects\SkinScan)
2026-09-01 00:01:20.891 [main] DEBUG [N/A] [N/A] ru.startup.skinscan.Main - Running with Spring Boot v3.1.12, Spring v6.0.21
2026-09-01 00:01:20.892 [main] INFO  [N/A] [N/A] ru.startup.skinscan.Main - The following 1 profile is active: "local"
2026-09-01 00:01:22.036 [main] INFO  [N/A] [N/A] o.s.d.r.c.RepositoryConfigurationDelegate - Bootstrapping Spring Data JPA repositories in DEFAULT mode.
2026-09-01 00:01:22.123 [main] INFO  [N/A] [N/A] o.s.d.r.c.RepositoryConfigurationDelegate - Finished Spring Data repository scanning in 76 ms. Found 3 JPA repository interfaces.
2026-09-01 00:01:22.666 [main] INFO  [N/A] [N/A] o.s.b.w.e.tomcat.TomcatWebServer - Tomcat initialized with port(s): 8080 (http)
2026-09-01 00:01:22.672 [main] INFO  [N/A] [N/A] o.a.coyote.http11.Http11NioProtocol - Initializing ProtocolHandler ["http-nio-8080"]
2026-09-01 00:01:22.673 [main] INFO  [N/A] [N/A] o.a.catalina.core.StandardService - Starting service [Tomcat]
2026-09-01 00:01:22.674 [main] INFO  [N/A] [N/A] o.a.catalina.core.StandardEngine - Starting Servlet engine: [Apache Tomcat/10.1.24]
2026-09-01 00:01:22.772 [main] INFO  [N/A] [N/A] o.a.c.c.C.[Tomcat].[localhost].[/] - Initializing Spring embedded WebApplicationContext
2026-09-01 00:01:22.772 [main] INFO  [N/A] [N/A] o.s.b.w.s.c.ServletWebServerApplicationContext - Root WebApplicationContext: initialization completed in 1831 ms
2026-09-01 00:01:22.788 [main] INFO  [N/A] [N/A] r.s.s.s.r.RateLimiterInMemory - RateLimiter инициализирован с интервалом очистки: 300с
2026-09-01 00:01:23.020 [main] DEBUG [N/A] [N/A] o.f.c.i.s.classpath.ClassPathScanner - Scanning for classpath resources at 'classpath:db/callback' ...
2026-09-01 00:01:23.021 [main] DEBUG [N/A] [N/A] o.f.c.i.s.classpath.ClassPathScanner - Determining location urls for classpath:db/callback using ClassLoader TomcatEmbeddedWebappClassLoader
  context: ROOT
  delegate: true
----------> Parent Classloader:
jdk.internal.loader.ClassLoaders$AppClassLoader@3fee733d
 ...
2026-09-01 00:01:23.022 [main] DEBUG [N/A] [N/A] o.f.c.i.s.classpath.ClassPathScanner - Unable to resolve location classpath:db/callback.
2026-09-01 00:01:23.022 [main] DEBUG [N/A] [N/A] o.f.c.i.s.classpath.ClassPathScanner - Scanning for classpath resources at 'classpath:db/migration' ...
2026-09-01 00:01:23.022 [main] DEBUG [N/A] [N/A] o.f.c.i.s.classpath.ClassPathScanner - Determining location urls for classpath:db/migration using ClassLoader TomcatEmbeddedWebappClassLoader
  context: ROOT
  delegate: true
----------> Parent Classloader:
jdk.internal.loader.ClassLoaders$AppClassLoader@3fee733d
 ...
2026-09-01 00:01:23.022 [main] DEBUG [N/A] [N/A] o.f.c.i.s.classpath.ClassPathScanner - Scanning URL: file:/C:/Users/ferdi/IdeaProjects/SkinScan/build/resources/main/db/migration
2026-09-01 00:01:23.023 [main] DEBUG [N/A] [N/A] o.f.c.i.s.c.FileSystemClassPathLocationScanner - Scanning starting at classpath root in filesystem: C:\Users\ferdi\IdeaProjects\SkinScan\build\resources\main\
2026-09-01 00:01:23.023 [main] DEBUG [N/A] [N/A] o.f.c.i.s.c.FileSystemClassPathLocationScanner - Scanning for resources in path: C:\Users\ferdi\IdeaProjects\SkinScan\build\resources\main\db\migration (db/migration)
2026-09-01 00:01:23.024 [main] DEBUG [N/A] [N/A] o.f.c.i.s.classpath.ClassPathScanner - Found resource: db/migration/V1__create_users_table.sql
2026-09-01 00:01:23.025 [main] DEBUG [N/A] [N/A] o.f.c.i.s.classpath.ClassPathScanner - Found resource: db/migration/V2__create_photo_table.sql
2026-09-01 00:01:23.025 [main] DEBUG [N/A] [N/A] o.f.c.i.s.classpath.ClassPathScanner - Found resource: db/migration/V3__create_analysis_table.sql
2026-09-01 00:01:23.025 [main] DEBUG [N/A] [N/A] o.f.c.i.s.classpath.ClassPathScanner - Found resource: db/migration/V4__add_index.sql
2026-09-01 00:01:23.025 [main] DEBUG [N/A] [N/A] o.f.c.i.s.classpath.ClassPathScanner - Scanning for classes at classpath:db/migration
2026-09-01 00:01:23.028 [main] DEBUG [N/A] [N/A] o.f.c.i.r.ResourceNameValidator - Validating V2__create_photo_table.sql
2026-09-01 00:01:23.032 [main] INFO  [N/A] [N/A] com.zaxxer.hikari.HikariDataSource - HikariPool-1 - Starting...
2026-09-01 00:01:23.171 [main] INFO  [N/A] [N/A] com.zaxxer.hikari.pool.HikariPool - HikariPool-1 - Added connection org.postgresql.jdbc.PgConnection@251a90ce
2026-09-01 00:01:23.172 [main] INFO  [N/A] [N/A] com.zaxxer.hikari.HikariDataSource - HikariPool-1 - Start completed.
2026-09-01 00:01:23.190 [main] DEBUG [N/A] [N/A] o.f.c.i.r.ResourceNameValidator - Validating V1__create_users_table.sql
2026-09-01 00:01:23.190 [main] DEBUG [N/A] [N/A] o.f.c.i.r.ResourceNameValidator - Validating V4__add_index.sql
2026-09-01 00:01:23.191 [main] DEBUG [N/A] [N/A] o.f.c.i.r.ResourceNameValidator - Validating V3__create_analysis_table.sql
2026-09-01 00:01:23.195 [main] DEBUG [N/A] [N/A] o.f.c.i.d.DatabaseTypeRegister - Multiple databases found that handle url 'jdbc:postgresql://localhost:5432/skinScan': CockroachDB,PostgreSQL
2026-09-01 00:01:23.195 [main] INFO  [N/A] [N/A] org.flywaydb.core.FlywayExecutor - Database: jdbc:postgresql://localhost:5432/skinScan (PostgreSQL 18.1)
2026-09-01 00:01:23.195 [main] DEBUG [N/A] [N/A] org.flywaydb.core.FlywayExecutor - Database Type: PostgreSQL
2026-09-01 00:01:23.195 [main] DEBUG [N/A] [N/A] org.flywaydb.core.FlywayExecutor - Driver: PostgreSQL JDBC Driver 42.7.11
2026-09-01 00:01:23.196 [main] DEBUG [N/A] [N/A] org.flywaydb.core.FlywayExecutor - DDL Transactions Supported: true
2026-09-01 00:01:23.197 [main] DEBUG [N/A] [N/A] o.f.c.i.s.SchemaHistoryFactory - Schemas: 
2026-09-01 00:01:23.197 [main] DEBUG [N/A] [N/A] o.f.c.i.s.SchemaHistoryFactory - Default schema: null
2026-09-01 00:01:23.202 [main] WARN  [N/A] [N/A] o.f.c.i.database.base.Database - Flyway upgrade recommended: PostgreSQL 18.1 is newer than this version of Flyway and support has not been tested. The latest supported version of PostgreSQL is 16.
2026-09-01 00:01:23.203 [main] DEBUG [N/A] [N/A] o.f.c.i.c.SqlScriptCallbackFactory - Scanning for SQL callbacks ...
2026-09-01 00:01:23.211 [main] DEBUG [N/A] [N/A] o.f.core.internal.command.DbValidate - Validating migrations ...
2026-09-01 00:01:23.213 [main] DEBUG [N/A] [N/A] o.f.c.a.c.ClassicConfiguration - CherryPickConfigurationExtension not found
2026-09-01 00:01:23.221 [main] DEBUG [N/A] [N/A] o.f.core.internal.scanner.Scanner - Filtering out resource: db/migration/V2__create_photo_table.sql (filename: V2__create_photo_table.sql)
2026-09-01 00:01:23.221 [main] DEBUG [N/A] [N/A] o.f.core.internal.scanner.Scanner - Filtering out resource: db/migration/V1__create_users_table.sql (filename: V1__create_users_table.sql)
2026-09-01 00:01:23.221 [main] DEBUG [N/A] [N/A] o.f.core.internal.scanner.Scanner - Filtering out resource: db/migration/V4__add_index.sql (filename: V4__add_index.sql)
2026-09-01 00:01:23.221 [main] DEBUG [N/A] [N/A] o.f.core.internal.scanner.Scanner - Filtering out resource: db/migration/V3__create_analysis_table.sql (filename: V3__create_analysis_table.sql)
2026-09-01 00:01:23.222 [main] DEBUG [N/A] [N/A] o.f.core.internal.scanner.Scanner - Filtering out resource: db/migration/V2__create_photo_table.sql (filename: V2__create_photo_table.sql)
2026-09-01 00:01:23.222 [main] DEBUG [N/A] [N/A] o.f.core.internal.scanner.Scanner - Filtering out resource: db/migration/V1__create_users_table.sql (filename: V1__create_users_table.sql)
2026-09-01 00:01:23.222 [main] DEBUG [N/A] [N/A] o.f.core.internal.scanner.Scanner - Filtering out resource: db/migration/V4__add_index.sql (filename: V4__add_index.sql)
2026-09-01 00:01:23.222 [main] DEBUG [N/A] [N/A] o.f.core.internal.scanner.Scanner - Filtering out resource: db/migration/V3__create_analysis_table.sql (filename: V3__create_analysis_table.sql)
2026-09-01 00:01:23.248 [main] INFO  [N/A] [N/A] o.f.core.internal.command.DbValidate - Successfully validated 4 migrations (execution time 00:00.036s)
2026-09-01 00:01:23.252 [main] DEBUG [N/A] [N/A] o.f.core.internal.command.DbSchemas - Skipping creation of existing schema: "public"
2026-09-01 00:01:23.473 [main] DEBUG [N/A] [N/A] o.f.c.a.c.ClassicConfiguration - CherryPickConfigurationExtension not found
2026-09-01 00:01:23.476 [main] INFO  [N/A] [N/A] o.f.core.internal.command.DbMigrate - Current version of schema "public": 4
2026-09-01 00:01:23.479 [main] INFO  [N/A] [N/A] o.f.core.internal.command.DbMigrate - Schema "public" is up to date. No migration necessary.
2026-09-01 00:01:23.484 [main] DEBUG [N/A] [N/A] org.flywaydb.core.FlywayExecutor - Memory usage: 47 of 88M
2026-09-01 00:01:23.521 [main] DEBUG [N/A] [N/A] o.s.jdbc.datasource.DataSourceUtils - Fetching JDBC Connection from DataSource
2026-09-01 00:01:23.580 [main] INFO  [N/A] [N/A] o.h.jpa.internal.util.LogHelper - HHH000204: Processing PersistenceUnitInfo [name: default]
2026-09-01 00:01:23.648 [main] INFO  [N/A] [N/A] org.hibernate.Version - HHH000412: Hibernate ORM core version 6.2.25.Final
2026-09-01 00:01:23.654 [main] INFO  [N/A] [N/A] org.hibernate.cfg.Environment - HHH000406: Using bytecode reflection optimizer
2026-09-01 00:01:23.987 [main] INFO  [N/A] [N/A] o.s.o.j.p.SpringPersistenceUnitInfo - No LoadTimeWeaver setup: ignoring JPA class transformer
2026-09-01 00:01:24.810 [main] INFO  [N/A] [N/A] o.h.e.t.j.p.i.JtaPlatformInitiator - HHH000489: No JTA platform available (set 'hibernate.transaction.jta.platform' to enable JTA platform integration)
2026-09-01 00:01:24.815 [main] INFO  [N/A] [N/A] o.s.o.j.LocalContainerEntityManagerFactoryBean - Initialized JPA EntityManagerFactory for persistence unit 'default'
2026-09-01 00:01:25.016 [main] INFO  [N/A] [N/A] o.s.d.j.r.query.QueryEnhancerFactory - Hibernate is in classpath; If applicable, HQL parser will be used.
2026-09-01 00:01:25.504 [main] DEBUG [N/A] [N/A] r.s.s.s.filter.RateLimiterFilter - Filter 'rateLimiterFilter' configured for use
2026-09-01 00:01:25.505 [main] DEBUG [N/A] [N/A] r.s.skinscan.config.MdcLoggingFilter - Filter 'mdcLoggingFilter' configured for use
2026-09-01 00:01:25.597 [main] INFO  [N/A] [N/A] r.s.s.d.s.LocalFileStorageService - Инициализация локального хранилища фотографий с начальным путем: C:\Users\ferdi/data/uploads
2026-09-01 00:01:25.599 [main] INFO  [N/A] [N/A] r.s.s.d.s.LocalFileStorageService - Инициализация локального хранилища фотографий успешна завершена!
2026-09-01 00:01:25.653 [main] INFO  [N/A] [N/A] r.s.skinscan.config.AsyncConfig - Photo Task Executor запущен: базовое кол-во потоков=5, максимальное кол-во потоков=10, размер очереди ожидания=100
2026-09-01 00:01:25.659 [main] INFO  [N/A] [N/A] r.s.skinscan.config.AsyncConfig - Recovery Task Executor запущен
2026-09-01 00:01:25.769 [main] WARN  [N/A] [N/A] o.s.b.a.o.j.JpaBaseConfiguration$JpaWebConfiguration - spring.jpa.open-in-view is enabled by default. Therefore, database queries may be performed during view rendering. Explicitly configure spring.jpa.open-in-view to disable this warning
2026-09-01 00:01:25.782 [main] DEBUG [N/A] [N/A] o.s.s.c.a.a.c.AuthenticationConfiguration$DefaultPasswordEncoderAuthenticationManagerBuilder - No authenticationProviders and no parentAuthenticationManager defined. Returning null.
2026-09-01 00:01:26.040 [main] INFO  [N/A] [N/A] o.s.s.web.DefaultSecurityFilterChain - Will secure any request with [org.springframework.security.web.session.DisableEncodeUrlFilter@53b10e9a, org.springframework.security.web.context.request.async.WebAsyncManagerIntegrationFilter@4a89722e, org.springframework.security.web.context.SecurityContextHolderFilter@190677c6, org.springframework.security.web.header.HeaderWriterFilter@5f0c04d2, org.springframework.web.filter.CorsFilter@7475f071, org.springframework.security.web.authentication.logout.LogoutFilter@43376a03, ru.startup.skinscan.security.filter.RateLimiterFilter@9670873, org.springframework.security.web.authentication.www.BasicAuthenticationFilter@56d9ef05, org.springframework.security.web.savedrequest.RequestCacheAwareFilter@7334dcbe, org.springframework.security.web.servletapi.SecurityContextHolderAwareRequestFilter@1d1a706, org.springframework.security.web.authentication.AnonymousAuthenticationFilter@2116e9cf, org.springframework.security.web.session.SessionManagementFilter@167da81d, org.springframework.security.web.access.ExceptionTranslationFilter@6e6bb211, org.springframework.security.web.access.intercept.AuthorizationFilter@2cc3df02]
2026-09-01 00:01:26.454 [main] INFO  [N/A] [N/A] o.a.coyote.http11.Http11NioProtocol - Starting ProtocolHandler ["http-nio-8080"]
2026-09-01 00:01:26.472 [main] INFO  [N/A] [N/A] o.s.b.w.e.tomcat.TomcatWebServer - Tomcat started on port(s): 8080 (http) with context path ''
2026-09-01 00:01:26.481 [main] INFO  [N/A] [N/A] ru.startup.skinscan.Main - Started Main in 6.319 seconds (process running for 7.145)
2026-09-01 00:01:26.487 [scheduling-1] DEBUG [N/A] [N/A] r.s.s.s.PhotoRecoveryScheduler - Запуск проверки и обработки зависших фотографий
2026-09-01 00:01:26.592 [scheduling-1] DEBUG [N/A] [N/A] org.hibernate.SQL - 
    select
        p1_0.id,
        p1_0.created_at,
        p1_0.file_name,
        p1_0.file_size_bytes,
        p1_0.mime_type,
        p1_0.status,
        p1_0.storage_file_path,
        p1_0.updated_at,
        p1_0.user_id 
    from
        photo p1_0 
    where
        p1_0.status=? 
        and p1_0.created_at<cast(? as timestamp(6) with time zone)
2026-09-01 00:01:26.600 [scheduling-1] DEBUG [N/A] [N/A] r.s.s.s.PhotoRecoveryScheduler - Зависшие фотографии не найдены
2026-09-01 00:01:29.786 [http-nio-8080-exec-1] INFO  [N/A] [N/A] o.a.c.c.C.[Tomcat].[localhost].[/] - Initializing Spring DispatcherServlet 'dispatcherServlet'
2026-09-01 00:01:29.786 [http-nio-8080-exec-1] INFO  [N/A] [N/A] o.s.web.servlet.DispatcherServlet - Initializing Servlet 'dispatcherServlet'
2026-09-01 00:01:29.788 [http-nio-8080-exec-1] INFO  [N/A] [N/A] o.s.web.servlet.DispatcherServlet - Completed initialization in 2 ms
2026-09-01 00:01:29.811 [http-nio-8080-exec-1] DEBUG [N/A] [N/A] o.s.security.web.FilterChainProxy - Securing POST /skinScan/photos/upload
2026-09-01 00:01:29.884 [http-nio-8080-exec-1] DEBUG [N/A] [N/A] org.hibernate.SQL - 
    select
        u1_0.id,
        u1_0.created_at,
        u1_0.email,
        u1_0.login,
        u1_0.password,
        u1_0.phone,
        u1_0.updated_at 
    from
        users u1_0 
    where
        u1_0.login=?
2026-09-01 00:01:30.610 [http-nio-8080-exec-1] DEBUG [N/A] [N/A] org.hibernate.SQL - 
    select
        u1_0.id 
    from
        users u1_0 
    where
        u1_0.login=?
2026-09-01 00:01:31.241 [http-nio-8080-exec-1] INFO  [N/A] [N/A] r.s.s.s.s.CustomUserDetailsService - Поиск пользователя с логином: Andrey600
2026-09-01 00:01:31.243 [http-nio-8080-exec-1] DEBUG [N/A] [N/A] org.hibernate.SQL - 
    select
        u1_0.id,
        u1_0.created_at,
        u1_0.email,
        u1_0.login,
        u1_0.password,
        u1_0.phone,
        u1_0.updated_at 
    from
        users u1_0 
    where
        u1_0.login=?
2026-09-01 00:01:31.246 [http-nio-8080-exec-1] INFO  [N/A] [N/A] r.s.s.s.s.CustomUserDetailsService - Найден пользователь: Andrey600, пароль: $2a$12$82L1ISHBmtE5Mz8Sna4Kr.OxWw0qFyPc2rdTy8Pr6YSNBBPgoLaiK
2026-09-01 00:01:31.893 [http-nio-8080-exec-1] DEBUG [N/A] [N/A] o.s.s.a.d.DaoAuthenticationProvider - Authenticated user
2026-09-01 00:01:31.895 [http-nio-8080-exec-1] DEBUG [N/A] [N/A] o.s.s.w.a.w.BasicAuthenticationFilter - Set SecurityContextHolder to UsernamePasswordAuthenticationToken [Principal=org.springframework.security.core.userdetails.User [Username=Andrey600, Password=[PROTECTED], Enabled=true, AccountNonExpired=true, credentialsNonExpired=true, AccountNonLocked=true, Granted Authorities=[]], Credentials=[PROTECTED], Authenticated=true, Details=WebAuthenticationDetails [RemoteIpAddress=127.0.0.1, SessionId=null], Granted Authorities=[]]
2026-09-01 00:01:31.900 [http-nio-8080-exec-1] DEBUG [N/A] [N/A] o.s.security.web.FilterChainProxy - Secured POST /skinScan/photos/upload
2026-09-01 00:01:32.091 [http-nio-8080-exec-1] DEBUG [288c442a-d1fb-4126-9cd5-9d4202f37d0c] [NO_SESSION] r.s.s.d.s.LocalFileStorageService - Файл сохранится в директории: C:\Users\ferdi\data\uploads\805dc\2026\09\917b5007-63cd-4d47-a691-80a7bd0810c5.jpg, с временной директорией: C:\Users\ferdi\data\uploads\805dc\2026\09\temp\.917b5007-63cd-4d47-a691-80a7bd0810c5.jpg.tmp
2026-09-01 00:01:32.105 [http-nio-8080-exec-1] INFO  [288c442a-d1fb-4126-9cd5-9d4202f37d0c] [NO_SESSION] r.s.s.d.s.LocalFileStorageService - Файл успешно сохранен: 805dc/2026/09/917b5007-63cd-4d47-a691-80a7bd0810c5.jpg, с размером: 33095 байт
2026-09-01 00:01:32.106 [http-nio-8080-exec-1] INFO  [288c442a-d1fb-4126-9cd5-9d4202f37d0c] [NO_SESSION] r.s.s.d.service.PhotoServiceImpl - Фото сохранено в хранилище
2026-09-01 00:01:32.126 [http-nio-8080-exec-1] DEBUG [288c442a-d1fb-4126-9cd5-9d4202f37d0c] [NO_SESSION] org.hibernate.SQL - 
    select
        p1_0.id,
        p1_0.created_at,
        p1_0.file_name,
        p1_0.file_size_bytes,
        p1_0.mime_type,
        p1_0.status,
        p1_0.storage_file_path,
        p1_0.updated_at,
        p1_0.user_id 
    from
        photo p1_0 
    where
        p1_0.id=?
2026-09-01 00:01:32.139 [http-nio-8080-exec-1] INFO  [288c442a-d1fb-4126-9cd5-9d4202f37d0c] [NO_SESSION] r.s.s.d.service.PhotoServiceImpl - Метаданные фото 7b3f6411-2dce-4407-92fe-b3ee1f4d175d сохранены в БД
2026-09-01 00:01:32.140 [http-nio-8080-exec-1] INFO  [288c442a-d1fb-4126-9cd5-9d4202f37d0c] [NO_SESSION] r.s.s.d.service.PhotoServiceImpl - Запуск асинхронной обработки фото 7b3f6411-2dce-4407-92fe-b3ee1f4d175d
2026-09-01 00:01:32.141 [PhotoProcessor-1] INFO  [N/A] [N/A] r.s.s.d.s.AsyncPhotoProcessingExecutor - Запущен асинхронный процесс с фото: 7b3f6411-2dce-4407-92fe-b3ee1f4d175d, пользователя: 64641147-39de-45f8-a11f-7f57eb2805dc
2026-09-01 00:01:32.154 [http-nio-8080-exec-1] DEBUG [288c442a-d1fb-4126-9cd5-9d4202f37d0c] [NO_SESSION] org.hibernate.SQL - 
    insert 
    into
        photo
        (created_at,file_name,file_size_bytes,mime_type,status,storage_file_path,updated_at,user_id,id) 
    values
        (?,?,?,?,?,?,?,?,?)
2026-09-01 00:01:33.166 [PhotoProcessor-1] DEBUG [N/A] [N/A] o.s.jdbc.datasource.DataSourceUtils - Setting JDBC Connection [HikariProxyConnection@1486844258 wrapping org.postgresql.jdbc.PgConnection@251a90ce] read-only
2026-09-01 00:01:33.177 [PhotoProcessor-1] DEBUG [N/A] [N/A] org.hibernate.SQL - 
    select
        p1_0.id,
        p1_0.created_at,
        p1_0.file_name,
        p1_0.file_size_bytes,
        p1_0.mime_type,
        p1_0.status,
        p1_0.storage_file_path,
        p1_0.updated_at,
        p1_0.user_id 
    from
        photo p1_0 
    where
        p1_0.id=?
2026-09-01 00:01:33.185 [PhotoProcessor-1] DEBUG [N/A] [N/A] o.s.jdbc.datasource.DataSourceUtils - Resetting read-only flag of JDBC Connection [HikariProxyConnection@1486844258 wrapping org.postgresql.jdbc.PgConnection@251a90ce]
2026-09-01 00:01:33.221 [PhotoProcessor-1] DEBUG [N/A] [N/A] org.hibernate.SQL - 
    update
        photo 
    set
        status=?,
        updated_at=cast(? as timestamp(6) with time zone) 
    where
        id=?
2026-09-01 00:01:33.224 [PhotoProcessor-1] INFO  [N/A] [N/A] r.s.s.d.s.AsyncPhotoProcessingExecutor - Сменен статус фото 7b3f6411-2dce-4407-92fe-b3ee1f4d175d на PROCESSING
2026-09-01 00:01:33.227 [PhotoProcessor-1] DEBUG [N/A] [N/A] org.hibernate.SQL - 
    select
        a1_0.id,
        a1_0.completed_at,
        a1_0.photo_id,
        a1_0.requested_at,
        a1_0.result,
        a1_0.status 
    from
        analysis a1_0 
    where
        a1_0.id=?
2026-09-01 00:01:33.234 [PhotoProcessor-1] DEBUG [N/A] [N/A] org.hibernate.SQL - 
    insert 
    into
        analysis
        (completed_at,photo_id,requested_at,result,status,id) 
    values
        (?,?,?,?,?,?)
2026-09-01 00:01:33.252 [PhotoProcessor-1] INFO  [N/A] [N/A] r.s.s.d.s.AsyncPhotoProcessingExecutor - Сформирован запрос к ML сервису для фото: 7b3f6411-2dce-4407-92fe-b3ee1f4d175d, размером: 33095 байт
2026-09-01 00:01:33.252 [PhotoProcessor-1] INFO  [N/A] [N/A] r.s.s.d.s.AsyncPhotoProcessingExecutor - Вызов ML анализа фото: 7b3f6411-2dce-4407-92fe-b3ee1f4d175d
2026-09-01 00:01:33.253 [PhotoProcessor-1] INFO  [N/A] [N/A] ru.startup.skinscan.ML.StubMLClient - Заглушка ML: Анализ фото: 7b3f6411-2dce-4407-92fe-b3ee1f4d175d
2026-09-01 00:01:37.136 [PhotoProcessor-1] INFO  [N/A] [N/A] ru.startup.skinscan.ML.StubMLClient - Заглушка ML: Фото: 7b3f6411-2dce-4407-92fe-b3ee1f4d175d обработано за 3882 ms
2026-09-01 00:01:37.137 [PhotoProcessor-1] INFO  [N/A] [N/A] r.s.s.d.s.AsyncPhotoProcessingExecutor - ML анализ фото: 7b3f6411-2dce-4407-92fe-b3ee1f4d175d, завершен за время: 3884ms
2026-09-01 00:01:37.156 [PhotoProcessor-1] DEBUG [N/A] [N/A] org.hibernate.SQL - 
    update
        analysis 
    set
        result=?,
        status=?,
        completed_at=cast(? as timestamp(6) with time zone) 
    where
        id=?
2026-09-01 00:01:37.176 [PhotoProcessor-1] DEBUG [N/A] [N/A] org.hibernate.SQL - 
    select
        p1_0.id 
    from
        photo p1_0 
    where
        p1_0.file_name=?
2026-09-01 00:01:37.178 [PhotoProcessor-1] ERROR [N/A] [N/A] r.s.s.d.s.AsyncPhotoProcessingExecutor - В процессе обработки фото 7b3f6411-2dce-4407-92fe-b3ee1f4d175d возникла неизвестная ошибка: 
java.lang.NullPointerException: Cannot invoke "org.hibernate.metamodel.mapping.JdbcMapping.getJdbcValueBinder()" because "jdbcMapping" is null
	at org.hibernate.sql.exec.internal.AbstractJdbcParameter.bindParameterValue(AbstractJdbcParameter.java:118)
	at org.hibernate.sql.exec.internal.AbstractJdbcParameter.bindParameterValue(AbstractJdbcParameter.java:108)
	at org.hibernate.sql.exec.internal.StandardJdbcMutationExecutor.execute(StandardJdbcMutationExecutor.java:73)
	at org.hibernate.query.sqm.internal.SimpleUpdateQueryPlan.executeUpdate(SimpleUpdateQueryPlan.java:91)
	at org.hibernate.query.sqm.internal.QuerySqmImpl.doExecuteUpdate(QuerySqmImpl.java:735)
	at org.hibernate.query.sqm.internal.QuerySqmImpl.executeUpdate(QuerySqmImpl.java:705)
	at org.springframework.data.jpa.repository.query.JpaQueryExecution$ModifyingExecution.doExecute(JpaQueryExecution.java:266)
	at org.springframework.data.jpa.repository.query.JpaQueryExecution.execute(JpaQueryExecution.java:92)
	at org.springframework.data.jpa.repository.query.AbstractJpaQuery.doExecute(AbstractJpaQuery.java:149)
	at org.springframework.data.jpa.repository.query.AbstractJpaQuery.execute(AbstractJpaQuery.java:137)
	at org.springframework.data.repository.core.support.RepositoryMethodInvoker.doInvoke(RepositoryMethodInvoker.java:136)
	at org.springframework.data.repository.core.support.RepositoryMethodInvoker.invoke(RepositoryMethodInvoker.java:120)
	at org.springframework.data.repository.core.support.QueryExecutorMethodInterceptor.doInvoke(QueryExecutorMethodInterceptor.java:164)
	at org.springframework.data.repository.core.support.QueryExecutorMethodInterceptor.invoke(QueryExecutorMethodInterceptor.java:143)
	at org.springframework.aop.framework.ReflectiveMethodInvocation.proceed(ReflectiveMethodInvocation.java:184)
	at org.springframework.data.projection.DefaultMethodInvokingMethodInterceptor.invoke(DefaultMethodInvokingMethodInterceptor.java:70)
	at org.springframework.aop.framework.ReflectiveMethodInvocation.proceed(ReflectiveMethodInvocation.java:184)
	at org.springframework.transaction.interceptor.TransactionInterceptor$1.proceedWithInvocation(TransactionInterceptor.java:123)
	at org.springframework.transaction.interceptor.TransactionAspectSupport.invokeWithinTransaction(TransactionAspectSupport.java:391)
	at org.springframework.transaction.interceptor.TransactionInterceptor.invoke(TransactionInterceptor.java:119)
	at org.springframework.aop.framework.ReflectiveMethodInvocation.proceed(ReflectiveMethodInvocation.java:184)
	at org.springframework.dao.support.PersistenceExceptionTranslationInterceptor.invoke(PersistenceExceptionTranslationInterceptor.java:137)
	at org.springframework.aop.framework.ReflectiveMethodInvocation.proceed(ReflectiveMethodInvocation.java:184)
	at org.springframework.data.jpa.repository.support.CrudMethodMetadataPostProcessor$CrudMethodMetadataPopulatingMethodInterceptor.invoke(CrudMethodMetadataPostProcessor.java:135)
	at org.springframework.aop.framework.ReflectiveMethodInvocation.proceed(ReflectiveMethodInvocation.java:184)
	at org.springframework.aop.interceptor.ExposeInvocationInterceptor.invoke(ExposeInvocationInterceptor.java:97)
	at org.springframework.aop.framework.ReflectiveMethodInvocation.proceed(ReflectiveMethodInvocation.java:184)
	at org.springframework.aop.framework.JdkDynamicAopProxy.invoke(JdkDynamicAopProxy.java:244)
	at jdk.proxy2/jdk.proxy2.$Proxy148.update(Unknown Source)
	at ru.startup.skinscan.domain.service.AsyncPhotoProcessingExecutor.processPhoto(AsyncPhotoProcessingExecutor.java:130)
	at java.base/jdk.internal.reflect.DirectMethodHandleAccessor.invoke(DirectMethodHandleAccessor.java:103)
	at java.base/java.lang.reflect.Method.invoke(Method.java:580)
	at org.springframework.aop.support.AopUtils.invokeJoinpointUsingReflection(AopUtils.java:343)
	at org.springframework.aop.framework.ReflectiveMethodInvocation.invokeJoinpoint(ReflectiveMethodInvocation.java:196)
	at org.springframework.aop.framework.ReflectiveMethodInvocation.proceed(ReflectiveMethodInvocation.java:163)
	at org.springframework.aop.interceptor.AsyncExecutionInterceptor.lambda$invoke$0(AsyncExecutionInterceptor.java:115)
	at java.base/java.util.concurrent.FutureTask.run(FutureTask.java:317)
	at java.base/java.util.concurrent.ThreadPoolExecutor.runWorker(ThreadPoolExecutor.java:1144)
	at java.base/java.util.concurrent.ThreadPoolExecutor$Worker.run(ThreadPoolExecutor.java:642)
	at java.base/java.lang.Thread.run(Thread.java:1583)
2026-09-01 00:01:37.191 [PhotoProcessor-1] DEBUG [N/A] [N/A] org.hibernate.SQL - 
    update
        photo 
    set
        status=?,
        updated_at=cast(? as timestamp(6) with time zone) 
    where
        id=?
2026-09-01 00:01:37.195 [PhotoProcessor-1] DEBUG [N/A] [N/A] org.hibernate.SQL - 
    select
        a1_0.id,
        a1_0.completed_at,
        a1_0.photo_id,
        a1_0.requested_at,
        a1_0.result,
        a1_0.status 
    from
        analysis a1_0 
    where
        a1_0.photo_id=?
2026-09-01 00:01:37.203 [PhotoProcessor-1] DEBUG [N/A] [N/A] org.hibernate.SQL - 
    update
        analysis 
    set
        status=?,
        completed_at=cast(? as timestamp(6) with time zone) 
    where
        id=?
2026-09-01 00:02:13.424 [SpringApplicationShutdownHook] INFO  [N/A] [N/A] o.s.o.j.LocalContainerEntityManagerFactoryBean - Closing JPA EntityManagerFactory for persistence unit 'default'
2026-09-01 00:02:13.426 [SpringApplicationShutdownHook] INFO  [N/A] [N/A] com.zaxxer.hikari.HikariDataSource - HikariPool-1 - Shutdown initiated...
2026-09-01 00:02:13.431 [SpringApplicationShutdownHook] INFO  [N/A] [N/A] com.zaxxer.hikari.HikariDataSource - HikariPool-1 - Shutdown completed.
2026-09-01 00:02:36.793 [background-preinit] INFO  [N/A] [N/A] o.h.validator.internal.util.Version - HV000001: Hibernate Validator 8.0.1.Final
2026-09-01 00:02:36.833 [main] INFO  [N/A] [N/A] ru.startup.skinscan.Main - Starting Main using Java 21.0.10 with PID 27024 (C:\Users\ferdi\IdeaProjects\SkinScan\build\classes\java\main started by ferdi in C:\Users\ferdi\IdeaProjects\SkinScan)
2026-09-01 00:02:36.833 [main] DEBUG [N/A] [N/A] ru.startup.skinscan.Main - Running with Spring Boot v3.1.12, Spring v6.0.21
2026-09-01 00:02:36.834 [main] INFO  [N/A] [N/A] ru.startup.skinscan.Main - The following 1 profile is active: "local"
2026-09-01 00:02:37.786 [main] INFO  [N/A] [N/A] o.s.d.r.c.RepositoryConfigurationDelegate - Bootstrapping Spring Data JPA repositories in DEFAULT mode.
2026-09-01 00:02:37.865 [main] INFO  [N/A] [N/A] o.s.d.r.c.RepositoryConfigurationDelegate - Finished Spring Data repository scanning in 70 ms. Found 3 JPA repository interfaces.
2026-09-01 00:02:38.470 [main] INFO  [N/A] [N/A] o.s.b.w.e.tomcat.TomcatWebServer - Tomcat initialized with port(s): 8080 (http)
2026-09-01 00:02:38.475 [main] INFO  [N/A] [N/A] o.a.coyote.http11.Http11NioProtocol - Initializing ProtocolHandler ["http-nio-8080"]
2026-09-01 00:02:38.477 [main] INFO  [N/A] [N/A] o.a.catalina.core.StandardService - Starting service [Tomcat]
2026-09-01 00:02:38.477 [main] INFO  [N/A] [N/A] o.a.catalina.core.StandardEngine - Starting Servlet engine: [Apache Tomcat/10.1.24]
2026-09-01 00:02:38.587 [main] INFO  [N/A] [N/A] o.a.c.c.C.[Tomcat].[localhost].[/] - Initializing Spring embedded WebApplicationContext
2026-09-01 00:02:38.587 [main] INFO  [N/A] [N/A] o.s.b.w.s.c.ServletWebServerApplicationContext - Root WebApplicationContext: initialization completed in 1697 ms
2026-09-01 00:02:38.607 [main] INFO  [N/A] [N/A] r.s.s.s.r.RateLimiterInMemory - RateLimiter инициализирован с интервалом очистки: 300с
2026-09-01 00:02:38.791 [main] DEBUG [N/A] [N/A] o.f.c.i.s.classpath.ClassPathScanner - Scanning for classpath resources at 'classpath:db/callback' ...
2026-09-01 00:02:38.791 [main] DEBUG [N/A] [N/A] o.f.c.i.s.classpath.ClassPathScanner - Determining location urls for classpath:db/callback using ClassLoader TomcatEmbeddedWebappClassLoader
  context: ROOT
  delegate: true
----------> Parent Classloader:
jdk.internal.loader.ClassLoaders$AppClassLoader@3fee733d
 ...
2026-09-01 00:02:38.792 [main] DEBUG [N/A] [N/A] o.f.c.i.s.classpath.ClassPathScanner - Unable to resolve location classpath:db/callback.
2026-09-01 00:02:38.792 [main] DEBUG [N/A] [N/A] o.f.c.i.s.classpath.ClassPathScanner - Scanning for classpath resources at 'classpath:db/migration' ...
2026-09-01 00:02:38.792 [main] DEBUG [N/A] [N/A] o.f.c.i.s.classpath.ClassPathScanner - Determining location urls for classpath:db/migration using ClassLoader TomcatEmbeddedWebappClassLoader
  context: ROOT
  delegate: true
----------> Parent Classloader:
jdk.internal.loader.ClassLoaders$AppClassLoader@3fee733d
 ...
2026-09-01 00:02:38.792 [main] DEBUG [N/A] [N/A] o.f.c.i.s.classpath.ClassPathScanner - Scanning URL: file:/C:/Users/ferdi/IdeaProjects/SkinScan/build/resources/main/db/migration
2026-09-01 00:02:38.793 [main] DEBUG [N/A] [N/A] o.f.c.i.s.c.FileSystemClassPathLocationScanner - Scanning starting at classpath root in filesystem: C:\Users\ferdi\IdeaProjects\SkinScan\build\resources\main\
2026-09-01 00:02:38.793 [main] DEBUG [N/A] [N/A] o.f.c.i.s.c.FileSystemClassPathLocationScanner - Scanning for resources in path: C:\Users\ferdi\IdeaProjects\SkinScan\build\resources\main\db\migration (db/migration)
2026-09-01 00:02:38.795 [main] DEBUG [N/A] [N/A] o.f.c.i.s.classpath.ClassPathScanner - Found resource: db/migration/V1__create_users_table.sql
2026-09-01 00:02:38.796 [main] DEBUG [N/A] [N/A] o.f.c.i.s.classpath.ClassPathScanner - Found resource: db/migration/V2__create_photo_table.sql
2026-09-01 00:02:38.796 [main] DEBUG [N/A] [N/A] o.f.c.i.s.classpath.ClassPathScanner - Found resource: db/migration/V3__create_analysis_table.sql
2026-09-01 00:02:38.796 [main] DEBUG [N/A] [N/A] o.f.c.i.s.classpath.ClassPathScanner - Found resource: db/migration/V4__add_index.sql
2026-09-01 00:02:38.796 [main] DEBUG [N/A] [N/A] o.f.c.i.s.classpath.ClassPathScanner - Scanning for classes at classpath:db/migration
2026-09-01 00:02:38.798 [main] DEBUG [N/A] [N/A] o.f.c.i.r.ResourceNameValidator - Validating V2__create_photo_table.sql
2026-09-01 00:02:38.803 [main] INFO  [N/A] [N/A] com.zaxxer.hikari.HikariDataSource - HikariPool-1 - Starting...
2026-09-01 00:02:38.951 [main] INFO  [N/A] [N/A] com.zaxxer.hikari.pool.HikariPool - HikariPool-1 - Added connection org.postgresql.jdbc.PgConnection@ca7e37f
2026-09-01 00:02:38.953 [main] INFO  [N/A] [N/A] com.zaxxer.hikari.HikariDataSource - HikariPool-1 - Start completed.
2026-09-01 00:02:38.973 [main] DEBUG [N/A] [N/A] o.f.c.i.r.ResourceNameValidator - Validating V1__create_users_table.sql
2026-09-01 00:02:38.974 [main] DEBUG [N/A] [N/A] o.f.c.i.r.ResourceNameValidator - Validating V4__add_index.sql
2026-09-01 00:02:38.974 [main] DEBUG [N/A] [N/A] o.f.c.i.r.ResourceNameValidator - Validating V3__create_analysis_table.sql
2026-09-01 00:02:38.979 [main] DEBUG [N/A] [N/A] o.f.c.i.d.DatabaseTypeRegister - Multiple databases found that handle url 'jdbc:postgresql://localhost:5432/skinScan': CockroachDB,PostgreSQL
2026-09-01 00:02:38.979 [main] INFO  [N/A] [N/A] org.flywaydb.core.FlywayExecutor - Database: jdbc:postgresql://localhost:5432/skinScan (PostgreSQL 18.1)
2026-09-01 00:02:38.979 [main] DEBUG [N/A] [N/A] org.flywaydb.core.FlywayExecutor - Database Type: PostgreSQL
2026-09-01 00:02:38.979 [main] DEBUG [N/A] [N/A] org.flywaydb.core.FlywayExecutor - Driver: PostgreSQL JDBC Driver 42.7.11
2026-09-01 00:02:38.980 [main] DEBUG [N/A] [N/A] org.flywaydb.core.FlywayExecutor - DDL Transactions Supported: true
2026-09-01 00:02:38.980 [main] DEBUG [N/A] [N/A] o.f.c.i.s.SchemaHistoryFactory - Schemas: 
2026-09-01 00:02:38.980 [main] DEBUG [N/A] [N/A] o.f.c.i.s.SchemaHistoryFactory - Default schema: null
2026-09-01 00:02:38.986 [main] WARN  [N/A] [N/A] o.f.c.i.database.base.Database - Flyway upgrade recommended: PostgreSQL 18.1 is newer than this version of Flyway and support has not been tested. The latest supported version of PostgreSQL is 16.
2026-09-01 00:02:38.987 [main] DEBUG [N/A] [N/A] o.f.c.i.c.SqlScriptCallbackFactory - Scanning for SQL callbacks ...
2026-09-01 00:02:38.997 [main] DEBUG [N/A] [N/A] o.f.core.internal.command.DbValidate - Validating migrations ...
2026-09-01 00:02:39.000 [main] DEBUG [N/A] [N/A] o.f.c.a.c.ClassicConfiguration - CherryPickConfigurationExtension not found
2026-09-01 00:02:39.009 [main] DEBUG [N/A] [N/A] o.f.core.internal.scanner.Scanner - Filtering out resource: db/migration/V2__create_photo_table.sql (filename: V2__create_photo_table.sql)
2026-09-01 00:02:39.009 [main] DEBUG [N/A] [N/A] o.f.core.internal.scanner.Scanner - Filtering out resource: db/migration/V1__create_users_table.sql (filename: V1__create_users_table.sql)
2026-09-01 00:02:39.009 [main] DEBUG [N/A] [N/A] o.f.core.internal.scanner.Scanner - Filtering out resource: db/migration/V4__add_index.sql (filename: V4__add_index.sql)
2026-09-01 00:02:39.010 [main] DEBUG [N/A] [N/A] o.f.core.internal.scanner.Scanner - Filtering out resource: db/migration/V3__create_analysis_table.sql (filename: V3__create_analysis_table.sql)
2026-09-01 00:02:39.011 [main] DEBUG [N/A] [N/A] o.f.core.internal.scanner.Scanner - Filtering out resource: db/migration/V2__create_photo_table.sql (filename: V2__create_photo_table.sql)
2026-09-01 00:02:39.012 [main] DEBUG [N/A] [N/A] o.f.core.internal.scanner.Scanner - Filtering out resource: db/migration/V1__create_users_table.sql (filename: V1__create_users_table.sql)
2026-09-01 00:02:39.013 [main] DEBUG [N/A] [N/A] o.f.core.internal.scanner.Scanner - Filtering out resource: db/migration/V4__add_index.sql (filename: V4__add_index.sql)
2026-09-01 00:02:39.014 [main] DEBUG [N/A] [N/A] o.f.core.internal.scanner.Scanner - Filtering out resource: db/migration/V3__create_analysis_table.sql (filename: V3__create_analysis_table.sql)
2026-09-01 00:02:39.041 [main] INFO  [N/A] [N/A] o.f.core.internal.command.DbValidate - Successfully validated 4 migrations (execution time 00:00.043s)
2026-09-01 00:02:39.044 [main] DEBUG [N/A] [N/A] o.f.core.internal.command.DbSchemas - Skipping creation of existing schema: "public"
2026-09-01 00:02:39.235 [main] DEBUG [N/A] [N/A] o.f.c.a.c.ClassicConfiguration - CherryPickConfigurationExtension not found
2026-09-01 00:02:39.238 [main] INFO  [N/A] [N/A] o.f.core.internal.command.DbMigrate - Current version of schema "public": 4
2026-09-01 00:02:39.240 [main] INFO  [N/A] [N/A] o.f.core.internal.command.DbMigrate - Schema "public" is up to date. No migration necessary.
2026-09-01 00:02:39.246 [main] DEBUG [N/A] [N/A] org.flywaydb.core.FlywayExecutor - Memory usage: 45 of 82M
2026-09-01 00:02:39.297 [main] DEBUG [N/A] [N/A] o.s.jdbc.datasource.DataSourceUtils - Fetching JDBC Connection from DataSource
2026-09-01 00:02:39.328 [main] INFO  [N/A] [N/A] o.h.jpa.internal.util.LogHelper - HHH000204: Processing PersistenceUnitInfo [name: default]
2026-09-01 00:02:39.374 [main] INFO  [N/A] [N/A] org.hibernate.Version - HHH000412: Hibernate ORM core version 6.2.25.Final
2026-09-01 00:02:39.376 [main] INFO  [N/A] [N/A] org.hibernate.cfg.Environment - HHH000406: Using bytecode reflection optimizer
2026-09-01 00:02:39.726 [main] INFO  [N/A] [N/A] o.s.o.j.p.SpringPersistenceUnitInfo - No LoadTimeWeaver setup: ignoring JPA class transformer
2026-09-01 00:02:40.753 [main] INFO  [N/A] [N/A] o.h.e.t.j.p.i.JtaPlatformInitiator - HHH000489: No JTA platform available (set 'hibernate.transaction.jta.platform' to enable JTA platform integration)
2026-09-01 00:02:40.759 [main] INFO  [N/A] [N/A] o.s.o.j.LocalContainerEntityManagerFactoryBean - Initialized JPA EntityManagerFactory for persistence unit 'default'
2026-09-01 00:02:40.913 [main] INFO  [N/A] [N/A] o.s.d.j.r.query.QueryEnhancerFactory - Hibernate is in classpath; If applicable, HQL parser will be used.
2026-09-01 00:02:41.656 [main] DEBUG [N/A] [N/A] r.s.s.s.filter.RateLimiterFilter - Filter 'rateLimiterFilter' configured for use
2026-09-01 00:02:41.657 [main] DEBUG [N/A] [N/A] r.s.skinscan.config.MdcLoggingFilter - Filter 'mdcLoggingFilter' configured for use
2026-09-01 00:02:41.741 [main] INFO  [N/A] [N/A] r.s.s.d.s.LocalFileStorageService - Инициализация локального хранилища фотографий с начальным путем: C:\Users\ferdi/data/uploads
2026-09-01 00:02:41.743 [main] INFO  [N/A] [N/A] r.s.s.d.s.LocalFileStorageService - Инициализация локального хранилища фотографий успешна завершена!
2026-09-01 00:02:41.798 [main] INFO  [N/A] [N/A] r.s.skinscan.config.AsyncConfig - Photo Task Executor запущен: базовое кол-во потоков=5, максимальное кол-во потоков=10, размер очереди ожидания=100
2026-09-01 00:02:41.801 [main] INFO  [N/A] [N/A] r.s.skinscan.config.AsyncConfig - Recovery Task Executor запущен
2026-09-01 00:02:41.924 [main] WARN  [N/A] [N/A] o.s.b.a.o.j.JpaBaseConfiguration$JpaWebConfiguration - spring.jpa.open-in-view is enabled by default. Therefore, database queries may be performed during view rendering. Explicitly configure spring.jpa.open-in-view to disable this warning
2026-09-01 00:02:41.938 [main] DEBUG [N/A] [N/A] o.s.s.c.a.a.c.AuthenticationConfiguration$DefaultPasswordEncoderAuthenticationManagerBuilder - No authenticationProviders and no parentAuthenticationManager defined. Returning null.
2026-09-01 00:02:42.208 [main] INFO  [N/A] [N/A] o.s.s.web.DefaultSecurityFilterChain - Will secure any request with [org.springframework.security.web.session.DisableEncodeUrlFilter@5926f291, org.springframework.security.web.context.request.async.WebAsyncManagerIntegrationFilter@5f0c04d2, org.springframework.security.web.context.SecurityContextHolderFilter@5aa0d535, org.springframework.security.web.header.HeaderWriterFilter@35266985, org.springframework.web.filter.CorsFilter@4ff1f872, org.springframework.security.web.authentication.logout.LogoutFilter@40f88929, ru.startup.skinscan.security.filter.RateLimiterFilter@43851574, org.springframework.security.web.authentication.www.BasicAuthenticationFilter@d2161b6, org.springframework.security.web.savedrequest.RequestCacheAwareFilter@76334a3a, org.springframework.security.web.servletapi.SecurityContextHolderAwareRequestFilter@b31cd6b, org.springframework.security.web.authentication.AnonymousAuthenticationFilter@7c3920a7, org.springframework.security.web.session.SessionManagementFilter@68c9cf93, org.springframework.security.web.access.ExceptionTranslationFilter@1082883b, org.springframework.security.web.access.intercept.AuthorizationFilter@9223122]
2026-09-01 00:02:42.511 [main] INFO  [N/A] [N/A] o.a.coyote.http11.Http11NioProtocol - Starting ProtocolHandler ["http-nio-8080"]
2026-09-01 00:02:42.528 [main] INFO  [N/A] [N/A] o.s.b.w.e.tomcat.TomcatWebServer - Tomcat started on port(s): 8080 (http) with context path ''
2026-09-01 00:02:42.540 [main] INFO  [N/A] [N/A] ru.startup.skinscan.Main - Started Main in 6.383 seconds (process running for 7.348)
2026-09-01 00:02:42.548 [scheduling-1] DEBUG [N/A] [N/A] r.s.s.s.PhotoRecoveryScheduler - Запуск проверки и обработки зависших фотографий
2026-09-01 00:02:42.622 [scheduling-1] DEBUG [N/A] [N/A] org.hibernate.SQL - 
    select
        p1_0.id,
        p1_0.created_at,
        p1_0.file_name,
        p1_0.file_size_bytes,
        p1_0.mime_type,
        p1_0.status,
        p1_0.storage_file_path,
        p1_0.updated_at,
        p1_0.user_id 
    from
        photo p1_0 
    where
        p1_0.status=? 
        and p1_0.created_at<cast(? as timestamp(6) with time zone)
2026-09-01 00:02:42.630 [scheduling-1] DEBUG [N/A] [N/A] r.s.s.s.PhotoRecoveryScheduler - Зависшие фотографии не найдены
2026-09-01 00:02:44.784 [http-nio-8080-exec-1] INFO  [N/A] [N/A] o.a.c.c.C.[Tomcat].[localhost].[/] - Initializing Spring DispatcherServlet 'dispatcherServlet'
2026-09-01 00:02:44.785 [http-nio-8080-exec-1] INFO  [N/A] [N/A] o.s.web.servlet.DispatcherServlet - Initializing Servlet 'dispatcherServlet'
2026-09-01 00:02:44.786 [http-nio-8080-exec-1] INFO  [N/A] [N/A] o.s.web.servlet.DispatcherServlet - Completed initialization in 1 ms
2026-09-01 00:02:44.805 [http-nio-8080-exec-1] DEBUG [N/A] [N/A] o.s.security.web.FilterChainProxy - Securing POST /skinScan/photos/upload
2026-09-01 00:02:44.854 [http-nio-8080-exec-1] DEBUG [N/A] [N/A] org.hibernate.SQL - 
    select
        u1_0.id,
        u1_0.created_at,
        u1_0.email,
        u1_0.login,
        u1_0.password,
        u1_0.phone,
        u1_0.updated_at 
    from
        users u1_0 
    where
        u1_0.login=?
2026-09-01 00:02:45.481 [http-nio-8080-exec-1] DEBUG [N/A] [N/A] org.hibernate.SQL - 
    select
        u1_0.id 
    from
        users u1_0 
    where
        u1_0.login=?
2026-09-01 00:02:45.914 [http-nio-8080-exec-1] INFO  [N/A] [N/A] r.s.s.s.s.CustomUserDetailsService - Поиск пользователя с логином: Andrey600
2026-09-01 00:02:45.918 [http-nio-8080-exec-1] DEBUG [N/A] [N/A] org.hibernate.SQL - 
    select
        u1_0.id,
        u1_0.created_at,
        u1_0.email,
        u1_0.login,
        u1_0.password,
        u1_0.phone,
        u1_0.updated_at 
    from
        users u1_0 
    where
        u1_0.login=?
2026-09-01 00:02:45.920 [http-nio-8080-exec-1] INFO  [N/A] [N/A] r.s.s.s.s.CustomUserDetailsService - Найден пользователь: Andrey600, пароль: $2a$12$82L1ISHBmtE5Mz8Sna4Kr.OxWw0qFyPc2rdTy8Pr6YSNBBPgoLaiK
2026-09-01 00:02:46.434 [http-nio-8080-exec-1] DEBUG [N/A] [N/A] o.s.s.a.d.DaoAuthenticationProvider - Authenticated user
2026-09-01 00:02:46.434 [http-nio-8080-exec-1] DEBUG [N/A] [N/A] o.s.s.w.a.w.BasicAuthenticationFilter - Set SecurityContextHolder to UsernamePasswordAuthenticationToken [Principal=org.springframework.security.core.userdetails.User [Username=Andrey600, Password=[PROTECTED], Enabled=true, AccountNonExpired=true, credentialsNonExpired=true, AccountNonLocked=true, Granted Authorities=[]], Credentials=[PROTECTED], Authenticated=true, Details=WebAuthenticationDetails [RemoteIpAddress=127.0.0.1, SessionId=null], Granted Authorities=[]]
2026-09-01 00:02:46.437 [http-nio-8080-exec-1] DEBUG [N/A] [N/A] o.s.security.web.FilterChainProxy - Secured POST /skinScan/photos/upload
2026-09-01 00:02:46.553 [http-nio-8080-exec-1] DEBUG [f611b3d1-2d01-48cd-881f-b209a8c6fc72] [NO_SESSION] r.s.s.d.s.LocalFileStorageService - Файл сохранится в директории: C:\Users\ferdi\data\uploads\805dc\2026\09\77f987a5-da4f-46f4-8c49-d721e99436c8.jpg, с временной директорией: C:\Users\ferdi\data\uploads\805dc\2026\09\temp\.77f987a5-da4f-46f4-8c49-d721e99436c8.jpg.tmp
2026-09-01 00:02:46.561 [http-nio-8080-exec-1] INFO  [f611b3d1-2d01-48cd-881f-b209a8c6fc72] [NO_SESSION] r.s.s.d.s.LocalFileStorageService - Файл успешно сохранен: 805dc/2026/09/77f987a5-da4f-46f4-8c49-d721e99436c8.jpg, с размером: 33095 байт
2026-09-01 00:02:46.561 [http-nio-8080-exec-1] INFO  [f611b3d1-2d01-48cd-881f-b209a8c6fc72] [NO_SESSION] r.s.s.d.service.PhotoServiceImpl - Фото сохранено в хранилище
2026-09-01 00:02:46.580 [http-nio-8080-exec-1] DEBUG [f611b3d1-2d01-48cd-881f-b209a8c6fc72] [NO_SESSION] org.hibernate.SQL - 
    select
        p1_0.id,
        p1_0.created_at,
        p1_0.file_name,
        p1_0.file_size_bytes,
        p1_0.mime_type,
        p1_0.status,
        p1_0.storage_file_path,
        p1_0.updated_at,
        p1_0.user_id 
    from
        photo p1_0 
    where
        p1_0.id=?
2026-09-01 00:02:46.600 [http-nio-8080-exec-1] INFO  [f611b3d1-2d01-48cd-881f-b209a8c6fc72] [NO_SESSION] r.s.s.d.service.PhotoServiceImpl - Метаданные фото fd62f536-3cd3-46b5-ad2d-db9c9a62f482 сохранены в БД
2026-09-01 00:02:46.604 [http-nio-8080-exec-1] INFO  [f611b3d1-2d01-48cd-881f-b209a8c6fc72] [NO_SESSION] r.s.s.d.service.PhotoServiceImpl - Запуск асинхронной обработки фото fd62f536-3cd3-46b5-ad2d-db9c9a62f482
2026-09-01 00:02:46.605 [PhotoProcessor-1] INFO  [N/A] [N/A] r.s.s.d.s.AsyncPhotoProcessingExecutor - Запущен асинхронный процесс с фото: fd62f536-3cd3-46b5-ad2d-db9c9a62f482, пользователя: 64641147-39de-45f8-a11f-7f57eb2805dc
2026-09-01 00:02:46.622 [http-nio-8080-exec-1] DEBUG [f611b3d1-2d01-48cd-881f-b209a8c6fc72] [NO_SESSION] org.hibernate.SQL - 
    insert 
    into
        photo
        (created_at,file_name,file_size_bytes,mime_type,status,storage_file_path,updated_at,user_id,id) 
    values
        (?,?,?,?,?,?,?,?,?)
2026-09-01 00:02:47.615 [PhotoProcessor-1] DEBUG [N/A] [N/A] o.s.jdbc.datasource.DataSourceUtils - Setting JDBC Connection [HikariProxyConnection@595770458 wrapping org.postgresql.jdbc.PgConnection@ca7e37f] read-only
2026-09-01 00:02:47.621 [PhotoProcessor-1] DEBUG [N/A] [N/A] org.hibernate.SQL - 
    select
        p1_0.id,
        p1_0.created_at,
        p1_0.file_name,
        p1_0.file_size_bytes,
        p1_0.mime_type,
        p1_0.status,
        p1_0.storage_file_path,
        p1_0.updated_at,
        p1_0.user_id 
    from
        photo p1_0 
    where
        p1_0.id=?
2026-09-01 00:02:47.625 [PhotoProcessor-1] DEBUG [N/A] [N/A] o.s.jdbc.datasource.DataSourceUtils - Resetting read-only flag of JDBC Connection [HikariProxyConnection@595770458 wrapping org.postgresql.jdbc.PgConnection@ca7e37f]
2026-09-01 00:02:47.637 [PhotoProcessor-1] DEBUG [N/A] [N/A] org.hibernate.SQL - 
    update
        photo 
    set
        status=?,
        updated_at=cast(? as timestamp(6) with time zone) 
    where
        id=?
2026-09-01 00:02:47.639 [PhotoProcessor-1] INFO  [N/A] [N/A] r.s.s.d.s.AsyncPhotoProcessingExecutor - Сменен статус фото fd62f536-3cd3-46b5-ad2d-db9c9a62f482 на PROCESSING
2026-09-01 00:02:47.642 [PhotoProcessor-1] DEBUG [N/A] [N/A] org.hibernate.SQL - 
    select
        a1_0.id,
        a1_0.completed_at,
        a1_0.photo_id,
        a1_0.requested_at,
        a1_0.result,
        a1_0.status 
    from
        analysis a1_0 
    where
        a1_0.id=?
2026-09-01 00:02:47.646 [PhotoProcessor-1] DEBUG [N/A] [N/A] org.hibernate.SQL - 
    insert 
    into
        analysis
        (completed_at,photo_id,requested_at,result,status,id) 
    values
        (?,?,?,?,?,?)
2026-09-01 00:02:47.651 [PhotoProcessor-1] WARN  [N/A] [N/A] o.h.e.jdbc.spi.SqlExceptionHelper - SQL Error: 0, SQLState: 42804
2026-09-01 00:02:47.651 [PhotoProcessor-1] ERROR [N/A] [N/A] o.h.e.jdbc.spi.SqlExceptionHelper - ОШИБКА: столбец "result" имеет тип jsonb, а выражение - bytea
  Подсказка: Перепишите выражение или преобразуйте его тип.
  Позиция: 93
2026-09-01 00:02:47.660 [PhotoProcessor-1] DEBUG [N/A] [N/A] org.hibernate.SQL - 
    select
        p1_0.id 
    from
        photo p1_0 
    where
        p1_0.file_name=?
2026-09-01 00:02:47.661 [PhotoProcessor-1] ERROR [N/A] [N/A] r.s.s.d.s.AsyncPhotoProcessingExecutor - В процессе обработки фото fd62f536-3cd3-46b5-ad2d-db9c9a62f482 возникла неизвестная ошибка: 
org.springframework.dao.InvalidDataAccessResourceUsageException: could not execute statement [ОШИБКА: столбец "result" имеет тип jsonb, а выражение - bytea
  Подсказка: Перепишите выражение или преобразуйте его тип.
  Позиция: 93] [insert into analysis (completed_at,photo_id,requested_at,result,status,id) values (?,?,?,?,?,?)]; SQL [insert into analysis (completed_at,photo_id,requested_at,result,status,id) values (?,?,?,?,?,?)]
	at org.springframework.orm.jpa.vendor.HibernateJpaDialect.convertHibernateAccessException(HibernateJpaDialect.java:256)
	at org.springframework.orm.jpa.vendor.HibernateJpaDialect.translateExceptionIfPossible(HibernateJpaDialect.java:229)
	at org.springframework.orm.jpa.JpaTransactionManager.doCommit(JpaTransactionManager.java:565)
	at org.springframework.transaction.support.AbstractPlatformTransactionManager.processCommit(AbstractPlatformTransactionManager.java:744)
	at org.springframework.transaction.support.AbstractPlatformTransactionManager.commit(AbstractPlatformTransactionManager.java:712)
	at org.springframework.transaction.interceptor.TransactionAspectSupport.commitTransactionAfterReturning(TransactionAspectSupport.java:660)
	at org.springframework.transaction.interceptor.TransactionAspectSupport.invokeWithinTransaction(TransactionAspectSupport.java:410)
	at org.springframework.transaction.interceptor.TransactionInterceptor.invoke(TransactionInterceptor.java:119)
	at org.springframework.aop.framework.ReflectiveMethodInvocation.proceed(ReflectiveMethodInvocation.java:184)
	at org.springframework.dao.support.PersistenceExceptionTranslationInterceptor.invoke(PersistenceExceptionTranslationInterceptor.java:137)
	at org.springframework.aop.framework.ReflectiveMethodInvocation.proceed(ReflectiveMethodInvocation.java:184)
	at org.springframework.data.jpa.repository.support.CrudMethodMetadataPostProcessor$CrudMethodMetadataPopulatingMethodInterceptor.invoke(CrudMethodMetadataPostProcessor.java:164)
	at org.springframework.aop.framework.ReflectiveMethodInvocation.proceed(ReflectiveMethodInvocation.java:184)
	at org.springframework.aop.interceptor.ExposeInvocationInterceptor.invoke(ExposeInvocationInterceptor.java:97)
	at org.springframework.aop.framework.ReflectiveMethodInvocation.proceed(ReflectiveMethodInvocation.java:184)
	at org.springframework.aop.framework.JdkDynamicAopProxy.invoke(JdkDynamicAopProxy.java:244)
	at jdk.proxy2/jdk.proxy2.$Proxy147.save(Unknown Source)
	at ru.startup.skinscan.domain.service.AsyncPhotoProcessingExecutor.processPhoto(AsyncPhotoProcessingExecutor.java:82)
	at java.base/jdk.internal.reflect.DirectMethodHandleAccessor.invoke(DirectMethodHandleAccessor.java:103)
	at java.base/java.lang.reflect.Method.invoke(Method.java:580)
	at org.springframework.aop.support.AopUtils.invokeJoinpointUsingReflection(AopUtils.java:343)
	at org.springframework.aop.framework.ReflectiveMethodInvocation.invokeJoinpoint(ReflectiveMethodInvocation.java:196)
	at org.springframework.aop.framework.ReflectiveMethodInvocation.proceed(ReflectiveMethodInvocation.java:163)
	at org.springframework.aop.interceptor.AsyncExecutionInterceptor.lambda$invoke$0(AsyncExecutionInterceptor.java:115)
	at java.base/java.util.concurrent.FutureTask.run(FutureTask.java:317)
	at java.base/java.util.concurrent.ThreadPoolExecutor.runWorker(ThreadPoolExecutor.java:1144)
	at java.base/java.util.concurrent.ThreadPoolExecutor$Worker.run(ThreadPoolExecutor.java:642)
	at java.base/java.lang.Thread.run(Thread.java:1583)
Caused by: org.hibernate.exception.SQLGrammarException: could not execute statement [ОШИБКА: столбец "result" имеет тип jsonb, а выражение - bytea
  Подсказка: Перепишите выражение или преобразуйте его тип.
  Позиция: 93] [insert into analysis (completed_at,photo_id,requested_at,result,status,id) values (?,?,?,?,?,?)]
	at org.hibernate.exception.internal.SQLStateConversionDelegate.convert(SQLStateConversionDelegate.java:89)
	at org.hibernate.exception.internal.StandardSQLExceptionConverter.convert(StandardSQLExceptionConverter.java:56)
	at org.hibernate.engine.jdbc.spi.SqlExceptionHelper.convert(SqlExceptionHelper.java:108)
	at org.hibernate.engine.jdbc.internal.ResultSetReturnImpl.executeUpdate(ResultSetReturnImpl.java:278)
	at org.hibernate.engine.jdbc.mutation.internal.AbstractMutationExecutor.performNonBatchedMutation(AbstractMutationExecutor.java:107)
	at org.hibernate.engine.jdbc.mutation.internal.MutationExecutorSingleNonBatched.performNonBatchedOperations(MutationExecutorSingleNonBatched.java:40)
	at org.hibernate.engine.jdbc.mutation.internal.AbstractMutationExecutor.execute(AbstractMutationExecutor.java:52)
	at org.hibernate.persister.entity.mutation.InsertCoordinator.doStaticInserts(InsertCoordinator.java:171)
	at org.hibernate.persister.entity.mutation.InsertCoordinator.coordinateInsert(InsertCoordinator.java:112)
	at org.hibernate.persister.entity.AbstractEntityPersister.insert(AbstractEntityPersister.java:2790)
	at org.hibernate.action.internal.EntityInsertAction.execute(EntityInsertAction.java:102)
	at org.hibernate.engine.spi.ActionQueue.executeActions(ActionQueue.java:635)
	at org.hibernate.engine.spi.ActionQueue.executeActions(ActionQueue.java:502)
	at org.hibernate.event.internal.AbstractFlushingEventListener.performExecutions(AbstractFlushingEventListener.java:364)
	at org.hibernate.event.internal.DefaultFlushEventListener.onFlush(DefaultFlushEventListener.java:39)
	at org.hibernate.event.service.internal.EventListenerGroupImpl.fireEventOnEachListener(EventListenerGroupImpl.java:127)
	at org.hibernate.internal.SessionImpl.doFlush(SessionImpl.java:1412)
	at org.hibernate.internal.SessionImpl.managedFlush(SessionImpl.java:485)
	at org.hibernate.internal.SessionImpl.flushBeforeTransactionCompletion(SessionImpl.java:2301)
	at org.hibernate.internal.SessionImpl.beforeTransactionCompletion(SessionImpl.java:1966)
	at org.hibernate.engine.jdbc.internal.JdbcCoordinatorImpl.beforeTransactionCompletion(JdbcCoordinatorImpl.java:439)
	at org.hibernate.resource.transaction.backend.jdbc.internal.JdbcResourceLocalTransactionCoordinatorImpl.beforeCompletionCallback(JdbcResourceLocalTransactionCoordinatorImpl.java:169)
	at org.hibernate.resource.transaction.backend.jdbc.internal.JdbcResourceLocalTransactionCoordinatorImpl$TransactionDriverControlImpl.commit(JdbcResourceLocalTransactionCoordinatorImpl.java:267)
	at org.hibernate.engine.transaction.internal.TransactionImpl.commit(TransactionImpl.java:101)
	at org.springframework.orm.jpa.JpaTransactionManager.doCommit(JpaTransactionManager.java:561)
	... 25 common frames omitted
Caused by: org.postgresql.util.PSQLException: ОШИБКА: столбец "result" имеет тип jsonb, а выражение - bytea
  Подсказка: Перепишите выражение или преобразуйте его тип.
  Позиция: 93
	at org.postgresql.core.v3.QueryExecutorImpl.receiveErrorResponse(QueryExecutorImpl.java:2904)
	at org.postgresql.core.v3.QueryExecutorImpl.processResults(QueryExecutorImpl.java:2589)
	at org.postgresql.core.v3.QueryExecutorImpl.execute(QueryExecutorImpl.java:431)
	at org.postgresql.jdbc.PgStatement.executeInternal(PgStatement.java:534)
	at org.postgresql.jdbc.PgStatement.execute(PgStatement.java:437)
	at org.postgresql.jdbc.PgPreparedStatement.executeWithFlags(PgPreparedStatement.java:196)
	at org.postgresql.jdbc.PgPreparedStatement.executeUpdate(PgPreparedStatement.java:157)
	at com.zaxxer.hikari.pool.ProxyPreparedStatement.executeUpdate(ProxyPreparedStatement.java:61)
	at com.zaxxer.hikari.pool.HikariProxyPreparedStatement.executeUpdate(HikariProxyPreparedStatement.java)
	at org.hibernate.engine.jdbc.internal.ResultSetReturnImpl.executeUpdate(ResultSetReturnImpl.java:275)
	... 46 common frames omitted
2026-09-01 00:02:47.668 [PhotoProcessor-1] DEBUG [N/A] [N/A] org.hibernate.SQL - 
    update
        photo 
    set
        status=?,
        updated_at=cast(? as timestamp(6) with time zone) 
    where
        id=?
2026-09-01 00:02:47.672 [PhotoProcessor-1] DEBUG [N/A] [N/A] org.hibernate.SQL - 
    select
        a1_0.id,
        a1_0.completed_at,
        a1_0.photo_id,
        a1_0.requested_at,
        a1_0.result,
        a1_0.status 
    from
        analysis a1_0 
    where
        a1_0.photo_id=?
2026-09-01 00:02:47.673 [PhotoProcessor-1] ERROR [N/A] [N/A] r.s.s.d.s.AsyncPhotoProcessingExecutor - Ошибка обработчика общих ошибок для фото: fd62f536-3cd3-46b5-ad2d-db9c9a62f482
java.util.NoSuchElementException: No value present
	at java.base/java.util.Optional.get(Optional.java:143)
	at ru.startup.skinscan.domain.service.AsyncPhotoProcessingExecutor.handleGeneralError(AsyncPhotoProcessingExecutor.java:199)
	at ru.startup.skinscan.domain.service.AsyncPhotoProcessingExecutor.processPhoto(AsyncPhotoProcessingExecutor.java:142)
	at java.base/jdk.internal.reflect.DirectMethodHandleAccessor.invoke(DirectMethodHandleAccessor.java:103)
	at java.base/java.lang.reflect.Method.invoke(Method.java:580)
	at org.springframework.aop.support.AopUtils.invokeJoinpointUsingReflection(AopUtils.java:343)
	at org.springframework.aop.framework.ReflectiveMethodInvocation.invokeJoinpoint(ReflectiveMethodInvocation.java:196)
	at org.springframework.aop.framework.ReflectiveMethodInvocation.proceed(ReflectiveMethodInvocation.java:163)
	at org.springframework.aop.interceptor.AsyncExecutionInterceptor.lambda$invoke$0(AsyncExecutionInterceptor.java:115)
	at java.base/java.util.concurrent.FutureTask.run(FutureTask.java:317)
	at java.base/java.util.concurrent.ThreadPoolExecutor.runWorker(ThreadPoolExecutor.java:1144)
	at java.base/java.util.concurrent.ThreadPoolExecutor$Worker.run(ThreadPoolExecutor.java:642)
	at java.base/java.lang.Thread.run(Thread.java:1583)
2026-09-01 00:02:50.444 [SpringApplicationShutdownHook] INFO  [N/A] [N/A] o.s.o.j.LocalContainerEntityManagerFactoryBean - Closing JPA EntityManagerFactory for persistence unit 'default'
2026-09-01 00:02:50.446 [SpringApplicationShutdownHook] INFO  [N/A] [N/A] com.zaxxer.hikari.HikariDataSource - HikariPool-1 - Shutdown initiated...
2026-09-01 00:02:50.452 [SpringApplicationShutdownHook] INFO  [N/A] [N/A] com.zaxxer.hikari.HikariDataSource - HikariPool-1 - Shutdown completed.
2026-09-01 00:05:46.146 [background-preinit] INFO  [N/A] [N/A] o.h.validator.internal.util.Version - HV000001: Hibernate Validator 8.0.1.Final
2026-09-01 00:05:46.249 [main] INFO  [N/A] [N/A] ru.startup.skinscan.Main - Starting Main using Java 21.0.10 with PID 18884 (C:\Users\ferdi\IdeaProjects\SkinScan\build\classes\java\main started by ferdi in C:\Users\ferdi\IdeaProjects\SkinScan)
2026-09-01 00:05:46.250 [main] DEBUG [N/A] [N/A] ru.startup.skinscan.Main - Running with Spring Boot v3.1.12, Spring v6.0.21
2026-09-01 00:05:46.252 [main] INFO  [N/A] [N/A] ru.startup.skinscan.Main - The following 1 profile is active: "local"
2026-09-01 00:05:47.880 [main] INFO  [N/A] [N/A] o.s.d.r.c.RepositoryConfigurationDelegate - Bootstrapping Spring Data JPA repositories in DEFAULT mode.
2026-09-01 00:05:48.004 [main] INFO  [N/A] [N/A] o.s.d.r.c.RepositoryConfigurationDelegate - Finished Spring Data repository scanning in 106 ms. Found 3 JPA repository interfaces.
2026-09-01 00:05:48.502 [main] INFO  [N/A] [N/A] o.s.b.w.e.tomcat.TomcatWebServer - Tomcat initialized with port(s): 8080 (http)
2026-09-01 00:05:48.509 [main] INFO  [N/A] [N/A] o.a.coyote.http11.Http11NioProtocol - Initializing ProtocolHandler ["http-nio-8080"]
2026-09-01 00:05:48.510 [main] INFO  [N/A] [N/A] o.a.catalina.core.StandardService - Starting service [Tomcat]
2026-09-01 00:05:48.511 [main] INFO  [N/A] [N/A] o.a.catalina.core.StandardEngine - Starting Servlet engine: [Apache Tomcat/10.1.24]
2026-09-01 00:05:48.615 [main] INFO  [N/A] [N/A] o.a.c.c.C.[Tomcat].[localhost].[/] - Initializing Spring embedded WebApplicationContext
2026-09-01 00:05:48.616 [main] INFO  [N/A] [N/A] o.s.b.w.s.c.ServletWebServerApplicationContext - Root WebApplicationContext: initialization completed in 2270 ms
2026-09-01 00:05:48.632 [main] INFO  [N/A] [N/A] r.s.s.s.r.RateLimiterInMemory - RateLimiter инициализирован с интервалом очистки: 300с
2026-09-01 00:05:48.828 [main] DEBUG [N/A] [N/A] o.f.c.i.s.classpath.ClassPathScanner - Scanning for classpath resources at 'classpath:db/callback' ...
2026-09-01 00:05:48.828 [main] DEBUG [N/A] [N/A] o.f.c.i.s.classpath.ClassPathScanner - Determining location urls for classpath:db/callback using ClassLoader TomcatEmbeddedWebappClassLoader
  context: ROOT
  delegate: true
----------> Parent Classloader:
jdk.internal.loader.ClassLoaders$AppClassLoader@3fee733d
 ...
2026-09-01 00:05:48.829 [main] DEBUG [N/A] [N/A] o.f.c.i.s.classpath.ClassPathScanner - Unable to resolve location classpath:db/callback.
2026-09-01 00:05:48.829 [main] DEBUG [N/A] [N/A] o.f.c.i.s.classpath.ClassPathScanner - Scanning for classpath resources at 'classpath:db/migration' ...
2026-09-01 00:05:48.829 [main] DEBUG [N/A] [N/A] o.f.c.i.s.classpath.ClassPathScanner - Determining location urls for classpath:db/migration using ClassLoader TomcatEmbeddedWebappClassLoader
  context: ROOT
  delegate: true
----------> Parent Classloader:
jdk.internal.loader.ClassLoaders$AppClassLoader@3fee733d
 ...
2026-09-01 00:05:48.829 [main] DEBUG [N/A] [N/A] o.f.c.i.s.classpath.ClassPathScanner - Scanning URL: file:/C:/Users/ferdi/IdeaProjects/SkinScan/build/resources/main/db/migration
2026-09-01 00:05:48.832 [main] DEBUG [N/A] [N/A] o.f.c.i.s.c.FileSystemClassPathLocationScanner - Scanning starting at classpath root in filesystem: C:\Users\ferdi\IdeaProjects\SkinScan\build\resources\main\
2026-09-01 00:05:48.832 [main] DEBUG [N/A] [N/A] o.f.c.i.s.c.FileSystemClassPathLocationScanner - Scanning for resources in path: C:\Users\ferdi\IdeaProjects\SkinScan\build\resources\main\db\migration (db/migration)
2026-09-01 00:05:48.833 [main] DEBUG [N/A] [N/A] o.f.c.i.s.classpath.ClassPathScanner - Found resource: db/migration/V1__create_users_table.sql
2026-09-01 00:05:48.834 [main] DEBUG [N/A] [N/A] o.f.c.i.s.classpath.ClassPathScanner - Found resource: db/migration/V2__create_photo_table.sql
2026-09-01 00:05:48.834 [main] DEBUG [N/A] [N/A] o.f.c.i.s.classpath.ClassPathScanner - Found resource: db/migration/V3__create_analysis_table.sql
2026-09-01 00:05:48.834 [main] DEBUG [N/A] [N/A] o.f.c.i.s.classpath.ClassPathScanner - Found resource: db/migration/V4__add_index.sql
2026-09-01 00:05:48.834 [main] DEBUG [N/A] [N/A] o.f.c.i.s.classpath.ClassPathScanner - Scanning for classes at classpath:db/migration
2026-09-01 00:05:48.836 [main] DEBUG [N/A] [N/A] o.f.c.i.r.ResourceNameValidator - Validating V2__create_photo_table.sql
2026-09-01 00:05:48.840 [main] INFO  [N/A] [N/A] com.zaxxer.hikari.HikariDataSource - HikariPool-1 - Starting...
2026-09-01 00:05:49.000 [main] INFO  [N/A] [N/A] com.zaxxer.hikari.pool.HikariPool - HikariPool-1 - Added connection org.postgresql.jdbc.PgConnection@7f0766ef
2026-09-01 00:05:49.003 [main] INFO  [N/A] [N/A] com.zaxxer.hikari.HikariDataSource - HikariPool-1 - Start completed.
2026-09-01 00:05:49.046 [main] DEBUG [N/A] [N/A] o.f.c.i.r.ResourceNameValidator - Validating V1__create_users_table.sql
2026-09-01 00:05:49.047 [main] DEBUG [N/A] [N/A] o.f.c.i.r.ResourceNameValidator - Validating V4__add_index.sql
2026-09-01 00:05:49.048 [main] DEBUG [N/A] [N/A] o.f.c.i.r.ResourceNameValidator - Validating V3__create_analysis_table.sql
2026-09-01 00:05:49.060 [main] DEBUG [N/A] [N/A] o.f.c.i.d.DatabaseTypeRegister - Multiple databases found that handle url 'jdbc:postgresql://localhost:5432/skinScan': CockroachDB,PostgreSQL
2026-09-01 00:05:49.060 [main] INFO  [N/A] [N/A] org.flywaydb.core.FlywayExecutor - Database: jdbc:postgresql://localhost:5432/skinScan (PostgreSQL 18.1)
2026-09-01 00:05:49.060 [main] DEBUG [N/A] [N/A] org.flywaydb.core.FlywayExecutor - Database Type: PostgreSQL
2026-09-01 00:05:49.060 [main] DEBUG [N/A] [N/A] org.flywaydb.core.FlywayExecutor - Driver: PostgreSQL JDBC Driver 42.7.11
2026-09-01 00:05:49.061 [main] DEBUG [N/A] [N/A] org.flywaydb.core.FlywayExecutor - DDL Transactions Supported: true
2026-09-01 00:05:49.063 [main] DEBUG [N/A] [N/A] o.f.c.i.s.SchemaHistoryFactory - Schemas: 
2026-09-01 00:05:49.063 [main] DEBUG [N/A] [N/A] o.f.c.i.s.SchemaHistoryFactory - Default schema: null
2026-09-01 00:05:49.075 [main] WARN  [N/A] [N/A] o.f.c.i.database.base.Database - Flyway upgrade recommended: PostgreSQL 18.1 is newer than this version of Flyway and support has not been tested. The latest supported version of PostgreSQL is 16.
2026-09-01 00:05:49.077 [main] DEBUG [N/A] [N/A] o.f.c.i.c.SqlScriptCallbackFactory - Scanning for SQL callbacks ...
2026-09-01 00:05:49.090 [main] DEBUG [N/A] [N/A] o.f.core.internal.command.DbValidate - Validating migrations ...
2026-09-01 00:05:49.095 [main] DEBUG [N/A] [N/A] o.f.c.a.c.ClassicConfiguration - CherryPickConfigurationExtension not found
2026-09-01 00:05:49.109 [main] DEBUG [N/A] [N/A] o.f.core.internal.scanner.Scanner - Filtering out resource: db/migration/V2__create_photo_table.sql (filename: V2__create_photo_table.sql)
2026-09-01 00:05:49.109 [main] DEBUG [N/A] [N/A] o.f.core.internal.scanner.Scanner - Filtering out resource: db/migration/V1__create_users_table.sql (filename: V1__create_users_table.sql)
2026-09-01 00:05:49.110 [main] DEBUG [N/A] [N/A] o.f.core.internal.scanner.Scanner - Filtering out resource: db/migration/V4__add_index.sql (filename: V4__add_index.sql)
2026-09-01 00:05:49.110 [main] DEBUG [N/A] [N/A] o.f.core.internal.scanner.Scanner - Filtering out resource: db/migration/V3__create_analysis_table.sql (filename: V3__create_analysis_table.sql)
2026-09-01 00:05:49.110 [main] DEBUG [N/A] [N/A] o.f.core.internal.scanner.Scanner - Filtering out resource: db/migration/V2__create_photo_table.sql (filename: V2__create_photo_table.sql)
2026-09-01 00:05:49.111 [main] DEBUG [N/A] [N/A] o.f.core.internal.scanner.Scanner - Filtering out resource: db/migration/V1__create_users_table.sql (filename: V1__create_users_table.sql)
2026-09-01 00:05:49.111 [main] DEBUG [N/A] [N/A] o.f.core.internal.scanner.Scanner - Filtering out resource: db/migration/V4__add_index.sql (filename: V4__add_index.sql)
2026-09-01 00:05:49.111 [main] DEBUG [N/A] [N/A] o.f.core.internal.scanner.Scanner - Filtering out resource: db/migration/V3__create_analysis_table.sql (filename: V3__create_analysis_table.sql)
2026-09-01 00:05:49.148 [main] INFO  [N/A] [N/A] o.f.core.internal.command.DbValidate - Successfully validated 4 migrations (execution time 00:00.056s)
2026-09-01 00:05:49.152 [main] DEBUG [N/A] [N/A] o.f.core.internal.command.DbSchemas - Skipping creation of existing schema: "public"
2026-09-01 00:05:49.175 [main] DEBUG [N/A] [N/A] o.f.c.a.c.ClassicConfiguration - CherryPickConfigurationExtension not found
2026-09-01 00:05:49.177 [main] INFO  [N/A] [N/A] o.f.core.internal.command.DbMigrate - Current version of schema "public": 4
2026-09-01 00:05:49.182 [main] INFO  [N/A] [N/A] o.f.core.internal.command.DbMigrate - Schema "public" is up to date. No migration necessary.
2026-09-01 00:05:49.186 [main] DEBUG [N/A] [N/A] org.flywaydb.core.FlywayExecutor - Memory usage: 42 of 80M
2026-09-01 00:05:49.233 [main] DEBUG [N/A] [N/A] o.s.jdbc.datasource.DataSourceUtils - Fetching JDBC Connection from DataSource
2026-09-01 00:05:49.264 [main] INFO  [N/A] [N/A] o.h.jpa.internal.util.LogHelper - HHH000204: Processing PersistenceUnitInfo [name: default]
2026-09-01 00:05:49.339 [main] INFO  [N/A] [N/A] org.hibernate.Version - HHH000412: Hibernate ORM core version 6.2.25.Final
2026-09-01 00:05:49.341 [main] INFO  [N/A] [N/A] org.hibernate.cfg.Environment - HHH000406: Using bytecode reflection optimizer
2026-09-01 00:05:49.710 [main] INFO  [N/A] [N/A] o.s.o.j.p.SpringPersistenceUnitInfo - No LoadTimeWeaver setup: ignoring JPA class transformer
2026-09-01 00:05:50.589 [main] INFO  [N/A] [N/A] o.h.e.t.j.p.i.JtaPlatformInitiator - HHH000489: No JTA platform available (set 'hibernate.transaction.jta.platform' to enable JTA platform integration)
2026-09-01 00:05:50.596 [main] INFO  [N/A] [N/A] o.s.o.j.LocalContainerEntityManagerFactoryBean - Initialized JPA EntityManagerFactory for persistence unit 'default'
2026-09-01 00:05:50.726 [main] INFO  [N/A] [N/A] o.s.d.j.r.query.QueryEnhancerFactory - Hibernate is in classpath; If applicable, HQL parser will be used.
2026-09-01 00:05:51.168 [main] DEBUG [N/A] [N/A] r.s.s.s.filter.RateLimiterFilter - Filter 'rateLimiterFilter' configured for use
2026-09-01 00:05:51.169 [main] DEBUG [N/A] [N/A] r.s.skinscan.config.MdcLoggingFilter - Filter 'mdcLoggingFilter' configured for use
2026-09-01 00:05:51.279 [main] INFO  [N/A] [N/A] r.s.s.d.s.LocalFileStorageService - Инициализация локального хранилища фотографий с начальным путем: C:\Users\ferdi/data/uploads
2026-09-01 00:05:51.281 [main] INFO  [N/A] [N/A] r.s.s.d.s.LocalFileStorageService - Инициализация локального хранилища фотографий успешна завершена!
2026-09-01 00:05:51.331 [main] INFO  [N/A] [N/A] r.s.skinscan.config.AsyncConfig - Photo Task Executor запущен: базовое кол-во потоков=5, максимальное кол-во потоков=10, размер очереди ожидания=100
2026-09-01 00:05:51.333 [main] INFO  [N/A] [N/A] r.s.skinscan.config.AsyncConfig - Recovery Task Executor запущен
2026-09-01 00:05:51.449 [main] WARN  [N/A] [N/A] o.s.b.a.o.j.JpaBaseConfiguration$JpaWebConfiguration - spring.jpa.open-in-view is enabled by default. Therefore, database queries may be performed during view rendering. Explicitly configure spring.jpa.open-in-view to disable this warning
2026-09-01 00:05:51.460 [main] DEBUG [N/A] [N/A] o.s.s.c.a.a.c.AuthenticationConfiguration$DefaultPasswordEncoderAuthenticationManagerBuilder - No authenticationProviders and no parentAuthenticationManager defined. Returning null.
2026-09-01 00:05:51.751 [main] INFO  [N/A] [N/A] o.s.s.web.DefaultSecurityFilterChain - Will secure any request with [org.springframework.security.web.session.DisableEncodeUrlFilter@d2161b6, org.springframework.security.web.context.request.async.WebAsyncManagerIntegrationFilter@4a7b42db, org.springframework.security.web.context.SecurityContextHolderFilter@68c9cf93, org.springframework.security.web.header.HeaderWriterFilter@1d691d4f, org.springframework.web.filter.CorsFilter@6e6bb211, org.springframework.security.web.authentication.logout.LogoutFilter@20dc2df1, ru.startup.skinscan.security.filter.RateLimiterFilter@3c55e9d4, org.springframework.security.web.authentication.www.BasicAuthenticationFilter@53628ff6, org.springframework.security.web.savedrequest.RequestCacheAwareFilter@30130a31, org.springframework.security.web.servletapi.SecurityContextHolderAwareRequestFilter@5e59844f, org.springframework.security.web.authentication.AnonymousAuthenticationFilter@5926f291, org.springframework.security.web.session.SessionManagementFilter@74876292, org.springframework.security.web.access.ExceptionTranslationFilter@708378cc, org.springframework.security.web.access.intercept.AuthorizationFilter@248227db]
2026-09-01 00:05:52.064 [main] INFO  [N/A] [N/A] o.a.coyote.http11.Http11NioProtocol - Starting ProtocolHandler ["http-nio-8080"]
2026-09-01 00:05:52.083 [main] INFO  [N/A] [N/A] o.s.b.w.e.tomcat.TomcatWebServer - Tomcat started on port(s): 8080 (http) with context path ''
2026-09-01 00:05:52.095 [main] INFO  [N/A] [N/A] ru.startup.skinscan.Main - Started Main in 7.41 seconds (process running for 8.904)
2026-09-01 00:05:52.104 [scheduling-1] DEBUG [N/A] [N/A] r.s.s.s.PhotoRecoveryScheduler - Запуск проверки и обработки зависших фотографий
2026-09-01 00:05:52.340 [scheduling-1] DEBUG [N/A] [N/A] org.hibernate.SQL - 
    select
        p1_0.id,
        p1_0.created_at,
        p1_0.file_name,
        p1_0.file_size_bytes,
        p1_0.mime_type,
        p1_0.status,
        p1_0.storage_file_path,
        p1_0.updated_at,
        p1_0.user_id 
    from
        photo p1_0 
    where
        p1_0.status=? 
        and p1_0.created_at<cast(? as timestamp(6) with time zone)
2026-09-01 00:05:52.357 [scheduling-1] DEBUG [N/A] [N/A] r.s.s.s.PhotoRecoveryScheduler - Зависшие фотографии не найдены
2026-09-01 00:05:54.851 [http-nio-8080-exec-1] INFO  [N/A] [N/A] o.a.c.c.C.[Tomcat].[localhost].[/] - Initializing Spring DispatcherServlet 'dispatcherServlet'
2026-09-01 00:05:54.851 [http-nio-8080-exec-1] INFO  [N/A] [N/A] o.s.web.servlet.DispatcherServlet - Initializing Servlet 'dispatcherServlet'
2026-09-01 00:05:54.852 [http-nio-8080-exec-1] INFO  [N/A] [N/A] o.s.web.servlet.DispatcherServlet - Completed initialization in 1 ms
2026-09-01 00:05:54.867 [http-nio-8080-exec-1] DEBUG [N/A] [N/A] o.s.security.web.FilterChainProxy - Securing POST /skinScan/photos/upload
2026-09-01 00:05:54.893 [http-nio-8080-exec-1] DEBUG [N/A] [N/A] org.hibernate.SQL - 
    select
        u1_0.id,
        u1_0.created_at,
        u1_0.email,
        u1_0.login,
        u1_0.password,
        u1_0.phone,
        u1_0.updated_at 
    from
        users u1_0 
    where
        u1_0.login=?
2026-09-01 00:05:55.463 [http-nio-8080-exec-1] DEBUG [N/A] [N/A] org.hibernate.SQL - 
    select
        u1_0.id 
    from
        users u1_0 
    where
        u1_0.login=?
2026-09-01 00:05:56.242 [http-nio-8080-exec-1] INFO  [N/A] [N/A] r.s.s.s.s.CustomUserDetailsService - Поиск пользователя с логином: Andrey600
2026-09-01 00:05:56.244 [http-nio-8080-exec-1] DEBUG [N/A] [N/A] org.hibernate.SQL - 
    select
        u1_0.id,
        u1_0.created_at,
        u1_0.email,
        u1_0.login,
        u1_0.password,
        u1_0.phone,
        u1_0.updated_at 
    from
        users u1_0 
    where
        u1_0.login=?
2026-09-01 00:05:56.247 [http-nio-8080-exec-1] INFO  [N/A] [N/A] r.s.s.s.s.CustomUserDetailsService - Найден пользователь: Andrey600, пароль: $2a$12$82L1ISHBmtE5Mz8Sna4Kr.OxWw0qFyPc2rdTy8Pr6YSNBBPgoLaiK
2026-09-01 00:05:56.708 [http-nio-8080-exec-1] DEBUG [N/A] [N/A] o.s.s.a.d.DaoAuthenticationProvider - Authenticated user
2026-09-01 00:05:56.709 [http-nio-8080-exec-1] DEBUG [N/A] [N/A] o.s.s.w.a.w.BasicAuthenticationFilter - Set SecurityContextHolder to UsernamePasswordAuthenticationToken [Principal=org.springframework.security.core.userdetails.User [Username=Andrey600, Password=[PROTECTED], Enabled=true, AccountNonExpired=true, credentialsNonExpired=true, AccountNonLocked=true, Granted Authorities=[]], Credentials=[PROTECTED], Authenticated=true, Details=WebAuthenticationDetails [RemoteIpAddress=127.0.0.1, SessionId=null], Granted Authorities=[]]
2026-09-01 00:05:56.724 [http-nio-8080-exec-1] DEBUG [N/A] [N/A] o.s.security.web.FilterChainProxy - Secured POST /skinScan/photos/upload
2026-09-01 00:05:56.846 [http-nio-8080-exec-1] DEBUG [feba6334-4d02-4357-be55-2aac1e671752] [NO_SESSION] r.s.s.d.s.LocalFileStorageService - Файл сохранится в директории: C:\Users\ferdi\data\uploads\805dc\2026\09\756e19dc-8519-4974-acec-f76db5112825.jpg, с временной директорией: C:\Users\ferdi\data\uploads\805dc\2026\09\temp\.756e19dc-8519-4974-acec-f76db5112825.jpg.tmp
2026-09-01 00:05:56.853 [http-nio-8080-exec-1] INFO  [feba6334-4d02-4357-be55-2aac1e671752] [NO_SESSION] r.s.s.d.s.LocalFileStorageService - Файл успешно сохранен: 805dc/2026/09/756e19dc-8519-4974-acec-f76db5112825.jpg, с размером: 33095 байт
2026-09-01 00:05:56.854 [http-nio-8080-exec-1] INFO  [feba6334-4d02-4357-be55-2aac1e671752] [NO_SESSION] r.s.s.d.service.PhotoServiceImpl - Фото сохранено в хранилище
2026-09-01 00:05:56.869 [http-nio-8080-exec-1] DEBUG [feba6334-4d02-4357-be55-2aac1e671752] [NO_SESSION] org.hibernate.SQL - 
    select
        p1_0.id,
        p1_0.created_at,
        p1_0.file_name,
        p1_0.file_size_bytes,
        p1_0.mime_type,
        p1_0.status,
        p1_0.storage_file_path,
        p1_0.updated_at,
        p1_0.user_id 
    from
        photo p1_0 
    where
        p1_0.id=?
2026-09-01 00:05:56.881 [http-nio-8080-exec-1] INFO  [feba6334-4d02-4357-be55-2aac1e671752] [NO_SESSION] r.s.s.d.service.PhotoServiceImpl - Метаданные фото 6e274e6b-1c69-446f-8b1a-a9c807a7c8e6 сохранены в БД
2026-09-01 00:05:56.883 [http-nio-8080-exec-1] INFO  [feba6334-4d02-4357-be55-2aac1e671752] [NO_SESSION] r.s.s.d.service.PhotoServiceImpl - Запуск асинхронной обработки фото 6e274e6b-1c69-446f-8b1a-a9c807a7c8e6
2026-09-01 00:05:56.884 [PhotoProcessor-1] INFO  [N/A] [N/A] r.s.s.d.s.AsyncPhotoProcessingExecutor - Запущен асинхронный процесс с фото: 6e274e6b-1c69-446f-8b1a-a9c807a7c8e6, пользователя: 64641147-39de-45f8-a11f-7f57eb2805dc
2026-09-01 00:05:56.898 [http-nio-8080-exec-1] DEBUG [feba6334-4d02-4357-be55-2aac1e671752] [NO_SESSION] org.hibernate.SQL - 
    insert 
    into
        photo
        (created_at,file_name,file_size_bytes,mime_type,status,storage_file_path,updated_at,user_id,id) 
    values
        (?,?,?,?,?,?,?,?,?)
2026-09-01 00:05:57.895 [PhotoProcessor-1] DEBUG [N/A] [N/A] o.s.jdbc.datasource.DataSourceUtils - Setting JDBC Connection [HikariProxyConnection@211885006 wrapping org.postgresql.jdbc.PgConnection@7f0766ef] read-only
2026-09-01 00:05:57.899 [PhotoProcessor-1] DEBUG [N/A] [N/A] org.hibernate.SQL - 
    select
        p1_0.id,
        p1_0.created_at,
        p1_0.file_name,
        p1_0.file_size_bytes,
        p1_0.mime_type,
        p1_0.status,
        p1_0.storage_file_path,
        p1_0.updated_at,
        p1_0.user_id 
    from
        photo p1_0 
    where
        p1_0.id=?
2026-09-01 00:05:57.902 [PhotoProcessor-1] DEBUG [N/A] [N/A] o.s.jdbc.datasource.DataSourceUtils - Resetting read-only flag of JDBC Connection [HikariProxyConnection@211885006 wrapping org.postgresql.jdbc.PgConnection@7f0766ef]
2026-09-01 00:05:57.913 [PhotoProcessor-1] DEBUG [N/A] [N/A] org.hibernate.SQL - 
    update
        photo 
    set
        status=?,
        updated_at=cast(? as timestamp(6) with time zone) 
    where
        id=?
2026-09-01 00:05:57.915 [PhotoProcessor-1] INFO  [N/A] [N/A] r.s.s.d.s.AsyncPhotoProcessingExecutor - Сменен статус фото 6e274e6b-1c69-446f-8b1a-a9c807a7c8e6 на PROCESSING
2026-09-01 00:05:57.916 [PhotoProcessor-1] DEBUG [N/A] [N/A] org.hibernate.SQL - 
    select
        a1_0.id,
        a1_0.completed_at,
        a1_0.photo_id,
        a1_0.requested_at,
        a1_0.result,
        a1_0.status 
    from
        analysis a1_0 
    where
        a1_0.id=?
2026-09-01 00:05:57.921 [PhotoProcessor-1] DEBUG [N/A] [N/A] org.hibernate.SQL - 
    insert 
    into
        analysis
        (completed_at,photo_id,requested_at,result,status,id) 
    values
        (?,?,?,?,?,?)
2026-09-01 00:05:57.930 [PhotoProcessor-1] INFO  [N/A] [N/A] r.s.s.d.s.AsyncPhotoProcessingExecutor - Сформирован запрос к ML сервису для фото: 6e274e6b-1c69-446f-8b1a-a9c807a7c8e6, размером: 33095 байт
2026-09-01 00:05:57.930 [PhotoProcessor-1] INFO  [N/A] [N/A] r.s.s.d.s.AsyncPhotoProcessingExecutor - Вызов ML анализа фото: 6e274e6b-1c69-446f-8b1a-a9c807a7c8e6
2026-09-01 00:05:57.930 [PhotoProcessor-1] INFO  [N/A] [N/A] ru.startup.skinscan.ML.StubMLClient - Заглушка ML: Анализ фото: 6e274e6b-1c69-446f-8b1a-a9c807a7c8e6
2026-09-01 00:06:02.542 [PhotoProcessor-1] INFO  [N/A] [N/A] ru.startup.skinscan.ML.StubMLClient - Заглушка ML: Фото: 6e274e6b-1c69-446f-8b1a-a9c807a7c8e6 обработано за 4612 ms
2026-09-01 00:06:02.543 [PhotoProcessor-1] INFO  [N/A] [N/A] r.s.s.d.s.AsyncPhotoProcessingExecutor - ML анализ фото: 6e274e6b-1c69-446f-8b1a-a9c807a7c8e6, завершен за время: 4613ms
2026-09-01 00:06:02.562 [PhotoProcessor-1] DEBUG [N/A] [N/A] org.hibernate.SQL - 
    update
        analysis 
    set
        result=?,
        status=?,
        completed_at=cast(? as timestamp(6) with time zone) 
    where
        id=?
2026-09-01 00:06:02.571 [PhotoProcessor-1] DEBUG [N/A] [N/A] org.hibernate.SQL - 
    select
        p1_0.id 
    from
        photo p1_0 
    where
        p1_0.file_name=?
2026-09-01 00:06:02.572 [PhotoProcessor-1] ERROR [N/A] [N/A] r.s.s.d.s.AsyncPhotoProcessingExecutor - В процессе обработки фото 6e274e6b-1c69-446f-8b1a-a9c807a7c8e6 возникла неизвестная ошибка: 
java.lang.NullPointerException: Cannot invoke "org.hibernate.metamodel.mapping.JdbcMapping.getJdbcValueBinder()" because "jdbcMapping" is null
	at org.hibernate.sql.exec.internal.AbstractJdbcParameter.bindParameterValue(AbstractJdbcParameter.java:118)
	at org.hibernate.sql.exec.internal.AbstractJdbcParameter.bindParameterValue(AbstractJdbcParameter.java:108)
	at org.hibernate.sql.exec.internal.StandardJdbcMutationExecutor.execute(StandardJdbcMutationExecutor.java:73)
	at org.hibernate.query.sqm.internal.SimpleUpdateQueryPlan.executeUpdate(SimpleUpdateQueryPlan.java:91)
	at org.hibernate.query.sqm.internal.QuerySqmImpl.doExecuteUpdate(QuerySqmImpl.java:735)
	at org.hibernate.query.sqm.internal.QuerySqmImpl.executeUpdate(QuerySqmImpl.java:705)
	at org.springframework.data.jpa.repository.query.JpaQueryExecution$ModifyingExecution.doExecute(JpaQueryExecution.java:266)
	at org.springframework.data.jpa.repository.query.JpaQueryExecution.execute(JpaQueryExecution.java:92)
	at org.springframework.data.jpa.repository.query.AbstractJpaQuery.doExecute(AbstractJpaQuery.java:149)
	at org.springframework.data.jpa.repository.query.AbstractJpaQuery.execute(AbstractJpaQuery.java:137)
	at org.springframework.data.repository.core.support.RepositoryMethodInvoker.doInvoke(RepositoryMethodInvoker.java:136)
	at org.springframework.data.repository.core.support.RepositoryMethodInvoker.invoke(RepositoryMethodInvoker.java:120)
	at org.springframework.data.repository.core.support.QueryExecutorMethodInterceptor.doInvoke(QueryExecutorMethodInterceptor.java:164)
	at org.springframework.data.repository.core.support.QueryExecutorMethodInterceptor.invoke(QueryExecutorMethodInterceptor.java:143)
	at org.springframework.aop.framework.ReflectiveMethodInvocation.proceed(ReflectiveMethodInvocation.java:184)
	at org.springframework.data.projection.DefaultMethodInvokingMethodInterceptor.invoke(DefaultMethodInvokingMethodInterceptor.java:70)
	at org.springframework.aop.framework.ReflectiveMethodInvocation.proceed(ReflectiveMethodInvocation.java:184)
	at org.springframework.transaction.interceptor.TransactionInterceptor$1.proceedWithInvocation(TransactionInterceptor.java:123)
	at org.springframework.transaction.interceptor.TransactionAspectSupport.invokeWithinTransaction(TransactionAspectSupport.java:391)
	at org.springframework.transaction.interceptor.TransactionInterceptor.invoke(TransactionInterceptor.java:119)
	at org.springframework.aop.framework.ReflectiveMethodInvocation.proceed(ReflectiveMethodInvocation.java:184)
	at org.springframework.dao.support.PersistenceExceptionTranslationInterceptor.invoke(PersistenceExceptionTranslationInterceptor.java:137)
	at org.springframework.aop.framework.ReflectiveMethodInvocation.proceed(ReflectiveMethodInvocation.java:184)
	at org.springframework.data.jpa.repository.support.CrudMethodMetadataPostProcessor$CrudMethodMetadataPopulatingMethodInterceptor.invoke(CrudMethodMetadataPostProcessor.java:135)
	at org.springframework.aop.framework.ReflectiveMethodInvocation.proceed(ReflectiveMethodInvocation.java:184)
	at org.springframework.aop.interceptor.ExposeInvocationInterceptor.invoke(ExposeInvocationInterceptor.java:97)
	at org.springframework.aop.framework.ReflectiveMethodInvocation.proceed(ReflectiveMethodInvocation.java:184)
	at org.springframework.aop.framework.JdkDynamicAopProxy.invoke(JdkDynamicAopProxy.java:244)
	at jdk.proxy2/jdk.proxy2.$Proxy148.update(Unknown Source)
	at ru.startup.skinscan.domain.service.AsyncPhotoProcessingExecutor.processPhoto(AsyncPhotoProcessingExecutor.java:130)
	at java.base/jdk.internal.reflect.DirectMethodHandleAccessor.invoke(DirectMethodHandleAccessor.java:103)
	at java.base/java.lang.reflect.Method.invoke(Method.java:580)
	at org.springframework.aop.support.AopUtils.invokeJoinpointUsingReflection(AopUtils.java:343)
	at org.springframework.aop.framework.ReflectiveMethodInvocation.invokeJoinpoint(ReflectiveMethodInvocation.java:196)
	at org.springframework.aop.framework.ReflectiveMethodInvocation.proceed(ReflectiveMethodInvocation.java:163)
	at org.springframework.aop.interceptor.AsyncExecutionInterceptor.lambda$invoke$0(AsyncExecutionInterceptor.java:115)
	at java.base/java.util.concurrent.FutureTask.run(FutureTask.java:317)
	at java.base/java.util.concurrent.ThreadPoolExecutor.runWorker(ThreadPoolExecutor.java:1144)
	at java.base/java.util.concurrent.ThreadPoolExecutor$Worker.run(ThreadPoolExecutor.java:642)
	at java.base/java.lang.Thread.run(Thread.java:1583)
2026-09-01 00:06:02.577 [PhotoProcessor-1] DEBUG [N/A] [N/A] org.hibernate.SQL - 
    update
        photo 
    set
        status=?,
        updated_at=cast(? as timestamp(6) with time zone) 
    where
        id=?
2026-09-01 00:06:02.582 [PhotoProcessor-1] DEBUG [N/A] [N/A] org.hibernate.SQL - 
    select
        a1_0.id,
        a1_0.completed_at,
        a1_0.photo_id,
        a1_0.requested_at,
        a1_0.result,
        a1_0.status 
    from
        analysis a1_0 
    where
        a1_0.photo_id=?
2026-09-01 00:06:02.587 [PhotoProcessor-1] DEBUG [N/A] [N/A] org.hibernate.SQL - 
    update
        analysis 
    set
        status=?,
        completed_at=cast(? as timestamp(6) with time zone) 
    where
        id=?
2026-09-01 00:06:30.881 [SpringApplicationShutdownHook] INFO  [N/A] [N/A] o.s.o.j.LocalContainerEntityManagerFactoryBean - Closing JPA EntityManagerFactory for persistence unit 'default'
2026-09-01 00:06:30.885 [SpringApplicationShutdownHook] INFO  [N/A] [N/A] com.zaxxer.hikari.HikariDataSource - HikariPool-1 - Shutdown initiated...
2026-09-01 00:06:30.890 [SpringApplicationShutdownHook] INFO  [N/A] [N/A] com.zaxxer.hikari.HikariDataSource - HikariPool-1 - Shutdown completed.
2026-09-01 00:08:54.683 [background-preinit] INFO  [N/A] [N/A] o.h.validator.internal.util.Version - HV000001: Hibernate Validator 8.0.1.Final
2026-09-01 00:08:54.710 [main] INFO  [N/A] [N/A] ru.startup.skinscan.Main - Starting Main using Java 21.0.10 with PID 11412 (C:\Users\ferdi\IdeaProjects\SkinScan\build\classes\java\main started by ferdi in C:\Users\ferdi\IdeaProjects\SkinScan)
2026-09-01 00:08:54.710 [main] DEBUG [N/A] [N/A] ru.startup.skinscan.Main - Running with Spring Boot v3.1.12, Spring v6.0.21
2026-09-01 00:08:54.710 [main] INFO  [N/A] [N/A] ru.startup.skinscan.Main - The following 1 profile is active: "local"
2026-09-01 00:08:55.817 [main] INFO  [N/A] [N/A] o.s.d.r.c.RepositoryConfigurationDelegate - Bootstrapping Spring Data JPA repositories in DEFAULT mode.
2026-09-01 00:08:55.978 [main] INFO  [N/A] [N/A] o.s.d.r.c.RepositoryConfigurationDelegate - Finished Spring Data repository scanning in 147 ms. Found 3 JPA repository interfaces.
2026-09-01 00:08:56.674 [main] INFO  [N/A] [N/A] o.s.b.w.e.tomcat.TomcatWebServer - Tomcat initialized with port(s): 8080 (http)
2026-09-01 00:08:56.684 [main] INFO  [N/A] [N/A] o.a.coyote.http11.Http11NioProtocol - Initializing ProtocolHandler ["http-nio-8080"]
2026-09-01 00:08:56.684 [main] INFO  [N/A] [N/A] o.a.catalina.core.StandardService - Starting service [Tomcat]
2026-09-01 00:08:56.684 [main] INFO  [N/A] [N/A] o.a.catalina.core.StandardEngine - Starting Servlet engine: [Apache Tomcat/10.1.24]
2026-09-01 00:08:56.993 [main] INFO  [N/A] [N/A] o.a.c.c.C.[Tomcat].[localhost].[/] - Initializing Spring embedded WebApplicationContext
2026-09-01 00:08:56.993 [main] INFO  [N/A] [N/A] o.s.b.w.s.c.ServletWebServerApplicationContext - Root WebApplicationContext: initialization completed in 2228 ms
2026-09-01 00:08:57.023 [main] INFO  [N/A] [N/A] r.s.s.s.r.RateLimiterInMemory - RateLimiter инициализирован с интервалом очистки: 300с
2026-09-01 00:08:57.225 [main] DEBUG [N/A] [N/A] o.f.c.i.s.classpath.ClassPathScanner - Scanning for classpath resources at 'classpath:db/callback' ...
2026-09-01 00:08:57.225 [main] DEBUG [N/A] [N/A] o.f.c.i.s.classpath.ClassPathScanner - Determining location urls for classpath:db/callback using ClassLoader TomcatEmbeddedWebappClassLoader
  context: ROOT
  delegate: true
----------> Parent Classloader:
jdk.internal.loader.ClassLoaders$AppClassLoader@3fee733d
 ...
2026-09-01 00:08:57.225 [main] DEBUG [N/A] [N/A] o.f.c.i.s.classpath.ClassPathScanner - Unable to resolve location classpath:db/callback.
2026-09-01 00:08:57.225 [main] DEBUG [N/A] [N/A] o.f.c.i.s.classpath.ClassPathScanner - Scanning for classpath resources at 'classpath:db/migration' ...
2026-09-01 00:08:57.225 [main] DEBUG [N/A] [N/A] o.f.c.i.s.classpath.ClassPathScanner - Determining location urls for classpath:db/migration using ClassLoader TomcatEmbeddedWebappClassLoader
  context: ROOT
  delegate: true
----------> Parent Classloader:
jdk.internal.loader.ClassLoaders$AppClassLoader@3fee733d
 ...
2026-09-01 00:08:57.225 [main] DEBUG [N/A] [N/A] o.f.c.i.s.classpath.ClassPathScanner - Scanning URL: file:/C:/Users/ferdi/IdeaProjects/SkinScan/build/resources/main/db/migration
2026-09-01 00:08:57.225 [main] DEBUG [N/A] [N/A] o.f.c.i.s.c.FileSystemClassPathLocationScanner - Scanning starting at classpath root in filesystem: C:\Users\ferdi\IdeaProjects\SkinScan\build\resources\main\
2026-09-01 00:08:57.225 [main] DEBUG [N/A] [N/A] o.f.c.i.s.c.FileSystemClassPathLocationScanner - Scanning for resources in path: C:\Users\ferdi\IdeaProjects\SkinScan\build\resources\main\db\migration (db/migration)
2026-09-01 00:08:57.235 [main] DEBUG [N/A] [N/A] o.f.c.i.s.classpath.ClassPathScanner - Found resource: db/migration/V1__create_users_table.sql
2026-09-01 00:08:57.235 [main] DEBUG [N/A] [N/A] o.f.c.i.s.classpath.ClassPathScanner - Found resource: db/migration/V2__create_photo_table.sql
2026-09-01 00:08:57.235 [main] DEBUG [N/A] [N/A] o.f.c.i.s.classpath.ClassPathScanner - Found resource: db/migration/V3__create_analysis_table.sql
2026-09-01 00:08:57.235 [main] DEBUG [N/A] [N/A] o.f.c.i.s.classpath.ClassPathScanner - Found resource: db/migration/V4__add_index.sql
2026-09-01 00:08:57.235 [main] DEBUG [N/A] [N/A] o.f.c.i.s.classpath.ClassPathScanner - Scanning for classes at classpath:db/migration
2026-09-01 00:08:57.235 [main] DEBUG [N/A] [N/A] o.f.c.i.r.ResourceNameValidator - Validating V2__create_photo_table.sql
2026-09-01 00:08:57.235 [main] INFO  [N/A] [N/A] com.zaxxer.hikari.HikariDataSource - HikariPool-1 - Starting...
2026-09-01 00:08:57.553 [main] INFO  [N/A] [N/A] com.zaxxer.hikari.pool.HikariPool - HikariPool-1 - Added connection org.postgresql.jdbc.PgConnection@7be94cd6
2026-09-01 00:08:57.553 [main] INFO  [N/A] [N/A] com.zaxxer.hikari.HikariDataSource - HikariPool-1 - Start completed.
2026-09-01 00:08:57.583 [main] DEBUG [N/A] [N/A] o.f.c.i.r.ResourceNameValidator - Validating V1__create_users_table.sql
2026-09-01 00:08:57.583 [main] DEBUG [N/A] [N/A] o.f.c.i.r.ResourceNameValidator - Validating V4__add_index.sql
2026-09-01 00:08:57.583 [main] DEBUG [N/A] [N/A] o.f.c.i.r.ResourceNameValidator - Validating V3__create_analysis_table.sql
2026-09-01 00:08:57.593 [main] DEBUG [N/A] [N/A] o.f.c.i.d.DatabaseTypeRegister - Multiple databases found that handle url 'jdbc:postgresql://localhost:5432/skinScan': CockroachDB,PostgreSQL
2026-09-01 00:08:57.593 [main] INFO  [N/A] [N/A] org.flywaydb.core.FlywayExecutor - Database: jdbc:postgresql://localhost:5432/skinScan (PostgreSQL 18.1)
2026-09-01 00:08:57.593 [main] DEBUG [N/A] [N/A] org.flywaydb.core.FlywayExecutor - Database Type: PostgreSQL
2026-09-01 00:08:57.593 [main] DEBUG [N/A] [N/A] org.flywaydb.core.FlywayExecutor - Driver: PostgreSQL JDBC Driver 42.7.11
2026-09-01 00:08:57.593 [main] DEBUG [N/A] [N/A] org.flywaydb.core.FlywayExecutor - DDL Transactions Supported: true
2026-09-01 00:08:57.593 [main] DEBUG [N/A] [N/A] o.f.c.i.s.SchemaHistoryFactory - Schemas: 
2026-09-01 00:08:57.593 [main] DEBUG [N/A] [N/A] o.f.c.i.s.SchemaHistoryFactory - Default schema: null
2026-09-01 00:08:57.593 [main] WARN  [N/A] [N/A] o.f.c.i.database.base.Database - Flyway upgrade recommended: PostgreSQL 18.1 is newer than this version of Flyway and support has not been tested. The latest supported version of PostgreSQL is 16.
2026-09-01 00:08:57.603 [main] DEBUG [N/A] [N/A] o.f.c.i.c.SqlScriptCallbackFactory - Scanning for SQL callbacks ...
2026-09-01 00:08:57.607 [main] DEBUG [N/A] [N/A] o.f.core.internal.command.DbValidate - Validating migrations ...
2026-09-01 00:08:57.613 [main] DEBUG [N/A] [N/A] o.f.c.a.c.ClassicConfiguration - CherryPickConfigurationExtension not found
2026-09-01 00:08:57.613 [main] DEBUG [N/A] [N/A] o.f.core.internal.scanner.Scanner - Filtering out resource: db/migration/V2__create_photo_table.sql (filename: V2__create_photo_table.sql)
2026-09-01 00:08:57.613 [main] DEBUG [N/A] [N/A] o.f.core.internal.scanner.Scanner - Filtering out resource: db/migration/V1__create_users_table.sql (filename: V1__create_users_table.sql)
2026-09-01 00:08:57.613 [main] DEBUG [N/A] [N/A] o.f.core.internal.scanner.Scanner - Filtering out resource: db/migration/V4__add_index.sql (filename: V4__add_index.sql)
2026-09-01 00:08:57.613 [main] DEBUG [N/A] [N/A] o.f.core.internal.scanner.Scanner - Filtering out resource: db/migration/V3__create_analysis_table.sql (filename: V3__create_analysis_table.sql)
2026-09-01 00:08:57.613 [main] DEBUG [N/A] [N/A] o.f.core.internal.scanner.Scanner - Filtering out resource: db/migration/V2__create_photo_table.sql (filename: V2__create_photo_table.sql)
2026-09-01 00:08:57.613 [main] DEBUG [N/A] [N/A] o.f.core.internal.scanner.Scanner - Filtering out resource: db/migration/V1__create_users_table.sql (filename: V1__create_users_table.sql)
2026-09-01 00:08:57.613 [main] DEBUG [N/A] [N/A] o.f.core.internal.scanner.Scanner - Filtering out resource: db/migration/V4__add_index.sql (filename: V4__add_index.sql)
2026-09-01 00:08:57.613 [main] DEBUG [N/A] [N/A] o.f.core.internal.scanner.Scanner - Filtering out resource: db/migration/V3__create_analysis_table.sql (filename: V3__create_analysis_table.sql)
2026-09-01 00:08:57.662 [main] INFO  [N/A] [N/A] o.f.core.internal.command.DbValidate - Successfully validated 4 migrations (execution time 00:00.051s)
2026-09-01 00:08:57.662 [main] DEBUG [N/A] [N/A] o.f.core.internal.command.DbSchemas - Skipping creation of existing schema: "public"
2026-09-01 00:08:57.737 [main] DEBUG [N/A] [N/A] o.f.c.a.c.ClassicConfiguration - CherryPickConfigurationExtension not found
2026-09-01 00:08:57.746 [main] INFO  [N/A] [N/A] o.f.core.internal.command.DbMigrate - Current version of schema "public": 4
2026-09-01 00:08:57.746 [main] INFO  [N/A] [N/A] o.f.core.internal.command.DbMigrate - Schema "public" is up to date. No migration necessary.
2026-09-01 00:08:57.746 [main] DEBUG [N/A] [N/A] org.flywaydb.core.FlywayExecutor - Memory usage: 40 of 88M
2026-09-01 00:08:57.807 [main] DEBUG [N/A] [N/A] o.s.jdbc.datasource.DataSourceUtils - Fetching JDBC Connection from DataSource
2026-09-01 00:08:57.839 [main] INFO  [N/A] [N/A] o.h.jpa.internal.util.LogHelper - HHH000204: Processing PersistenceUnitInfo [name: default]
2026-09-01 00:08:57.888 [main] INFO  [N/A] [N/A] org.hibernate.Version - HHH000412: Hibernate ORM core version 6.2.25.Final
2026-09-01 00:08:57.888 [main] INFO  [N/A] [N/A] org.hibernate.cfg.Environment - HHH000406: Using bytecode reflection optimizer
2026-09-01 00:08:58.221 [main] INFO  [N/A] [N/A] o.s.o.j.p.SpringPersistenceUnitInfo - No LoadTimeWeaver setup: ignoring JPA class transformer
2026-09-01 00:08:59.293 [main] INFO  [N/A] [N/A] o.h.e.t.j.p.i.JtaPlatformInitiator - HHH000489: No JTA platform available (set 'hibernate.transaction.jta.platform' to enable JTA platform integration)
2026-09-01 00:08:59.303 [main] INFO  [N/A] [N/A] o.s.o.j.LocalContainerEntityManagerFactoryBean - Initialized JPA EntityManagerFactory for persistence unit 'default'
2026-09-01 00:08:59.628 [main] INFO  [N/A] [N/A] o.s.d.j.r.query.QueryEnhancerFactory - Hibernate is in classpath; If applicable, HQL parser will be used.
2026-09-01 00:09:00.247 [main] DEBUG [N/A] [N/A] r.s.s.s.filter.RateLimiterFilter - Filter 'rateLimiterFilter' configured for use
2026-09-01 00:09:00.248 [main] DEBUG [N/A] [N/A] r.s.skinscan.config.MdcLoggingFilter - Filter 'mdcLoggingFilter' configured for use
2026-09-01 00:09:00.349 [main] INFO  [N/A] [N/A] r.s.s.d.s.LocalFileStorageService - Инициализация локального хранилища фотографий с начальным путем: C:\Users\ferdi/data/uploads
2026-09-01 00:09:00.351 [main] INFO  [N/A] [N/A] r.s.s.d.s.LocalFileStorageService - Инициализация локального хранилища фотографий успешна завершена!
2026-09-01 00:09:00.399 [main] INFO  [N/A] [N/A] r.s.skinscan.config.AsyncConfig - Photo Task Executor запущен: базовое кол-во потоков=5, максимальное кол-во потоков=10, размер очереди ожидания=100
2026-09-01 00:09:00.402 [main] INFO  [N/A] [N/A] r.s.skinscan.config.AsyncConfig - Recovery Task Executor запущен
2026-09-01 00:09:00.511 [main] WARN  [N/A] [N/A] o.s.b.a.o.j.JpaBaseConfiguration$JpaWebConfiguration - spring.jpa.open-in-view is enabled by default. Therefore, database queries may be performed during view rendering. Explicitly configure spring.jpa.open-in-view to disable this warning
2026-09-01 00:09:00.521 [main] DEBUG [N/A] [N/A] o.s.s.c.a.a.c.AuthenticationConfiguration$DefaultPasswordEncoderAuthenticationManagerBuilder - No authenticationProviders and no parentAuthenticationManager defined. Returning null.
2026-09-01 00:09:00.714 [main] INFO  [N/A] [N/A] o.s.s.web.DefaultSecurityFilterChain - Will secure any request with [org.springframework.security.web.session.DisableEncodeUrlFilter@4a6c33a0, org.springframework.security.web.context.request.async.WebAsyncManagerIntegrationFilter@37b0a724, org.springframework.security.web.context.SecurityContextHolderFilter@628721ba, org.springframework.security.web.header.HeaderWriterFilter@74876292, org.springframework.web.filter.CorsFilter@36d1ac55, org.springframework.security.web.authentication.logout.LogoutFilter@fb69ab1, ru.startup.skinscan.security.filter.RateLimiterFilter@35d31e1c, org.springframework.security.web.authentication.www.BasicAuthenticationFilter@6d821475, org.springframework.security.web.savedrequest.RequestCacheAwareFilter@3c0640fa, org.springframework.security.web.servletapi.SecurityContextHolderAwareRequestFilter@4951c45f, org.springframework.security.web.authentication.AnonymousAuthenticationFilter@3da76d3a, org.springframework.security.web.session.SessionManagementFilter@b31cd6b, org.springframework.security.web.access.ExceptionTranslationFilter@736de3b6, org.springframework.security.web.access.intercept.AuthorizationFilter@3b4a77be]
2026-09-01 00:09:01.044 [main] INFO  [N/A] [N/A] o.a.coyote.http11.Http11NioProtocol - Starting ProtocolHandler ["http-nio-8080"]
2026-09-01 00:09:01.057 [main] INFO  [N/A] [N/A] o.s.b.w.e.tomcat.TomcatWebServer - Tomcat started on port(s): 8080 (http) with context path ''
2026-09-01 00:09:01.065 [main] INFO  [N/A] [N/A] ru.startup.skinscan.Main - Started Main in 6.89 seconds (process running for 7.76)
2026-09-01 00:09:01.070 [scheduling-1] DEBUG [N/A] [N/A] r.s.s.s.PhotoRecoveryScheduler - Запуск проверки и обработки зависших фотографий
2026-09-01 00:09:01.169 [scheduling-1] DEBUG [N/A] [N/A] org.hibernate.SQL - 
    select
        p1_0.id,
        p1_0.created_at,
        p1_0.file_name,
        p1_0.file_size_bytes,
        p1_0.mime_type,
        p1_0.status,
        p1_0.storage_file_path,
        p1_0.updated_at,
        p1_0.user_id 
    from
        photo p1_0 
    where
        p1_0.status=? 
        and p1_0.created_at<cast(? as timestamp(6) with time zone)
2026-09-01 00:09:01.178 [scheduling-1] DEBUG [N/A] [N/A] r.s.s.s.PhotoRecoveryScheduler - Зависшие фотографии не найдены
2026-09-01 00:09:03.807 [http-nio-8080-exec-1] INFO  [N/A] [N/A] o.a.c.c.C.[Tomcat].[localhost].[/] - Initializing Spring DispatcherServlet 'dispatcherServlet'
2026-09-01 00:09:03.807 [http-nio-8080-exec-1] INFO  [N/A] [N/A] o.s.web.servlet.DispatcherServlet - Initializing Servlet 'dispatcherServlet'
2026-09-01 00:09:03.808 [http-nio-8080-exec-1] INFO  [N/A] [N/A] o.s.web.servlet.DispatcherServlet - Completed initialization in 1 ms
2026-09-01 00:09:03.828 [http-nio-8080-exec-1] DEBUG [N/A] [N/A] o.s.security.web.FilterChainProxy - Securing POST /skinScan/photos/upload
2026-09-01 00:09:03.870 [http-nio-8080-exec-1] DEBUG [N/A] [N/A] org.hibernate.SQL - 
    select
        u1_0.id,
        u1_0.created_at,
        u1_0.email,
        u1_0.login,
        u1_0.password,
        u1_0.phone,
        u1_0.updated_at 
    from
        users u1_0 
    where
        u1_0.login=?
2026-09-01 00:09:04.564 [http-nio-8080-exec-1] DEBUG [N/A] [N/A] org.hibernate.SQL - 
    select
        u1_0.id 
    from
        users u1_0 
    where
        u1_0.login=?
2026-09-01 00:09:05.043 [http-nio-8080-exec-1] INFO  [N/A] [N/A] r.s.s.s.s.CustomUserDetailsService - Поиск пользователя с логином: Andrey600
2026-09-01 00:09:05.047 [http-nio-8080-exec-1] DEBUG [N/A] [N/A] org.hibernate.SQL - 
    select
        u1_0.id,
        u1_0.created_at,
        u1_0.email,
        u1_0.login,
        u1_0.password,
        u1_0.phone,
        u1_0.updated_at 
    from
        users u1_0 
    where
        u1_0.login=?
2026-09-01 00:09:05.050 [http-nio-8080-exec-1] INFO  [N/A] [N/A] r.s.s.s.s.CustomUserDetailsService - Найден пользователь: Andrey600, пароль: $2a$12$82L1ISHBmtE5Mz8Sna4Kr.OxWw0qFyPc2rdTy8Pr6YSNBBPgoLaiK
2026-09-01 00:09:05.511 [http-nio-8080-exec-1] DEBUG [N/A] [N/A] o.s.s.a.d.DaoAuthenticationProvider - Authenticated user
2026-09-01 00:09:05.512 [http-nio-8080-exec-1] DEBUG [N/A] [N/A] o.s.s.w.a.w.BasicAuthenticationFilter - Set SecurityContextHolder to UsernamePasswordAuthenticationToken [Principal=org.springframework.security.core.userdetails.User [Username=Andrey600, Password=[PROTECTED], Enabled=true, AccountNonExpired=true, credentialsNonExpired=true, AccountNonLocked=true, Granted Authorities=[]], Credentials=[PROTECTED], Authenticated=true, Details=WebAuthenticationDetails [RemoteIpAddress=127.0.0.1, SessionId=null], Granted Authorities=[]]
2026-09-01 00:09:05.516 [http-nio-8080-exec-1] DEBUG [N/A] [N/A] o.s.security.web.FilterChainProxy - Secured POST /skinScan/photos/upload
2026-09-01 00:09:05.724 [http-nio-8080-exec-1] DEBUG [212e5939-3602-4a3f-af12-e0e681d77e7b] [NO_SESSION] r.s.s.d.s.LocalFileStorageService - Файл сохранится в директории: C:\Users\ferdi\data\uploads\805dc\2026\09\735059cc-5653-4fad-bd27-45ae8dd7fff8.jpg, с временной директорией: C:\Users\ferdi\data\uploads\805dc\2026\09\temp\.735059cc-5653-4fad-bd27-45ae8dd7fff8.jpg.tmp
2026-09-01 00:09:05.733 [http-nio-8080-exec-1] INFO  [212e5939-3602-4a3f-af12-e0e681d77e7b] [NO_SESSION] r.s.s.d.s.LocalFileStorageService - Файл успешно сохранен: 805dc/2026/09/735059cc-5653-4fad-bd27-45ae8dd7fff8.jpg, с размером: 33095 байт
2026-09-01 00:09:05.735 [http-nio-8080-exec-1] INFO  [212e5939-3602-4a3f-af12-e0e681d77e7b] [NO_SESSION] r.s.s.d.service.PhotoServiceImpl - Фото сохранено в хранилище
2026-09-01 00:09:05.754 [http-nio-8080-exec-1] DEBUG [212e5939-3602-4a3f-af12-e0e681d77e7b] [NO_SESSION] org.hibernate.SQL - 
    select
        p1_0.id,
        p1_0.created_at,
        p1_0.file_name,
        p1_0.file_size_bytes,
        p1_0.mime_type,
        p1_0.status,
        p1_0.storage_file_path,
        p1_0.updated_at,
        p1_0.user_id 
    from
        photo p1_0 
    where
        p1_0.id=?
2026-09-01 00:09:05.765 [http-nio-8080-exec-1] INFO  [212e5939-3602-4a3f-af12-e0e681d77e7b] [NO_SESSION] r.s.s.d.service.PhotoServiceImpl - Метаданные фото f00b12ce-0297-4fcc-b8ed-1012539d3e5c сохранены в БД
2026-09-01 00:09:05.768 [http-nio-8080-exec-1] INFO  [212e5939-3602-4a3f-af12-e0e681d77e7b] [NO_SESSION] r.s.s.d.service.PhotoServiceImpl - Запуск асинхронной обработки фото f00b12ce-0297-4fcc-b8ed-1012539d3e5c
2026-09-01 00:09:05.769 [PhotoProcessor-1] INFO  [N/A] [N/A] r.s.s.d.s.AsyncPhotoProcessingExecutor - Запущен асинхронный процесс с фото: f00b12ce-0297-4fcc-b8ed-1012539d3e5c, пользователя: 64641147-39de-45f8-a11f-7f57eb2805dc
2026-09-01 00:09:05.783 [http-nio-8080-exec-1] DEBUG [212e5939-3602-4a3f-af12-e0e681d77e7b] [NO_SESSION] org.hibernate.SQL - 
    insert 
    into
        photo
        (created_at,file_name,file_size_bytes,mime_type,status,storage_file_path,updated_at,user_id,id) 
    values
        (?,?,?,?,?,?,?,?,?)
2026-09-01 00:09:06.790 [PhotoProcessor-1] DEBUG [N/A] [N/A] o.s.jdbc.datasource.DataSourceUtils - Setting JDBC Connection [HikariProxyConnection@1297833915 wrapping org.postgresql.jdbc.PgConnection@7be94cd6] read-only
2026-09-01 00:09:06.808 [PhotoProcessor-1] DEBUG [N/A] [N/A] org.hibernate.SQL - 
    select
        p1_0.id,
        p1_0.created_at,
        p1_0.file_name,
        p1_0.file_size_bytes,
        p1_0.mime_type,
        p1_0.status,
        p1_0.storage_file_path,
        p1_0.updated_at,
        p1_0.user_id 
    from
        photo p1_0 
    where
        p1_0.id=?
2026-09-01 00:09:06.816 [PhotoProcessor-1] DEBUG [N/A] [N/A] o.s.jdbc.datasource.DataSourceUtils - Resetting read-only flag of JDBC Connection [HikariProxyConnection@1297833915 wrapping org.postgresql.jdbc.PgConnection@7be94cd6]
2026-09-01 00:09:06.848 [PhotoProcessor-1] DEBUG [N/A] [N/A] org.hibernate.SQL - 
    update
        photo 
    set
        status=?,
        updated_at=cast(? as timestamp(6) with time zone) 
    where
        id=?
2026-09-01 00:09:06.851 [PhotoProcessor-1] INFO  [N/A] [N/A] r.s.s.d.s.AsyncPhotoProcessingExecutor - Сменен статус фото f00b12ce-0297-4fcc-b8ed-1012539d3e5c на PROCESSING
2026-09-01 00:09:06.853 [PhotoProcessor-1] DEBUG [N/A] [N/A] org.hibernate.SQL - 
    select
        a1_0.id,
        a1_0.completed_at,
        a1_0.photo_id,
        a1_0.requested_at,
        a1_0.result,
        a1_0.status 
    from
        analysis a1_0 
    where
        a1_0.id=?
2026-09-01 00:09:06.858 [PhotoProcessor-1] DEBUG [N/A] [N/A] org.hibernate.SQL - 
    insert 
    into
        analysis
        (completed_at,photo_id,requested_at,result,status,id) 
    values
        (?,?,?,?,?,?)
2026-09-01 00:09:06.879 [PhotoProcessor-1] INFO  [N/A] [N/A] r.s.s.d.s.AsyncPhotoProcessingExecutor - Сформирован запрос к ML сервису для фото: f00b12ce-0297-4fcc-b8ed-1012539d3e5c, размером: 33095 байт
2026-09-01 00:09:06.880 [PhotoProcessor-1] INFO  [N/A] [N/A] r.s.s.d.s.AsyncPhotoProcessingExecutor - Вызов ML анализа фото: f00b12ce-0297-4fcc-b8ed-1012539d3e5c
2026-09-01 00:09:06.880 [PhotoProcessor-1] INFO  [N/A] [N/A] ru.startup.skinscan.ML.StubMLClient - Заглушка ML: Анализ фото: f00b12ce-0297-4fcc-b8ed-1012539d3e5c
2026-09-01 00:09:10.016 [PhotoProcessor-1] INFO  [N/A] [N/A] ru.startup.skinscan.ML.StubMLClient - Заглушка ML: Фото: f00b12ce-0297-4fcc-b8ed-1012539d3e5c обработано за 3136 ms
2026-09-01 00:09:10.017 [PhotoProcessor-1] INFO  [N/A] [N/A] r.s.s.d.s.AsyncPhotoProcessingExecutor - ML анализ фото: f00b12ce-0297-4fcc-b8ed-1012539d3e5c, завершен за время: 3137ms
2026-09-01 00:09:10.037 [PhotoProcessor-1] DEBUG [N/A] [N/A] org.hibernate.SQL - 
    update
        analysis 
    set
        result=?,
        status=?,
        completed_at=cast(? as timestamp(6) with time zone) 
    where
        id=?
2026-09-01 00:09:10.054 [PhotoProcessor-1] DEBUG [N/A] [N/A] org.hibernate.SQL - 
    select
        p1_0.id 
    from
        photo p1_0 
    where
        p1_0.file_name=?
2026-09-01 00:09:10.057 [PhotoProcessor-1] ERROR [N/A] [N/A] r.s.s.d.s.AsyncPhotoProcessingExecutor - В процессе обработки фото f00b12ce-0297-4fcc-b8ed-1012539d3e5c возникла неизвестная ошибка: 
java.lang.NullPointerException: Cannot invoke "org.hibernate.metamodel.mapping.JdbcMapping.getJdbcValueBinder()" because "jdbcMapping" is null
	at org.hibernate.sql.exec.internal.AbstractJdbcParameter.bindParameterValue(AbstractJdbcParameter.java:118)
	at org.hibernate.sql.exec.internal.AbstractJdbcParameter.bindParameterValue(AbstractJdbcParameter.java:108)
	at org.hibernate.sql.exec.internal.StandardJdbcMutationExecutor.execute(StandardJdbcMutationExecutor.java:73)
	at org.hibernate.query.sqm.internal.SimpleUpdateQueryPlan.executeUpdate(SimpleUpdateQueryPlan.java:91)
	at org.hibernate.query.sqm.internal.QuerySqmImpl.doExecuteUpdate(QuerySqmImpl.java:735)
	at org.hibernate.query.sqm.internal.QuerySqmImpl.executeUpdate(QuerySqmImpl.java:705)
	at org.springframework.data.jpa.repository.query.JpaQueryExecution$ModifyingExecution.doExecute(JpaQueryExecution.java:266)
	at org.springframework.data.jpa.repository.query.JpaQueryExecution.execute(JpaQueryExecution.java:92)
	at org.springframework.data.jpa.repository.query.AbstractJpaQuery.doExecute(AbstractJpaQuery.java:149)
	at org.springframework.data.jpa.repository.query.AbstractJpaQuery.execute(AbstractJpaQuery.java:137)
	at org.springframework.data.repository.core.support.RepositoryMethodInvoker.doInvoke(RepositoryMethodInvoker.java:136)
	at org.springframework.data.repository.core.support.RepositoryMethodInvoker.invoke(RepositoryMethodInvoker.java:120)
	at org.springframework.data.repository.core.support.QueryExecutorMethodInterceptor.doInvoke(QueryExecutorMethodInterceptor.java:164)
	at org.springframework.data.repository.core.support.QueryExecutorMethodInterceptor.invoke(QueryExecutorMethodInterceptor.java:143)
	at org.springframework.aop.framework.ReflectiveMethodInvocation.proceed(ReflectiveMethodInvocation.java:184)
	at org.springframework.data.projection.DefaultMethodInvokingMethodInterceptor.invoke(DefaultMethodInvokingMethodInterceptor.java:70)
	at org.springframework.aop.framework.ReflectiveMethodInvocation.proceed(ReflectiveMethodInvocation.java:184)
	at org.springframework.transaction.interceptor.TransactionInterceptor$1.proceedWithInvocation(TransactionInterceptor.java:123)
	at org.springframework.transaction.interceptor.TransactionAspectSupport.invokeWithinTransaction(TransactionAspectSupport.java:391)
	at org.springframework.transaction.interceptor.TransactionInterceptor.invoke(TransactionInterceptor.java:119)
	at org.springframework.aop.framework.ReflectiveMethodInvocation.proceed(ReflectiveMethodInvocation.java:184)
	at org.springframework.dao.support.PersistenceExceptionTranslationInterceptor.invoke(PersistenceExceptionTranslationInterceptor.java:137)
	at org.springframework.aop.framework.ReflectiveMethodInvocation.proceed(ReflectiveMethodInvocation.java:184)
	at org.springframework.data.jpa.repository.support.CrudMethodMetadataPostProcessor$CrudMethodMetadataPopulatingMethodInterceptor.invoke(CrudMethodMetadataPostProcessor.java:135)
	at org.springframework.aop.framework.ReflectiveMethodInvocation.proceed(ReflectiveMethodInvocation.java:184)
	at org.springframework.aop.interceptor.ExposeInvocationInterceptor.invoke(ExposeInvocationInterceptor.java:97)
	at org.springframework.aop.framework.ReflectiveMethodInvocation.proceed(ReflectiveMethodInvocation.java:184)
	at org.springframework.aop.framework.JdkDynamicAopProxy.invoke(JdkDynamicAopProxy.java:244)
	at jdk.proxy2/jdk.proxy2.$Proxy148.update(Unknown Source)
	at ru.startup.skinscan.domain.service.AsyncPhotoProcessingExecutor.processPhoto(AsyncPhotoProcessingExecutor.java:130)
	at java.base/jdk.internal.reflect.DirectMethodHandleAccessor.invoke(DirectMethodHandleAccessor.java:103)
	at java.base/java.lang.reflect.Method.invoke(Method.java:580)
	at org.springframework.aop.support.AopUtils.invokeJoinpointUsingReflection(AopUtils.java:343)
	at org.springframework.aop.framework.ReflectiveMethodInvocation.invokeJoinpoint(ReflectiveMethodInvocation.java:196)
	at org.springframework.aop.framework.ReflectiveMethodInvocation.proceed(ReflectiveMethodInvocation.java:163)
	at org.springframework.aop.interceptor.AsyncExecutionInterceptor.lambda$invoke$0(AsyncExecutionInterceptor.java:115)
	at java.base/java.util.concurrent.FutureTask.run(FutureTask.java:317)
	at java.base/java.util.concurrent.ThreadPoolExecutor.runWorker(ThreadPoolExecutor.java:1144)
	at java.base/java.util.concurrent.ThreadPoolExecutor$Worker.run(ThreadPoolExecutor.java:642)
	at java.base/java.lang.Thread.run(Thread.java:1583)
2026-09-01 00:09:10.063 [PhotoProcessor-1] DEBUG [N/A] [N/A] org.hibernate.SQL - 
    update
        photo 
    set
        status=?,
        updated_at=cast(? as timestamp(6) with time zone) 
    where
        id=?
2026-09-01 00:09:10.067 [PhotoProcessor-1] DEBUG [N/A] [N/A] org.hibernate.SQL - 
    select
        a1_0.id,
        a1_0.completed_at,
        a1_0.photo_id,
        a1_0.requested_at,
        a1_0.result,
        a1_0.status 
    from
        analysis a1_0 
    where
        a1_0.photo_id=?
2026-09-01 00:09:10.073 [PhotoProcessor-1] DEBUG [N/A] [N/A] org.hibernate.SQL - 
    update
        analysis 
    set
        status=?,
        completed_at=cast(? as timestamp(6) with time zone) 
    where
        id=?
2026-09-01 00:09:16.890 [SpringApplicationShutdownHook] INFO  [N/A] [N/A] o.s.o.j.LocalContainerEntityManagerFactoryBean - Closing JPA EntityManagerFactory for persistence unit 'default'
2026-09-01 00:09:16.892 [SpringApplicationShutdownHook] INFO  [N/A] [N/A] com.zaxxer.hikari.HikariDataSource - HikariPool-1 - Shutdown initiated...
2026-09-01 00:09:16.897 [SpringApplicationShutdownHook] INFO  [N/A] [N/A] com.zaxxer.hikari.HikariDataSource - HikariPool-1 - Shutdown completed.
2026-09-01 00:10:06.619 [background-preinit] INFO  [N/A] [N/A] o.h.validator.internal.util.Version - HV000001: Hibernate Validator 8.0.1.Final
2026-09-01 00:10:06.652 [main] INFO  [N/A] [N/A] ru.startup.skinscan.Main - Starting Main using Java 21.0.10 with PID 8156 (C:\Users\ferdi\IdeaProjects\SkinScan\build\classes\java\main started by ferdi in C:\Users\ferdi\IdeaProjects\SkinScan)
2026-09-01 00:10:06.652 [main] DEBUG [N/A] [N/A] ru.startup.skinscan.Main - Running with Spring Boot v3.1.12, Spring v6.0.21
2026-09-01 00:10:06.653 [main] INFO  [N/A] [N/A] ru.startup.skinscan.Main - The following 1 profile is active: "local"
2026-09-01 00:10:07.512 [main] INFO  [N/A] [N/A] o.s.d.r.c.RepositoryConfigurationDelegate - Bootstrapping Spring Data JPA repositories in DEFAULT mode.
2026-09-01 00:10:07.580 [main] INFO  [N/A] [N/A] o.s.d.r.c.RepositoryConfigurationDelegate - Finished Spring Data repository scanning in 61 ms. Found 3 JPA repository interfaces.
2026-09-01 00:10:08.258 [main] INFO  [N/A] [N/A] o.s.b.w.e.tomcat.TomcatWebServer - Tomcat initialized with port(s): 8080 (http)
2026-09-01 00:10:08.272 [main] INFO  [N/A] [N/A] o.a.coyote.http11.Http11NioProtocol - Initializing ProtocolHandler ["http-nio-8080"]
2026-09-01 00:10:08.274 [main] INFO  [N/A] [N/A] o.a.catalina.core.StandardService - Starting service [Tomcat]
2026-09-01 00:10:08.274 [main] INFO  [N/A] [N/A] o.a.catalina.core.StandardEngine - Starting Servlet engine: [Apache Tomcat/10.1.24]
2026-09-01 00:10:08.357 [main] INFO  [N/A] [N/A] o.a.c.c.C.[Tomcat].[localhost].[/] - Initializing Spring embedded WebApplicationContext
2026-09-01 00:10:08.357 [main] INFO  [N/A] [N/A] o.s.b.w.s.c.ServletWebServerApplicationContext - Root WebApplicationContext: initialization completed in 1653 ms
2026-09-01 00:10:08.378 [main] INFO  [N/A] [N/A] r.s.s.s.r.RateLimiterInMemory - RateLimiter инициализирован с интервалом очистки: 300с
2026-09-01 00:10:08.574 [main] DEBUG [N/A] [N/A] o.f.c.i.s.classpath.ClassPathScanner - Scanning for classpath resources at 'classpath:db/callback' ...
2026-09-01 00:10:08.574 [main] DEBUG [N/A] [N/A] o.f.c.i.s.classpath.ClassPathScanner - Determining location urls for classpath:db/callback using ClassLoader TomcatEmbeddedWebappClassLoader
  context: ROOT
  delegate: true
----------> Parent Classloader:
jdk.internal.loader.ClassLoaders$AppClassLoader@3fee733d
 ...
2026-09-01 00:10:08.574 [main] DEBUG [N/A] [N/A] o.f.c.i.s.classpath.ClassPathScanner - Unable to resolve location classpath:db/callback.
2026-09-01 00:10:08.574 [main] DEBUG [N/A] [N/A] o.f.c.i.s.classpath.ClassPathScanner - Scanning for classpath resources at 'classpath:db/migration' ...
2026-09-01 00:10:08.574 [main] DEBUG [N/A] [N/A] o.f.c.i.s.classpath.ClassPathScanner - Determining location urls for classpath:db/migration using ClassLoader TomcatEmbeddedWebappClassLoader
  context: ROOT
  delegate: true
----------> Parent Classloader:
jdk.internal.loader.ClassLoaders$AppClassLoader@3fee733d
 ...
2026-09-01 00:10:08.575 [main] DEBUG [N/A] [N/A] o.f.c.i.s.classpath.ClassPathScanner - Scanning URL: file:/C:/Users/ferdi/IdeaProjects/SkinScan/build/resources/main/db/migration
2026-09-01 00:10:08.576 [main] DEBUG [N/A] [N/A] o.f.c.i.s.c.FileSystemClassPathLocationScanner - Scanning starting at classpath root in filesystem: C:\Users\ferdi\IdeaProjects\SkinScan\build\resources\main\
2026-09-01 00:10:08.576 [main] DEBUG [N/A] [N/A] o.f.c.i.s.c.FileSystemClassPathLocationScanner - Scanning for resources in path: C:\Users\ferdi\IdeaProjects\SkinScan\build\resources\main\db\migration (db/migration)
2026-09-01 00:10:08.577 [main] DEBUG [N/A] [N/A] o.f.c.i.s.classpath.ClassPathScanner - Found resource: db/migration/V1__create_users_table.sql
2026-09-01 00:10:08.578 [main] DEBUG [N/A] [N/A] o.f.c.i.s.classpath.ClassPathScanner - Found resource: db/migration/V2__create_photo_table.sql
2026-09-01 00:10:08.578 [main] DEBUG [N/A] [N/A] o.f.c.i.s.classpath.ClassPathScanner - Found resource: db/migration/V3__create_analysis_table.sql
2026-09-01 00:10:08.578 [main] DEBUG [N/A] [N/A] o.f.c.i.s.classpath.ClassPathScanner - Found resource: db/migration/V4__add_index.sql
2026-09-01 00:10:08.578 [main] DEBUG [N/A] [N/A] o.f.c.i.s.classpath.ClassPathScanner - Scanning for classes at classpath:db/migration
2026-09-01 00:10:08.581 [main] DEBUG [N/A] [N/A] o.f.c.i.r.ResourceNameValidator - Validating V2__create_photo_table.sql
2026-09-01 00:10:08.585 [main] INFO  [N/A] [N/A] com.zaxxer.hikari.HikariDataSource - HikariPool-1 - Starting...
2026-09-01 00:10:08.811 [main] INFO  [N/A] [N/A] com.zaxxer.hikari.pool.HikariPool - HikariPool-1 - Added connection org.postgresql.jdbc.PgConnection@1e56bc9b
2026-09-01 00:10:08.814 [main] INFO  [N/A] [N/A] com.zaxxer.hikari.HikariDataSource - HikariPool-1 - Start completed.
2026-09-01 00:10:08.843 [main] DEBUG [N/A] [N/A] o.f.c.i.r.ResourceNameValidator - Validating V1__create_users_table.sql
2026-09-01 00:10:08.843 [main] DEBUG [N/A] [N/A] o.f.c.i.r.ResourceNameValidator - Validating V4__add_index.sql
2026-09-01 00:10:08.844 [main] DEBUG [N/A] [N/A] o.f.c.i.r.ResourceNameValidator - Validating V3__create_analysis_table.sql
2026-09-01 00:10:08.851 [main] DEBUG [N/A] [N/A] o.f.c.i.d.DatabaseTypeRegister - Multiple databases found that handle url 'jdbc:postgresql://localhost:5432/skinScan': CockroachDB,PostgreSQL
2026-09-01 00:10:08.851 [main] INFO  [N/A] [N/A] org.flywaydb.core.FlywayExecutor - Database: jdbc:postgresql://localhost:5432/skinScan (PostgreSQL 18.1)
2026-09-01 00:10:08.851 [main] DEBUG [N/A] [N/A] org.flywaydb.core.FlywayExecutor - Database Type: PostgreSQL
2026-09-01 00:10:08.851 [main] DEBUG [N/A] [N/A] org.flywaydb.core.FlywayExecutor - Driver: PostgreSQL JDBC Driver 42.7.11
2026-09-01 00:10:08.852 [main] DEBUG [N/A] [N/A] org.flywaydb.core.FlywayExecutor - DDL Transactions Supported: true
2026-09-01 00:10:08.854 [main] DEBUG [N/A] [N/A] o.f.c.i.s.SchemaHistoryFactory - Schemas: 
2026-09-01 00:10:08.855 [main] DEBUG [N/A] [N/A] o.f.c.i.s.SchemaHistoryFactory - Default schema: null
2026-09-01 00:10:08.864 [main] WARN  [N/A] [N/A] o.f.c.i.database.base.Database - Flyway upgrade recommended: PostgreSQL 18.1 is newer than this version of Flyway and support has not been tested. The latest supported version of PostgreSQL is 16.
2026-09-01 00:10:08.866 [main] DEBUG [N/A] [N/A] o.f.c.i.c.SqlScriptCallbackFactory - Scanning for SQL callbacks ...
2026-09-01 00:10:08.878 [main] DEBUG [N/A] [N/A] o.f.core.internal.command.DbValidate - Validating migrations ...
2026-09-01 00:10:08.881 [main] DEBUG [N/A] [N/A] o.f.c.a.c.ClassicConfiguration - CherryPickConfigurationExtension not found
2026-09-01 00:10:08.890 [main] DEBUG [N/A] [N/A] o.f.core.internal.scanner.Scanner - Filtering out resource: db/migration/V2__create_photo_table.sql (filename: V2__create_photo_table.sql)
2026-09-01 00:10:08.891 [main] DEBUG [N/A] [N/A] o.f.core.internal.scanner.Scanner - Filtering out resource: db/migration/V1__create_users_table.sql (filename: V1__create_users_table.sql)
2026-09-01 00:10:08.892 [main] DEBUG [N/A] [N/A] o.f.core.internal.scanner.Scanner - Filtering out resource: db/migration/V4__add_index.sql (filename: V4__add_index.sql)
2026-09-01 00:10:08.892 [main] DEBUG [N/A] [N/A] o.f.core.internal.scanner.Scanner - Filtering out resource: db/migration/V3__create_analysis_table.sql (filename: V3__create_analysis_table.sql)
2026-09-01 00:10:08.893 [main] DEBUG [N/A] [N/A] o.f.core.internal.scanner.Scanner - Filtering out resource: db/migration/V2__create_photo_table.sql (filename: V2__create_photo_table.sql)
2026-09-01 00:10:08.893 [main] DEBUG [N/A] [N/A] o.f.core.internal.scanner.Scanner - Filtering out resource: db/migration/V1__create_users_table.sql (filename: V1__create_users_table.sql)
2026-09-01 00:10:08.893 [main] DEBUG [N/A] [N/A] o.f.core.internal.scanner.Scanner - Filtering out resource: db/migration/V4__add_index.sql (filename: V4__add_index.sql)
2026-09-01 00:10:08.894 [main] DEBUG [N/A] [N/A] o.f.core.internal.scanner.Scanner - Filtering out resource: db/migration/V3__create_analysis_table.sql (filename: V3__create_analysis_table.sql)
2026-09-01 00:10:08.919 [main] INFO  [N/A] [N/A] o.f.core.internal.command.DbValidate - Successfully validated 4 migrations (execution time 00:00.040s)
2026-09-01 00:10:08.922 [main] DEBUG [N/A] [N/A] o.f.core.internal.command.DbSchemas - Skipping creation of existing schema: "public"
2026-09-01 00:10:09.103 [main] DEBUG [N/A] [N/A] o.f.c.a.c.ClassicConfiguration - CherryPickConfigurationExtension not found
2026-09-01 00:10:09.106 [main] INFO  [N/A] [N/A] o.f.core.internal.command.DbMigrate - Current version of schema "public": 4
2026-09-01 00:10:09.109 [main] INFO  [N/A] [N/A] o.f.core.internal.command.DbMigrate - Schema "public" is up to date. No migration necessary.
2026-09-01 00:10:09.115 [main] DEBUG [N/A] [N/A] org.flywaydb.core.FlywayExecutor - Memory usage: 45 of 80M
2026-09-01 00:10:09.161 [main] DEBUG [N/A] [N/A] o.s.jdbc.datasource.DataSourceUtils - Fetching JDBC Connection from DataSource
2026-09-01 00:10:09.185 [main] INFO  [N/A] [N/A] o.h.jpa.internal.util.LogHelper - HHH000204: Processing PersistenceUnitInfo [name: default]
2026-09-01 00:10:09.227 [main] INFO  [N/A] [N/A] org.hibernate.Version - HHH000412: Hibernate ORM core version 6.2.25.Final
2026-09-01 00:10:09.229 [main] INFO  [N/A] [N/A] org.hibernate.cfg.Environment - HHH000406: Using bytecode reflection optimizer
2026-09-01 00:10:09.560 [main] INFO  [N/A] [N/A] o.s.o.j.p.SpringPersistenceUnitInfo - No LoadTimeWeaver setup: ignoring JPA class transformer
2026-09-01 00:10:10.270 [main] INFO  [N/A] [N/A] o.h.e.t.j.p.i.JtaPlatformInitiator - HHH000489: No JTA platform available (set 'hibernate.transaction.jta.platform' to enable JTA platform integration)
2026-09-01 00:10:10.272 [main] INFO  [N/A] [N/A] o.s.o.j.LocalContainerEntityManagerFactoryBean - Initialized JPA EntityManagerFactory for persistence unit 'default'
2026-09-01 00:10:10.555 [main] INFO  [N/A] [N/A] o.s.d.j.r.query.QueryEnhancerFactory - Hibernate is in classpath; If applicable, HQL parser will be used.
2026-09-01 00:10:10.951 [main] DEBUG [N/A] [N/A] r.s.s.s.filter.RateLimiterFilter - Filter 'rateLimiterFilter' configured for use
2026-09-01 00:10:10.951 [main] DEBUG [N/A] [N/A] r.s.skinscan.config.MdcLoggingFilter - Filter 'mdcLoggingFilter' configured for use
2026-09-01 00:10:11.020 [main] INFO  [N/A] [N/A] r.s.s.d.s.LocalFileStorageService - Инициализация локального хранилища фотографий с начальным путем: C:\Users\ferdi/data/uploads
2026-09-01 00:10:11.022 [main] INFO  [N/A] [N/A] r.s.s.d.s.LocalFileStorageService - Инициализация локального хранилища фотографий успешна завершена!
2026-09-01 00:10:11.064 [main] INFO  [N/A] [N/A] r.s.skinscan.config.AsyncConfig - Photo Task Executor запущен: базовое кол-во потоков=5, максимальное кол-во потоков=10, размер очереди ожидания=100
2026-09-01 00:10:11.067 [main] INFO  [N/A] [N/A] r.s.skinscan.config.AsyncConfig - Recovery Task Executor запущен
2026-09-01 00:10:11.172 [main] WARN  [N/A] [N/A] o.s.b.a.o.j.JpaBaseConfiguration$JpaWebConfiguration - spring.jpa.open-in-view is enabled by default. Therefore, database queries may be performed during view rendering. Explicitly configure spring.jpa.open-in-view to disable this warning
2026-09-01 00:10:11.187 [main] DEBUG [N/A] [N/A] o.s.s.c.a.a.c.AuthenticationConfiguration$DefaultPasswordEncoderAuthenticationManagerBuilder - No authenticationProviders and no parentAuthenticationManager defined. Returning null.
2026-09-01 00:10:11.416 [main] INFO  [N/A] [N/A] o.s.s.web.DefaultSecurityFilterChain - Will secure any request with [org.springframework.security.web.session.DisableEncodeUrlFilter@7c3920a7, org.springframework.security.web.context.request.async.WebAsyncManagerIntegrationFilter@12e5f7cb, org.springframework.security.web.context.SecurityContextHolderFilter@5e59844f, org.springframework.security.web.header.HeaderWriterFilter@79b9b628, org.springframework.web.filter.CorsFilter@2df05bd1, org.springframework.security.web.authentication.logout.LogoutFilter@147c00c7, ru.startup.skinscan.security.filter.RateLimiterFilter@344eaf7e, org.springframework.security.web.authentication.www.BasicAuthenticationFilter@5926f291, org.springframework.security.web.savedrequest.RequestCacheAwareFilter@67bf393c, org.springframework.security.web.servletapi.SecurityContextHolderAwareRequestFilter@628721ba, org.springframework.security.web.authentication.AnonymousAuthenticationFilter@6d821475, org.springframework.security.web.session.SessionManagementFilter@5aa0d535, org.springframework.security.web.access.ExceptionTranslationFilter@6070990b, org.springframework.security.web.access.intercept.AuthorizationFilter@43c25e89]
2026-09-01 00:10:11.799 [main] INFO  [N/A] [N/A] o.a.coyote.http11.Http11NioProtocol - Starting ProtocolHandler ["http-nio-8080"]
2026-09-01 00:10:11.825 [main] INFO  [N/A] [N/A] o.s.b.w.e.tomcat.TomcatWebServer - Tomcat started on port(s): 8080 (http) with context path ''
2026-09-01 00:10:11.836 [main] INFO  [N/A] [N/A] ru.startup.skinscan.Main - Started Main in 5.892 seconds (process running for 6.767)
2026-09-01 00:10:11.841 [scheduling-1] DEBUG [N/A] [N/A] r.s.s.s.PhotoRecoveryScheduler - Запуск проверки и обработки зависших фотографий
2026-09-01 00:10:11.946 [scheduling-1] DEBUG [N/A] [N/A] org.hibernate.SQL - 
    select
        p1_0.id,
        p1_0.created_at,
        p1_0.file_name,
        p1_0.file_size_bytes,
        p1_0.mime_type,
        p1_0.status,
        p1_0.storage_file_path,
        p1_0.updated_at,
        p1_0.user_id 
    from
        photo p1_0 
    where
        p1_0.status=? 
        and p1_0.created_at<cast(? as timestamp(6) with time zone)
2026-09-01 00:10:11.960 [scheduling-1] DEBUG [N/A] [N/A] r.s.s.s.PhotoRecoveryScheduler - Зависшие фотографии не найдены
2026-09-01 00:10:14.814 [http-nio-8080-exec-1] INFO  [N/A] [N/A] o.a.c.c.C.[Tomcat].[localhost].[/] - Initializing Spring DispatcherServlet 'dispatcherServlet'
2026-09-01 00:10:14.814 [http-nio-8080-exec-1] INFO  [N/A] [N/A] o.s.web.servlet.DispatcherServlet - Initializing Servlet 'dispatcherServlet'
2026-09-01 00:10:14.816 [http-nio-8080-exec-1] INFO  [N/A] [N/A] o.s.web.servlet.DispatcherServlet - Completed initialization in 1 ms
2026-09-01 00:10:14.844 [http-nio-8080-exec-1] DEBUG [N/A] [N/A] o.s.security.web.FilterChainProxy - Securing POST /skinScan/photos/upload
2026-09-01 00:10:14.899 [http-nio-8080-exec-1] DEBUG [N/A] [N/A] org.hibernate.SQL - 
    select
        u1_0.id,
        u1_0.created_at,
        u1_0.email,
        u1_0.login,
        u1_0.password,
        u1_0.phone,
        u1_0.updated_at 
    from
        users u1_0 
    where
        u1_0.login=?
2026-09-01 00:10:15.593 [http-nio-8080-exec-1] DEBUG [N/A] [N/A] org.hibernate.SQL - 
    select
        u1_0.id 
    from
        users u1_0 
    where
        u1_0.login=?
2026-09-01 00:10:16.060 [http-nio-8080-exec-1] INFO  [N/A] [N/A] r.s.s.s.s.CustomUserDetailsService - Поиск пользователя с логином: Andrey600
2026-09-01 00:10:16.062 [http-nio-8080-exec-1] DEBUG [N/A] [N/A] org.hibernate.SQL - 
    select
        u1_0.id,
        u1_0.created_at,
        u1_0.email,
        u1_0.login,
        u1_0.password,
        u1_0.phone,
        u1_0.updated_at 
    from
        users u1_0 
    where
        u1_0.login=?
2026-09-01 00:10:16.065 [http-nio-8080-exec-1] INFO  [N/A] [N/A] r.s.s.s.s.CustomUserDetailsService - Найден пользователь: Andrey600, пароль: $2a$12$82L1ISHBmtE5Mz8Sna4Kr.OxWw0qFyPc2rdTy8Pr6YSNBBPgoLaiK
2026-09-01 00:10:16.621 [http-nio-8080-exec-1] DEBUG [N/A] [N/A] o.s.s.a.d.DaoAuthenticationProvider - Authenticated user
2026-09-01 00:10:16.622 [http-nio-8080-exec-1] DEBUG [N/A] [N/A] o.s.s.w.a.w.BasicAuthenticationFilter - Set SecurityContextHolder to UsernamePasswordAuthenticationToken [Principal=org.springframework.security.core.userdetails.User [Username=Andrey600, Password=[PROTECTED], Enabled=true, AccountNonExpired=true, credentialsNonExpired=true, AccountNonLocked=true, Granted Authorities=[]], Credentials=[PROTECTED], Authenticated=true, Details=WebAuthenticationDetails [RemoteIpAddress=127.0.0.1, SessionId=null], Granted Authorities=[]]
2026-09-01 00:10:16.627 [http-nio-8080-exec-1] DEBUG [N/A] [N/A] o.s.security.web.FilterChainProxy - Secured POST /skinScan/photos/upload
2026-09-01 00:10:16.741 [http-nio-8080-exec-1] DEBUG [6f754e05-6455-4728-a633-832cafd73da3] [NO_SESSION] r.s.s.d.s.LocalFileStorageService - Файл сохранится в директории: C:\Users\ferdi\data\uploads\805dc\2026\09\9146f754-c235-4bd1-9001-92b9b8919fad.jpg, с временной директорией: C:\Users\ferdi\data\uploads\805dc\2026\09\temp\.9146f754-c235-4bd1-9001-92b9b8919fad.jpg.tmp
2026-09-01 00:10:16.747 [http-nio-8080-exec-1] INFO  [6f754e05-6455-4728-a633-832cafd73da3] [NO_SESSION] r.s.s.d.s.LocalFileStorageService - Файл успешно сохранен: 805dc/2026/09/9146f754-c235-4bd1-9001-92b9b8919fad.jpg, с размером: 33095 байт
2026-09-01 00:10:16.747 [http-nio-8080-exec-1] INFO  [6f754e05-6455-4728-a633-832cafd73da3] [NO_SESSION] r.s.s.d.service.PhotoServiceImpl - Фото сохранено в хранилище
2026-09-01 00:10:16.760 [http-nio-8080-exec-1] DEBUG [6f754e05-6455-4728-a633-832cafd73da3] [NO_SESSION] org.hibernate.SQL - 
    select
        p1_0.id,
        p1_0.created_at,
        p1_0.file_name,
        p1_0.file_size_bytes,
        p1_0.mime_type,
        p1_0.status,
        p1_0.storage_file_path,
        p1_0.updated_at,
        p1_0.user_id 
    from
        photo p1_0 
    where
        p1_0.id=?
2026-09-01 00:10:16.769 [http-nio-8080-exec-1] INFO  [6f754e05-6455-4728-a633-832cafd73da3] [NO_SESSION] r.s.s.d.service.PhotoServiceImpl - Метаданные фото 62bccc70-e42d-49fa-add4-08347abce271 сохранены в БД
2026-09-01 00:10:16.770 [http-nio-8080-exec-1] INFO  [6f754e05-6455-4728-a633-832cafd73da3] [NO_SESSION] r.s.s.d.service.PhotoServiceImpl - Запуск асинхронной обработки фото 62bccc70-e42d-49fa-add4-08347abce271
2026-09-01 00:10:16.771 [PhotoProcessor-1] INFO  [N/A] [N/A] r.s.s.d.s.AsyncPhotoProcessingExecutor - Запущен асинхронный процесс с фото: 62bccc70-e42d-49fa-add4-08347abce271, пользователя: 64641147-39de-45f8-a11f-7f57eb2805dc
2026-09-01 00:10:16.795 [http-nio-8080-exec-1] DEBUG [6f754e05-6455-4728-a633-832cafd73da3] [NO_SESSION] org.hibernate.SQL - 
    insert 
    into
        photo
        (created_at,file_name,file_size_bytes,mime_type,status,storage_file_path,updated_at,user_id,id) 
    values
        (?,?,?,?,?,?,?,?,?)
2026-09-01 00:10:17.801 [PhotoProcessor-1] DEBUG [N/A] [N/A] o.s.jdbc.datasource.DataSourceUtils - Setting JDBC Connection [HikariProxyConnection@222074513 wrapping org.postgresql.jdbc.PgConnection@1e56bc9b] read-only
2026-09-01 00:10:17.813 [PhotoProcessor-1] DEBUG [N/A] [N/A] org.hibernate.SQL - 
    select
        p1_0.id,
        p1_0.created_at,
        p1_0.file_name,
        p1_0.file_size_bytes,
        p1_0.mime_type,
        p1_0.status,
        p1_0.storage_file_path,
        p1_0.updated_at,
        p1_0.user_id 
    from
        photo p1_0 
    where
        p1_0.id=?
2026-09-01 00:10:17.818 [PhotoProcessor-1] DEBUG [N/A] [N/A] o.s.jdbc.datasource.DataSourceUtils - Resetting read-only flag of JDBC Connection [HikariProxyConnection@222074513 wrapping org.postgresql.jdbc.PgConnection@1e56bc9b]
2026-09-01 00:10:17.833 [PhotoProcessor-1] DEBUG [N/A] [N/A] org.hibernate.SQL - 
    update
        photo 
    set
        status=?,
        updated_at=cast(? as timestamp(6) with time zone) 
    where
        id=?
2026-09-01 00:10:17.836 [PhotoProcessor-1] INFO  [N/A] [N/A] r.s.s.d.s.AsyncPhotoProcessingExecutor - Сменен статус фото 62bccc70-e42d-49fa-add4-08347abce271 на PROCESSING
2026-09-01 00:10:17.837 [PhotoProcessor-1] DEBUG [N/A] [N/A] org.hibernate.SQL - 
    select
        a1_0.id,
        a1_0.completed_at,
        a1_0.photo_id,
        a1_0.requested_at,
        a1_0.result,
        a1_0.status 
    from
        analysis a1_0 
    where
        a1_0.id=?
2026-09-01 00:10:17.842 [PhotoProcessor-1] DEBUG [N/A] [N/A] org.hibernate.SQL - 
    insert 
    into
        analysis
        (completed_at,photo_id,requested_at,result,status,id) 
    values
        (?,?,?,?,?,?)
2026-09-01 00:10:17.853 [PhotoProcessor-1] INFO  [N/A] [N/A] r.s.s.d.s.AsyncPhotoProcessingExecutor - Сформирован запрос к ML сервису для фото: 62bccc70-e42d-49fa-add4-08347abce271, размером: 33095 байт
2026-09-01 00:10:17.854 [PhotoProcessor-1] INFO  [N/A] [N/A] r.s.s.d.s.AsyncPhotoProcessingExecutor - Вызов ML анализа фото: 62bccc70-e42d-49fa-add4-08347abce271
2026-09-01 00:10:17.854 [PhotoProcessor-1] INFO  [N/A] [N/A] ru.startup.skinscan.ML.StubMLClient - Заглушка ML: Анализ фото: 62bccc70-e42d-49fa-add4-08347abce271
2026-09-01 00:10:21.737 [PhotoProcessor-1] INFO  [N/A] [N/A] ru.startup.skinscan.ML.StubMLClient - Заглушка ML: Фото: 62bccc70-e42d-49fa-add4-08347abce271 обработано за 3883 ms
2026-09-01 00:10:21.738 [PhotoProcessor-1] INFO  [N/A] [N/A] r.s.s.d.s.AsyncPhotoProcessingExecutor - ML анализ фото: 62bccc70-e42d-49fa-add4-08347abce271, завершен за время: 3884ms
2026-09-01 00:10:21.757 [PhotoProcessor-1] DEBUG [N/A] [N/A] org.hibernate.SQL - 
    update
        analysis 
    set
        result=?,
        status=?,
        completed_at=cast(? as timestamp(6) with time zone) 
    where
        id=?
2026-09-01 00:10:21.779 [PhotoProcessor-1] DEBUG [N/A] [N/A] org.hibernate.SQL - 
    select
        p1_0.id 
    from
        photo p1_0 
    where
        p1_0.file_name=?
2026-09-01 00:10:21.783 [PhotoProcessor-1] ERROR [N/A] [N/A] r.s.s.d.s.AsyncPhotoProcessingExecutor - В процессе обработки фото 62bccc70-e42d-49fa-add4-08347abce271 возникла неизвестная ошибка: 
java.lang.NullPointerException: Cannot invoke "org.hibernate.metamodel.mapping.JdbcMapping.getJdbcValueBinder()" because "jdbcMapping" is null
	at org.hibernate.sql.exec.internal.AbstractJdbcParameter.bindParameterValue(AbstractJdbcParameter.java:118)
	at org.hibernate.sql.exec.internal.AbstractJdbcParameter.bindParameterValue(AbstractJdbcParameter.java:108)
	at org.hibernate.sql.exec.internal.StandardJdbcMutationExecutor.execute(StandardJdbcMutationExecutor.java:73)
	at org.hibernate.query.sqm.internal.SimpleUpdateQueryPlan.executeUpdate(SimpleUpdateQueryPlan.java:91)
	at org.hibernate.query.sqm.internal.QuerySqmImpl.doExecuteUpdate(QuerySqmImpl.java:735)
	at org.hibernate.query.sqm.internal.QuerySqmImpl.executeUpdate(QuerySqmImpl.java:705)
	at org.springframework.data.jpa.repository.query.JpaQueryExecution$ModifyingExecution.doExecute(JpaQueryExecution.java:266)
	at org.springframework.data.jpa.repository.query.JpaQueryExecution.execute(JpaQueryExecution.java:92)
	at org.springframework.data.jpa.repository.query.AbstractJpaQuery.doExecute(AbstractJpaQuery.java:149)
	at org.springframework.data.jpa.repository.query.AbstractJpaQuery.execute(AbstractJpaQuery.java:137)
	at org.springframework.data.repository.core.support.RepositoryMethodInvoker.doInvoke(RepositoryMethodInvoker.java:136)
	at org.springframework.data.repository.core.support.RepositoryMethodInvoker.invoke(RepositoryMethodInvoker.java:120)
	at org.springframework.data.repository.core.support.QueryExecutorMethodInterceptor.doInvoke(QueryExecutorMethodInterceptor.java:164)
	at org.springframework.data.repository.core.support.QueryExecutorMethodInterceptor.invoke(QueryExecutorMethodInterceptor.java:143)
	at org.springframework.aop.framework.ReflectiveMethodInvocation.proceed(ReflectiveMethodInvocation.java:184)
	at org.springframework.data.projection.DefaultMethodInvokingMethodInterceptor.invoke(DefaultMethodInvokingMethodInterceptor.java:70)
	at org.springframework.aop.framework.ReflectiveMethodInvocation.proceed(ReflectiveMethodInvocation.java:184)
	at org.springframework.transaction.interceptor.TransactionInterceptor$1.proceedWithInvocation(TransactionInterceptor.java:123)
	at org.springframework.transaction.interceptor.TransactionAspectSupport.invokeWithinTransaction(TransactionAspectSupport.java:391)
	at org.springframework.transaction.interceptor.TransactionInterceptor.invoke(TransactionInterceptor.java:119)
	at org.springframework.aop.framework.ReflectiveMethodInvocation.proceed(ReflectiveMethodInvocation.java:184)
	at org.springframework.dao.support.PersistenceExceptionTranslationInterceptor.invoke(PersistenceExceptionTranslationInterceptor.java:137)
	at org.springframework.aop.framework.ReflectiveMethodInvocation.proceed(ReflectiveMethodInvocation.java:184)
	at org.springframework.data.jpa.repository.support.CrudMethodMetadataPostProcessor$CrudMethodMetadataPopulatingMethodInterceptor.invoke(CrudMethodMetadataPostProcessor.java:135)
	at org.springframework.aop.framework.ReflectiveMethodInvocation.proceed(ReflectiveMethodInvocation.java:184)
	at org.springframework.aop.interceptor.ExposeInvocationInterceptor.invoke(ExposeInvocationInterceptor.java:97)
	at org.springframework.aop.framework.ReflectiveMethodInvocation.proceed(ReflectiveMethodInvocation.java:184)
	at org.springframework.aop.framework.JdkDynamicAopProxy.invoke(JdkDynamicAopProxy.java:244)
	at jdk.proxy2/jdk.proxy2.$Proxy148.update(Unknown Source)
	at ru.startup.skinscan.domain.service.AsyncPhotoProcessingExecutor.processPhoto(AsyncPhotoProcessingExecutor.java:130)
	at java.base/jdk.internal.reflect.DirectMethodHandleAccessor.invoke(DirectMethodHandleAccessor.java:103)
	at java.base/java.lang.reflect.Method.invoke(Method.java:580)
	at org.springframework.aop.support.AopUtils.invokeJoinpointUsingReflection(AopUtils.java:343)
	at org.springframework.aop.framework.ReflectiveMethodInvocation.invokeJoinpoint(ReflectiveMethodInvocation.java:196)
	at org.springframework.aop.framework.ReflectiveMethodInvocation.proceed(ReflectiveMethodInvocation.java:163)
	at org.springframework.aop.interceptor.AsyncExecutionInterceptor.lambda$invoke$0(AsyncExecutionInterceptor.java:115)
	at java.base/java.util.concurrent.FutureTask.run(FutureTask.java:317)
	at java.base/java.util.concurrent.ThreadPoolExecutor.runWorker(ThreadPoolExecutor.java:1144)
	at java.base/java.util.concurrent.ThreadPoolExecutor$Worker.run(ThreadPoolExecutor.java:642)
	at java.base/java.lang.Thread.run(Thread.java:1583)
2026-09-01 00:10:21.790 [PhotoProcessor-1] DEBUG [N/A] [N/A] org.hibernate.SQL - 
    update
        photo 
    set
        status=?,
        updated_at=cast(? as timestamp(6) with time zone) 
    where
        id=?
2026-09-01 00:10:21.795 [PhotoProcessor-1] DEBUG [N/A] [N/A] org.hibernate.SQL - 
    select
        a1_0.id,
        a1_0.completed_at,
        a1_0.photo_id,
        a1_0.requested_at,
        a1_0.result,
        a1_0.status 
    from
        analysis a1_0 
    where
        a1_0.photo_id=?
2026-09-01 00:10:21.801 [PhotoProcessor-1] DEBUG [N/A] [N/A] org.hibernate.SQL - 
    update
        analysis 
    set
        status=?,
        completed_at=cast(? as timestamp(6) with time zone) 
    where
        id=?
2026-09-01 00:10:47.158 [SpringApplicationShutdownHook] INFO  [N/A] [N/A] o.s.o.j.LocalContainerEntityManagerFactoryBean - Closing JPA EntityManagerFactory for persistence unit 'default'
2026-09-01 00:10:47.159 [SpringApplicationShutdownHook] INFO  [N/A] [N/A] com.zaxxer.hikari.HikariDataSource - HikariPool-1 - Shutdown initiated...
2026-09-01 00:10:47.162 [SpringApplicationShutdownHook] INFO  [N/A] [N/A] com.zaxxer.hikari.HikariDataSource - HikariPool-1 - Shutdown completed.
2026-09-01 00:11:50.926 [background-preinit] INFO  [N/A] [N/A] o.h.validator.internal.util.Version - HV000001: Hibernate Validator 8.0.1.Final
2026-09-01 00:11:50.965 [main] INFO  [N/A] [N/A] ru.startup.skinscan.Main - Starting Main using Java 21.0.10 with PID 9260 (C:\Users\ferdi\IdeaProjects\SkinScan\build\classes\java\main started by ferdi in C:\Users\ferdi\IdeaProjects\SkinScan)
2026-09-01 00:11:50.966 [main] DEBUG [N/A] [N/A] ru.startup.skinscan.Main - Running with Spring Boot v3.1.12, Spring v6.0.21
2026-09-01 00:11:50.968 [main] INFO  [N/A] [N/A] ru.startup.skinscan.Main - The following 1 profile is active: "local"
2026-09-01 00:11:52.011 [main] INFO  [N/A] [N/A] o.s.d.r.c.RepositoryConfigurationDelegate - Bootstrapping Spring Data JPA repositories in DEFAULT mode.
2026-09-01 00:11:52.092 [main] INFO  [N/A] [N/A] o.s.d.r.c.RepositoryConfigurationDelegate - Finished Spring Data repository scanning in 73 ms. Found 3 JPA repository interfaces.
2026-09-01 00:11:52.605 [main] INFO  [N/A] [N/A] o.s.b.w.e.tomcat.TomcatWebServer - Tomcat initialized with port(s): 8080 (http)
2026-09-01 00:11:52.613 [main] INFO  [N/A] [N/A] o.a.coyote.http11.Http11NioProtocol - Initializing ProtocolHandler ["http-nio-8080"]
2026-09-01 00:11:52.616 [main] INFO  [N/A] [N/A] o.a.catalina.core.StandardService - Starting service [Tomcat]
2026-09-01 00:11:52.616 [main] INFO  [N/A] [N/A] o.a.catalina.core.StandardEngine - Starting Servlet engine: [Apache Tomcat/10.1.24]
2026-09-01 00:11:52.744 [main] INFO  [N/A] [N/A] o.a.c.c.C.[Tomcat].[localhost].[/] - Initializing Spring embedded WebApplicationContext
2026-09-01 00:11:52.744 [main] INFO  [N/A] [N/A] o.s.b.w.s.c.ServletWebServerApplicationContext - Root WebApplicationContext: initialization completed in 1710 ms
2026-09-01 00:11:52.769 [main] INFO  [N/A] [N/A] r.s.s.s.r.RateLimiterInMemory - RateLimiter инициализирован с интервалом очистки: 300с
2026-09-01 00:11:52.983 [main] DEBUG [N/A] [N/A] o.f.c.i.s.classpath.ClassPathScanner - Scanning for classpath resources at 'classpath:db/callback' ...
2026-09-01 00:11:52.983 [main] DEBUG [N/A] [N/A] o.f.c.i.s.classpath.ClassPathScanner - Determining location urls for classpath:db/callback using ClassLoader TomcatEmbeddedWebappClassLoader
  context: ROOT
  delegate: true
----------> Parent Classloader:
jdk.internal.loader.ClassLoaders$AppClassLoader@3fee733d
 ...
2026-09-01 00:11:52.984 [main] DEBUG [N/A] [N/A] o.f.c.i.s.classpath.ClassPathScanner - Unable to resolve location classpath:db/callback.
2026-09-01 00:11:52.984 [main] DEBUG [N/A] [N/A] o.f.c.i.s.classpath.ClassPathScanner - Scanning for classpath resources at 'classpath:db/migration' ...
2026-09-01 00:11:52.985 [main] DEBUG [N/A] [N/A] o.f.c.i.s.classpath.ClassPathScanner - Determining location urls for classpath:db/migration using ClassLoader TomcatEmbeddedWebappClassLoader
  context: ROOT
  delegate: true
----------> Parent Classloader:
jdk.internal.loader.ClassLoaders$AppClassLoader@3fee733d
 ...
2026-09-01 00:11:52.986 [main] DEBUG [N/A] [N/A] o.f.c.i.s.classpath.ClassPathScanner - Scanning URL: file:/C:/Users/ferdi/IdeaProjects/SkinScan/build/resources/main/db/migration
2026-09-01 00:11:52.988 [main] DEBUG [N/A] [N/A] o.f.c.i.s.c.FileSystemClassPathLocationScanner - Scanning starting at classpath root in filesystem: C:\Users\ferdi\IdeaProjects\SkinScan\build\resources\main\
2026-09-01 00:11:52.989 [main] DEBUG [N/A] [N/A] o.f.c.i.s.c.FileSystemClassPathLocationScanner - Scanning for resources in path: C:\Users\ferdi\IdeaProjects\SkinScan\build\resources\main\db\migration (db/migration)
2026-09-01 00:11:52.990 [main] DEBUG [N/A] [N/A] o.f.c.i.s.classpath.ClassPathScanner - Found resource: db/migration/V1__create_users_table.sql
2026-09-01 00:11:52.990 [main] DEBUG [N/A] [N/A] o.f.c.i.s.classpath.ClassPathScanner - Found resource: db/migration/V2__create_photo_table.sql
2026-09-01 00:11:52.990 [main] DEBUG [N/A] [N/A] o.f.c.i.s.classpath.ClassPathScanner - Found resource: db/migration/V3__create_analysis_table.sql
2026-09-01 00:11:52.990 [main] DEBUG [N/A] [N/A] o.f.c.i.s.classpath.ClassPathScanner - Found resource: db/migration/V4__add_index.sql
2026-09-01 00:11:52.990 [main] DEBUG [N/A] [N/A] o.f.c.i.s.classpath.ClassPathScanner - Scanning for classes at classpath:db/migration
2026-09-01 00:11:52.994 [main] DEBUG [N/A] [N/A] o.f.c.i.r.ResourceNameValidator - Validating V2__create_photo_table.sql
2026-09-01 00:11:52.998 [main] INFO  [N/A] [N/A] com.zaxxer.hikari.HikariDataSource - HikariPool-1 - Starting...
2026-09-01 00:11:53.182 [main] INFO  [N/A] [N/A] com.zaxxer.hikari.pool.HikariPool - HikariPool-1 - Added connection org.postgresql.jdbc.PgConnection@251a90ce
2026-09-01 00:11:53.184 [main] INFO  [N/A] [N/A] com.zaxxer.hikari.HikariDataSource - HikariPool-1 - Start completed.
2026-09-01 00:11:53.214 [main] DEBUG [N/A] [N/A] o.f.c.i.r.ResourceNameValidator - Validating V1__create_users_table.sql
2026-09-01 00:11:53.215 [main] DEBUG [N/A] [N/A] o.f.c.i.r.ResourceNameValidator - Validating V4__add_index.sql
2026-09-01 00:11:53.216 [main] DEBUG [N/A] [N/A] o.f.c.i.r.ResourceNameValidator - Validating V3__create_analysis_table.sql
2026-09-01 00:11:53.222 [main] DEBUG [N/A] [N/A] o.f.c.i.d.DatabaseTypeRegister - Multiple databases found that handle url 'jdbc:postgresql://localhost:5432/skinScan': CockroachDB,PostgreSQL
2026-09-01 00:11:53.223 [main] INFO  [N/A] [N/A] org.flywaydb.core.FlywayExecutor - Database: jdbc:postgresql://localhost:5432/skinScan (PostgreSQL 18.1)
2026-09-01 00:11:53.223 [main] DEBUG [N/A] [N/A] org.flywaydb.core.FlywayExecutor - Database Type: PostgreSQL
2026-09-01 00:11:53.223 [main] DEBUG [N/A] [N/A] org.flywaydb.core.FlywayExecutor - Driver: PostgreSQL JDBC Driver 42.7.11
2026-09-01 00:11:53.223 [main] DEBUG [N/A] [N/A] org.flywaydb.core.FlywayExecutor - DDL Transactions Supported: true
2026-09-01 00:11:53.225 [main] DEBUG [N/A] [N/A] o.f.c.i.s.SchemaHistoryFactory - Schemas: 
2026-09-01 00:11:53.225 [main] DEBUG [N/A] [N/A] o.f.c.i.s.SchemaHistoryFactory - Default schema: null
2026-09-01 00:11:53.234 [main] WARN  [N/A] [N/A] o.f.c.i.database.base.Database - Flyway upgrade recommended: PostgreSQL 18.1 is newer than this version of Flyway and support has not been tested. The latest supported version of PostgreSQL is 16.
2026-09-01 00:11:53.235 [main] DEBUG [N/A] [N/A] o.f.c.i.c.SqlScriptCallbackFactory - Scanning for SQL callbacks ...
2026-09-01 00:11:53.246 [main] DEBUG [N/A] [N/A] o.f.core.internal.command.DbValidate - Validating migrations ...
2026-09-01 00:11:53.250 [main] DEBUG [N/A] [N/A] o.f.c.a.c.ClassicConfiguration - CherryPickConfigurationExtension not found
2026-09-01 00:11:53.262 [main] DEBUG [N/A] [N/A] o.f.core.internal.scanner.Scanner - Filtering out resource: db/migration/V2__create_photo_table.sql (filename: V2__create_photo_table.sql)
2026-09-01 00:11:53.262 [main] DEBUG [N/A] [N/A] o.f.core.internal.scanner.Scanner - Filtering out resource: db/migration/V1__create_users_table.sql (filename: V1__create_users_table.sql)
2026-09-01 00:11:53.262 [main] DEBUG [N/A] [N/A] o.f.core.internal.scanner.Scanner - Filtering out resource: db/migration/V4__add_index.sql (filename: V4__add_index.sql)
2026-09-01 00:11:53.262 [main] DEBUG [N/A] [N/A] o.f.core.internal.scanner.Scanner - Filtering out resource: db/migration/V3__create_analysis_table.sql (filename: V3__create_analysis_table.sql)
2026-09-01 00:11:53.263 [main] DEBUG [N/A] [N/A] o.f.core.internal.scanner.Scanner - Filtering out resource: db/migration/V2__create_photo_table.sql (filename: V2__create_photo_table.sql)
2026-09-01 00:11:53.263 [main] DEBUG [N/A] [N/A] o.f.core.internal.scanner.Scanner - Filtering out resource: db/migration/V1__create_users_table.sql (filename: V1__create_users_table.sql)
2026-09-01 00:11:53.263 [main] DEBUG [N/A] [N/A] o.f.core.internal.scanner.Scanner - Filtering out resource: db/migration/V4__add_index.sql (filename: V4__add_index.sql)
2026-09-01 00:11:53.263 [main] DEBUG [N/A] [N/A] o.f.core.internal.scanner.Scanner - Filtering out resource: db/migration/V3__create_analysis_table.sql (filename: V3__create_analysis_table.sql)
2026-09-01 00:11:53.297 [main] INFO  [N/A] [N/A] o.f.core.internal.command.DbValidate - Successfully validated 4 migrations (execution time 00:00.049s)
2026-09-01 00:11:53.301 [main] DEBUG [N/A] [N/A] o.f.core.internal.command.DbSchemas - Skipping creation of existing schema: "public"
2026-09-01 00:11:53.381 [main] DEBUG [N/A] [N/A] o.f.c.a.c.ClassicConfiguration - CherryPickConfigurationExtension not found
2026-09-01 00:11:53.384 [main] INFO  [N/A] [N/A] o.f.core.internal.command.DbMigrate - Current version of schema "public": 4
2026-09-01 00:11:53.387 [main] INFO  [N/A] [N/A] o.f.core.internal.command.DbMigrate - Schema "public" is up to date. No migration necessary.
2026-09-01 00:11:53.392 [main] DEBUG [N/A] [N/A] org.flywaydb.core.FlywayExecutor - Memory usage: 41 of 88M
2026-09-01 00:11:53.453 [main] DEBUG [N/A] [N/A] o.s.jdbc.datasource.DataSourceUtils - Fetching JDBC Connection from DataSource
2026-09-01 00:11:53.491 [main] INFO  [N/A] [N/A] o.h.jpa.internal.util.LogHelper - HHH000204: Processing PersistenceUnitInfo [name: default]
2026-09-01 00:11:53.558 [main] INFO  [N/A] [N/A] org.hibernate.Version - HHH000412: Hibernate ORM core version 6.2.25.Final
2026-09-01 00:11:53.562 [main] INFO  [N/A] [N/A] org.hibernate.cfg.Environment - HHH000406: Using bytecode reflection optimizer
2026-09-01 00:11:54.029 [main] INFO  [N/A] [N/A] o.s.o.j.p.SpringPersistenceUnitInfo - No LoadTimeWeaver setup: ignoring JPA class transformer
2026-09-01 00:11:54.957 [main] INFO  [N/A] [N/A] o.h.e.t.j.p.i.JtaPlatformInitiator - HHH000489: No JTA platform available (set 'hibernate.transaction.jta.platform' to enable JTA platform integration)
2026-09-01 00:11:54.962 [main] INFO  [N/A] [N/A] o.s.o.j.LocalContainerEntityManagerFactoryBean - Initialized JPA EntityManagerFactory for persistence unit 'default'
2026-09-01 00:11:55.142 [main] INFO  [N/A] [N/A] o.s.d.j.r.query.QueryEnhancerFactory - Hibernate is in classpath; If applicable, HQL parser will be used.
2026-09-01 00:11:55.645 [main] DEBUG [N/A] [N/A] r.s.s.s.filter.RateLimiterFilter - Filter 'rateLimiterFilter' configured for use
2026-09-01 00:11:55.645 [main] DEBUG [N/A] [N/A] r.s.skinscan.config.MdcLoggingFilter - Filter 'mdcLoggingFilter' configured for use
2026-09-01 00:11:55.721 [main] INFO  [N/A] [N/A] r.s.s.d.s.LocalFileStorageService - Инициализация локального хранилища фотографий с начальным путем: C:\Users\ferdi/data/uploads
2026-09-01 00:11:55.723 [main] INFO  [N/A] [N/A] r.s.s.d.s.LocalFileStorageService - Инициализация локального хранилища фотографий успешна завершена!
2026-09-01 00:11:55.778 [main] INFO  [N/A] [N/A] r.s.skinscan.config.AsyncConfig - Photo Task Executor запущен: базовое кол-во потоков=5, максимальное кол-во потоков=10, размер очереди ожидания=100
2026-09-01 00:11:55.781 [main] INFO  [N/A] [N/A] r.s.skinscan.config.AsyncConfig - Recovery Task Executor запущен
2026-09-01 00:11:55.896 [main] WARN  [N/A] [N/A] o.s.b.a.o.j.JpaBaseConfiguration$JpaWebConfiguration - spring.jpa.open-in-view is enabled by default. Therefore, database queries may be performed during view rendering. Explicitly configure spring.jpa.open-in-view to disable this warning
2026-09-01 00:11:55.911 [main] DEBUG [N/A] [N/A] o.s.s.c.a.a.c.AuthenticationConfiguration$DefaultPasswordEncoderAuthenticationManagerBuilder - No authenticationProviders and no parentAuthenticationManager defined. Returning null.
2026-09-01 00:11:56.136 [main] INFO  [N/A] [N/A] o.s.s.web.DefaultSecurityFilterChain - Will secure any request with [org.springframework.security.web.session.DisableEncodeUrlFilter@5926f291, org.springframework.security.web.context.request.async.WebAsyncManagerIntegrationFilter@5f0c04d2, org.springframework.security.web.context.SecurityContextHolderFilter@5aa0d535, org.springframework.security.web.header.HeaderWriterFilter@35266985, org.springframework.web.filter.CorsFilter@4ff1f872, org.springframework.security.web.authentication.logout.LogoutFilter@40f88929, ru.startup.skinscan.security.filter.RateLimiterFilter@2acbbee4, org.springframework.security.web.authentication.www.BasicAuthenticationFilter@d2161b6, org.springframework.security.web.savedrequest.RequestCacheAwareFilter@76334a3a, org.springframework.security.web.servletapi.SecurityContextHolderAwareRequestFilter@b31cd6b, org.springframework.security.web.authentication.AnonymousAuthenticationFilter@7c3920a7, org.springframework.security.web.session.SessionManagementFilter@68c9cf93, org.springframework.security.web.access.ExceptionTranslationFilter@1082883b, org.springframework.security.web.access.intercept.AuthorizationFilter@9223122]
2026-09-01 00:11:56.593 [main] INFO  [N/A] [N/A] o.a.coyote.http11.Http11NioProtocol - Starting ProtocolHandler ["http-nio-8080"]
2026-09-01 00:11:56.614 [main] INFO  [N/A] [N/A] o.s.b.w.e.tomcat.TomcatWebServer - Tomcat started on port(s): 8080 (http) with context path ''
2026-09-01 00:11:56.625 [main] INFO  [N/A] [N/A] ru.startup.skinscan.Main - Started Main in 6.198 seconds (process running for 7.212)
2026-09-01 00:11:56.632 [scheduling-1] DEBUG [N/A] [N/A] r.s.s.s.PhotoRecoveryScheduler - Запуск проверки и обработки зависших фотографий
2026-09-01 00:11:56.718 [scheduling-1] DEBUG [N/A] [N/A] org.hibernate.SQL - 
    select
        p1_0.id,
        p1_0.created_at,
        p1_0.file_name,
        p1_0.file_size_bytes,
        p1_0.mime_type,
        p1_0.status,
        p1_0.storage_file_path,
        p1_0.updated_at,
        p1_0.user_id 
    from
        photo p1_0 
    where
        p1_0.status=? 
        and p1_0.created_at<cast(? as timestamp(6) with time zone)
2026-09-01 00:11:56.728 [scheduling-1] DEBUG [N/A] [N/A] r.s.s.s.PhotoRecoveryScheduler - Зависшие фотографии не найдены
2026-09-01 00:12:00.776 [http-nio-8080-exec-1] INFO  [N/A] [N/A] o.a.c.c.C.[Tomcat].[localhost].[/] - Initializing Spring DispatcherServlet 'dispatcherServlet'
2026-09-01 00:12:00.777 [http-nio-8080-exec-1] INFO  [N/A] [N/A] o.s.web.servlet.DispatcherServlet - Initializing Servlet 'dispatcherServlet'
2026-09-01 00:12:00.779 [http-nio-8080-exec-1] INFO  [N/A] [N/A] o.s.web.servlet.DispatcherServlet - Completed initialization in 2 ms
2026-09-01 00:12:00.814 [http-nio-8080-exec-1] DEBUG [N/A] [N/A] o.s.security.web.FilterChainProxy - Securing POST /skinScan/photos/upload
2026-09-01 00:12:00.859 [http-nio-8080-exec-1] DEBUG [N/A] [N/A] org.hibernate.SQL - 
    select
        u1_0.id,
        u1_0.created_at,
        u1_0.email,
        u1_0.login,
        u1_0.password,
        u1_0.phone,
        u1_0.updated_at 
    from
        users u1_0 
    where
        u1_0.login=?
2026-09-01 00:12:01.544 [http-nio-8080-exec-1] DEBUG [N/A] [N/A] org.hibernate.SQL - 
    select
        u1_0.id 
    from
        users u1_0 
    where
        u1_0.login=?
2026-09-01 00:12:01.981 [http-nio-8080-exec-1] INFO  [N/A] [N/A] r.s.s.s.s.CustomUserDetailsService - Поиск пользователя с логином: Andrey600
2026-09-01 00:12:01.982 [http-nio-8080-exec-1] DEBUG [N/A] [N/A] org.hibernate.SQL - 
    select
        u1_0.id,
        u1_0.created_at,
        u1_0.email,
        u1_0.login,
        u1_0.password,
        u1_0.phone,
        u1_0.updated_at 
    from
        users u1_0 
    where
        u1_0.login=?
2026-09-01 00:12:01.986 [http-nio-8080-exec-1] INFO  [N/A] [N/A] r.s.s.s.s.CustomUserDetailsService - Найден пользователь: Andrey600, пароль: $2a$12$82L1ISHBmtE5Mz8Sna4Kr.OxWw0qFyPc2rdTy8Pr6YSNBBPgoLaiK
2026-09-01 00:12:02.535 [http-nio-8080-exec-1] DEBUG [N/A] [N/A] o.s.s.a.d.DaoAuthenticationProvider - Authenticated user
2026-09-01 00:12:02.536 [http-nio-8080-exec-1] DEBUG [N/A] [N/A] o.s.s.w.a.w.BasicAuthenticationFilter - Set SecurityContextHolder to UsernamePasswordAuthenticationToken [Principal=org.springframework.security.core.userdetails.User [Username=Andrey600, Password=[PROTECTED], Enabled=true, AccountNonExpired=true, credentialsNonExpired=true, AccountNonLocked=true, Granted Authorities=[]], Credentials=[PROTECTED], Authenticated=true, Details=WebAuthenticationDetails [RemoteIpAddress=127.0.0.1, SessionId=null], Granted Authorities=[]]
2026-09-01 00:12:02.543 [http-nio-8080-exec-1] DEBUG [N/A] [N/A] o.s.security.web.FilterChainProxy - Secured POST /skinScan/photos/upload
2026-09-01 00:12:02.693 [http-nio-8080-exec-1] DEBUG [523d11be-c783-45e3-a7fb-036cfa0064e3] [NO_SESSION] r.s.s.d.s.LocalFileStorageService - Файл сохранится в директории: C:\Users\ferdi\data\uploads\805dc\2026\09\4ea09b38-a2d3-4af0-9aee-156465546e7d.jpg, с временной директорией: C:\Users\ferdi\data\uploads\805dc\2026\09\temp\.4ea09b38-a2d3-4af0-9aee-156465546e7d.jpg.tmp
2026-09-01 00:12:02.701 [http-nio-8080-exec-1] INFO  [523d11be-c783-45e3-a7fb-036cfa0064e3] [NO_SESSION] r.s.s.d.s.LocalFileStorageService - Файл успешно сохранен: 805dc/2026/09/4ea09b38-a2d3-4af0-9aee-156465546e7d.jpg, с размером: 33095 байт
2026-09-01 00:12:02.701 [http-nio-8080-exec-1] INFO  [523d11be-c783-45e3-a7fb-036cfa0064e3] [NO_SESSION] r.s.s.d.service.PhotoServiceImpl - Фото сохранено в хранилище
2026-09-01 00:12:02.722 [http-nio-8080-exec-1] DEBUG [523d11be-c783-45e3-a7fb-036cfa0064e3] [NO_SESSION] org.hibernate.SQL - 
    select
        p1_0.id,
        p1_0.created_at,
        p1_0.file_name,
        p1_0.file_size_bytes,
        p1_0.mime_type,
        p1_0.status,
        p1_0.storage_file_path,
        p1_0.updated_at,
        p1_0.user_id 
    from
        photo p1_0 
    where
        p1_0.id=?
2026-09-01 00:12:02.742 [http-nio-8080-exec-1] INFO  [523d11be-c783-45e3-a7fb-036cfa0064e3] [NO_SESSION] r.s.s.d.service.PhotoServiceImpl - Метаданные фото 8c138cad-8ba3-4d2a-bf5f-e98891e1cdc6 сохранены в БД
2026-09-01 00:12:02.745 [http-nio-8080-exec-1] INFO  [523d11be-c783-45e3-a7fb-036cfa0064e3] [NO_SESSION] r.s.s.d.service.PhotoServiceImpl - Запуск асинхронной обработки фото 8c138cad-8ba3-4d2a-bf5f-e98891e1cdc6
2026-09-01 00:12:02.746 [PhotoProcessor-1] INFO  [N/A] [N/A] r.s.s.d.s.AsyncPhotoProcessingExecutor - Запущен асинхронный процесс с фото: 8c138cad-8ba3-4d2a-bf5f-e98891e1cdc6, пользователя: 64641147-39de-45f8-a11f-7f57eb2805dc
2026-09-01 00:12:02.772 [http-nio-8080-exec-1] DEBUG [523d11be-c783-45e3-a7fb-036cfa0064e3] [NO_SESSION] org.hibernate.SQL - 
    insert 
    into
        photo
        (created_at,file_name,file_size_bytes,mime_type,status,storage_file_path,updated_at,user_id,id) 
    values
        (?,?,?,?,?,?,?,?,?)
2026-09-01 00:12:03.754 [PhotoProcessor-1] DEBUG [N/A] [N/A] o.s.jdbc.datasource.DataSourceUtils - Setting JDBC Connection [HikariProxyConnection@1428695542 wrapping org.postgresql.jdbc.PgConnection@251a90ce] read-only
2026-09-01 00:12:03.761 [PhotoProcessor-1] DEBUG [N/A] [N/A] org.hibernate.SQL - 
    select
        p1_0.id,
        p1_0.created_at,
        p1_0.file_name,
        p1_0.file_size_bytes,
        p1_0.mime_type,
        p1_0.status,
        p1_0.storage_file_path,
        p1_0.updated_at,
        p1_0.user_id 
    from
        photo p1_0 
    where
        p1_0.id=?
2026-09-01 00:12:03.765 [PhotoProcessor-1] DEBUG [N/A] [N/A] o.s.jdbc.datasource.DataSourceUtils - Resetting read-only flag of JDBC Connection [HikariProxyConnection@1428695542 wrapping org.postgresql.jdbc.PgConnection@251a90ce]
2026-09-01 00:12:03.790 [PhotoProcessor-1] DEBUG [N/A] [N/A] org.hibernate.SQL - 
    update
        photo 
    set
        status=?,
        updated_at=cast(? as timestamp(6) with time zone) 
    where
        id=?
2026-09-01 00:12:03.793 [PhotoProcessor-1] INFO  [N/A] [N/A] r.s.s.d.s.AsyncPhotoProcessingExecutor - Сменен статус фото 8c138cad-8ba3-4d2a-bf5f-e98891e1cdc6 на PROCESSING
2026-09-01 00:12:03.799 [PhotoProcessor-1] DEBUG [N/A] [N/A] org.hibernate.SQL - 
    select
        a1_0.id,
        a1_0.completed_at,
        a1_0.photo_id,
        a1_0.requested_at,
        a1_0.result,
        a1_0.status 
    from
        analysis a1_0 
    where
        a1_0.id=?
2026-09-01 00:12:03.806 [PhotoProcessor-1] DEBUG [N/A] [N/A] org.hibernate.SQL - 
    insert 
    into
        analysis
        (completed_at,photo_id,requested_at,result,status,id) 
    values
        (?,?,?,?,?,?)
2026-09-01 00:12:03.825 [PhotoProcessor-1] INFO  [N/A] [N/A] r.s.s.d.s.AsyncPhotoProcessingExecutor - Сформирован запрос к ML сервису для фото: 8c138cad-8ba3-4d2a-bf5f-e98891e1cdc6, размером: 33095 байт
2026-09-01 00:12:03.826 [PhotoProcessor-1] INFO  [N/A] [N/A] r.s.s.d.s.AsyncPhotoProcessingExecutor - Вызов ML анализа фото: 8c138cad-8ba3-4d2a-bf5f-e98891e1cdc6
2026-09-01 00:12:03.826 [PhotoProcessor-1] INFO  [N/A] [N/A] ru.startup.skinscan.ML.StubMLClient - Заглушка ML: Анализ фото: 8c138cad-8ba3-4d2a-bf5f-e98891e1cdc6
2026-09-01 00:12:07.681 [PhotoProcessor-1] INFO  [N/A] [N/A] ru.startup.skinscan.ML.StubMLClient - Заглушка ML: Фото: 8c138cad-8ba3-4d2a-bf5f-e98891e1cdc6 обработано за 3855 ms
2026-09-01 00:12:07.681 [PhotoProcessor-1] INFO  [N/A] [N/A] r.s.s.d.s.AsyncPhotoProcessingExecutor - ML анализ фото: 8c138cad-8ba3-4d2a-bf5f-e98891e1cdc6, завершен за время: 3855ms
2026-09-01 00:12:07.688 [PhotoProcessor-1] DEBUG [N/A] [N/A] org.hibernate.SQL - 
    update
        analysis 
    set
        result=?,
        status=?,
        completed_at=cast(? as timestamp(6) with time zone) 
    where
        id=?
2026-09-01 00:12:07.696 [PhotoProcessor-1] DEBUG [N/A] [N/A] org.hibernate.SQL - 
    select
        p1_0.id 
    from
        photo p1_0 
    where
        p1_0.file_name=?
2026-09-01 00:12:07.698 [PhotoProcessor-1] ERROR [N/A] [N/A] r.s.s.d.s.AsyncPhotoProcessingExecutor - В процессе обработки фото 8c138cad-8ba3-4d2a-bf5f-e98891e1cdc6 возникла неизвестная ошибка: 
java.lang.NullPointerException: Cannot invoke "org.hibernate.metamodel.mapping.JdbcMapping.getJdbcValueBinder()" because "jdbcMapping" is null
	at org.hibernate.sql.exec.internal.AbstractJdbcParameter.bindParameterValue(AbstractJdbcParameter.java:118)
	at org.hibernate.sql.exec.internal.AbstractJdbcParameter.bindParameterValue(AbstractJdbcParameter.java:108)
	at org.hibernate.sql.exec.internal.StandardJdbcMutationExecutor.execute(StandardJdbcMutationExecutor.java:73)
	at org.hibernate.query.sqm.internal.SimpleUpdateQueryPlan.executeUpdate(SimpleUpdateQueryPlan.java:91)
	at org.hibernate.query.sqm.internal.QuerySqmImpl.doExecuteUpdate(QuerySqmImpl.java:735)
	at org.hibernate.query.sqm.internal.QuerySqmImpl.executeUpdate(QuerySqmImpl.java:705)
	at org.springframework.data.jpa.repository.query.JpaQueryExecution$ModifyingExecution.doExecute(JpaQueryExecution.java:266)
	at org.springframework.data.jpa.repository.query.JpaQueryExecution.execute(JpaQueryExecution.java:92)
	at org.springframework.data.jpa.repository.query.AbstractJpaQuery.doExecute(AbstractJpaQuery.java:149)
	at org.springframework.data.jpa.repository.query.AbstractJpaQuery.execute(AbstractJpaQuery.java:137)
	at org.springframework.data.repository.core.support.RepositoryMethodInvoker.doInvoke(RepositoryMethodInvoker.java:136)
	at org.springframework.data.repository.core.support.RepositoryMethodInvoker.invoke(RepositoryMethodInvoker.java:120)
	at org.springframework.data.repository.core.support.QueryExecutorMethodInterceptor.doInvoke(QueryExecutorMethodInterceptor.java:164)
	at org.springframework.data.repository.core.support.QueryExecutorMethodInterceptor.invoke(QueryExecutorMethodInterceptor.java:143)
	at org.springframework.aop.framework.ReflectiveMethodInvocation.proceed(ReflectiveMethodInvocation.java:184)
	at org.springframework.data.projection.DefaultMethodInvokingMethodInterceptor.invoke(DefaultMethodInvokingMethodInterceptor.java:70)
	at org.springframework.aop.framework.ReflectiveMethodInvocation.proceed(ReflectiveMethodInvocation.java:184)
	at org.springframework.transaction.interceptor.TransactionInterceptor$1.proceedWithInvocation(TransactionInterceptor.java:123)
	at org.springframework.transaction.interceptor.TransactionAspectSupport.invokeWithinTransaction(TransactionAspectSupport.java:391)
	at org.springframework.transaction.interceptor.TransactionInterceptor.invoke(TransactionInterceptor.java:119)
	at org.springframework.aop.framework.ReflectiveMethodInvocation.proceed(ReflectiveMethodInvocation.java:184)
	at org.springframework.dao.support.PersistenceExceptionTranslationInterceptor.invoke(PersistenceExceptionTranslationInterceptor.java:137)
	at org.springframework.aop.framework.ReflectiveMethodInvocation.proceed(ReflectiveMethodInvocation.java:184)
	at org.springframework.data.jpa.repository.support.CrudMethodMetadataPostProcessor$CrudMethodMetadataPopulatingMethodInterceptor.invoke(CrudMethodMetadataPostProcessor.java:135)
	at org.springframework.aop.framework.ReflectiveMethodInvocation.proceed(ReflectiveMethodInvocation.java:184)
	at org.springframework.aop.interceptor.ExposeInvocationInterceptor.invoke(ExposeInvocationInterceptor.java:97)
	at org.springframework.aop.framework.ReflectiveMethodInvocation.proceed(ReflectiveMethodInvocation.java:184)
	at org.springframework.aop.framework.JdkDynamicAopProxy.invoke(JdkDynamicAopProxy.java:244)
	at jdk.proxy2/jdk.proxy2.$Proxy148.update(Unknown Source)
	at ru.startup.skinscan.domain.service.AsyncPhotoProcessingExecutor.processPhoto(AsyncPhotoProcessingExecutor.java:130)
	at java.base/jdk.internal.reflect.DirectMethodHandleAccessor.invoke(DirectMethodHandleAccessor.java:103)
	at java.base/java.lang.reflect.Method.invoke(Method.java:580)
	at org.springframework.aop.support.AopUtils.invokeJoinpointUsingReflection(AopUtils.java:343)
	at org.springframework.aop.framework.ReflectiveMethodInvocation.invokeJoinpoint(ReflectiveMethodInvocation.java:196)
	at org.springframework.aop.framework.ReflectiveMethodInvocation.proceed(ReflectiveMethodInvocation.java:163)
	at org.springframework.aop.interceptor.AsyncExecutionInterceptor.lambda$invoke$0(AsyncExecutionInterceptor.java:115)
	at java.base/java.util.concurrent.FutureTask.run(FutureTask.java:317)
	at java.base/java.util.concurrent.ThreadPoolExecutor.runWorker(ThreadPoolExecutor.java:1144)
	at java.base/java.util.concurrent.ThreadPoolExecutor$Worker.run(ThreadPoolExecutor.java:642)
	at java.base/java.lang.Thread.run(Thread.java:1583)
2026-09-01 00:12:07.702 [PhotoProcessor-1] DEBUG [N/A] [N/A] org.hibernate.SQL - 
    update
        photo 
    set
        status=?,
        updated_at=cast(? as timestamp(6) with time zone) 
    where
        id=?
2026-09-01 00:12:07.708 [PhotoProcessor-1] DEBUG [N/A] [N/A] org.hibernate.SQL - 
    select
        a1_0.id,
        a1_0.completed_at,
        a1_0.photo_id,
        a1_0.requested_at,
        a1_0.result,
        a1_0.status 
    from
        analysis a1_0 
    where
        a1_0.photo_id=?
2026-09-01 00:12:07.717 [PhotoProcessor-1] DEBUG [N/A] [N/A] org.hibernate.SQL - 
    update
        analysis 
    set
        status=?,
        completed_at=cast(? as timestamp(6) with time zone) 
    where
        id=?
2026-09-01 00:12:20.234 [SpringApplicationShutdownHook] INFO  [N/A] [N/A] o.s.o.j.LocalContainerEntityManagerFactoryBean - Closing JPA EntityManagerFactory for persistence unit 'default'
2026-09-01 00:12:20.236 [SpringApplicationShutdownHook] INFO  [N/A] [N/A] com.zaxxer.hikari.HikariDataSource - HikariPool-1 - Shutdown initiated...
2026-09-01 00:12:20.239 [SpringApplicationShutdownHook] INFO  [N/A] [N/A] com.zaxxer.hikari.HikariDataSource - HikariPool-1 - Shutdown completed.
2026-09-01 15:27:48.756 [background-preinit] INFO  [N/A] [N/A] o.h.validator.internal.util.Version - HV000001: Hibernate Validator 8.0.1.Final
2026-09-01 15:27:48.853 [main] INFO  [N/A] [N/A] ru.startup.skinscan.Main - Starting Main using Java 21.0.10 with PID 27640 (C:\Users\ferdi\IdeaProjects\SkinScan\build\classes\java\main started by ferdi in C:\Users\ferdi\IdeaProjects\SkinScan)
2026-09-01 15:27:48.854 [main] DEBUG [N/A] [N/A] ru.startup.skinscan.Main - Running with Spring Boot v3.1.12, Spring v6.0.21
2026-09-01 15:27:48.855 [main] INFO  [N/A] [N/A] ru.startup.skinscan.Main - The following 1 profile is active: "local"
2026-09-01 15:27:50.165 [main] INFO  [N/A] [N/A] o.s.d.r.c.RepositoryConfigurationDelegate - Bootstrapping Spring Data JPA repositories in DEFAULT mode.
2026-09-01 15:27:50.254 [main] INFO  [N/A] [N/A] o.s.d.r.c.RepositoryConfigurationDelegate - Finished Spring Data repository scanning in 79 ms. Found 3 JPA repository interfaces.
2026-09-01 15:27:50.894 [main] INFO  [N/A] [N/A] o.s.b.w.e.tomcat.TomcatWebServer - Tomcat initialized with port(s): 8080 (http)
2026-09-01 15:27:50.902 [main] INFO  [N/A] [N/A] o.a.coyote.http11.Http11NioProtocol - Initializing ProtocolHandler ["http-nio-8080"]
2026-09-01 15:27:50.904 [main] INFO  [N/A] [N/A] o.a.catalina.core.StandardService - Starting service [Tomcat]
2026-09-01 15:27:50.904 [main] INFO  [N/A] [N/A] o.a.catalina.core.StandardEngine - Starting Servlet engine: [Apache Tomcat/10.1.24]
2026-09-01 15:27:51.009 [main] INFO  [N/A] [N/A] o.a.c.c.C.[Tomcat].[localhost].[/] - Initializing Spring embedded WebApplicationContext
2026-09-01 15:27:51.009 [main] INFO  [N/A] [N/A] o.s.b.w.s.c.ServletWebServerApplicationContext - Root WebApplicationContext: initialization completed in 2050 ms
2026-09-01 15:27:51.026 [main] INFO  [N/A] [N/A] r.s.s.s.r.RateLimiterInMemory - RateLimiter инициализирован с интервалом очистки: 300с
2026-09-01 15:27:51.212 [main] DEBUG [N/A] [N/A] o.f.c.i.s.classpath.ClassPathScanner - Scanning for classpath resources at 'classpath:db/callback' ...
2026-09-01 15:27:51.212 [main] DEBUG [N/A] [N/A] o.f.c.i.s.classpath.ClassPathScanner - Determining location urls for classpath:db/callback using ClassLoader TomcatEmbeddedWebappClassLoader
  context: ROOT
  delegate: true
----------> Parent Classloader:
jdk.internal.loader.ClassLoaders$AppClassLoader@3fee733d
 ...
2026-09-01 15:27:51.213 [main] DEBUG [N/A] [N/A] o.f.c.i.s.classpath.ClassPathScanner - Unable to resolve location classpath:db/callback.
2026-09-01 15:27:51.214 [main] DEBUG [N/A] [N/A] o.f.c.i.s.classpath.ClassPathScanner - Scanning for classpath resources at 'classpath:db/migration' ...
2026-09-01 15:27:51.214 [main] DEBUG [N/A] [N/A] o.f.c.i.s.classpath.ClassPathScanner - Determining location urls for classpath:db/migration using ClassLoader TomcatEmbeddedWebappClassLoader
  context: ROOT
  delegate: true
----------> Parent Classloader:
jdk.internal.loader.ClassLoaders$AppClassLoader@3fee733d
 ...
2026-09-01 15:27:51.214 [main] DEBUG [N/A] [N/A] o.f.c.i.s.classpath.ClassPathScanner - Scanning URL: file:/C:/Users/ferdi/IdeaProjects/SkinScan/build/resources/main/db/migration
2026-09-01 15:27:51.215 [main] DEBUG [N/A] [N/A] o.f.c.i.s.c.FileSystemClassPathLocationScanner - Scanning starting at classpath root in filesystem: C:\Users\ferdi\IdeaProjects\SkinScan\build\resources\main\
2026-09-01 15:27:51.215 [main] DEBUG [N/A] [N/A] o.f.c.i.s.c.FileSystemClassPathLocationScanner - Scanning for resources in path: C:\Users\ferdi\IdeaProjects\SkinScan\build\resources\main\db\migration (db/migration)
2026-09-01 15:27:51.217 [main] DEBUG [N/A] [N/A] o.f.c.i.s.classpath.ClassPathScanner - Found resource: db/migration/V1__create_users_table.sql
2026-09-01 15:27:51.217 [main] DEBUG [N/A] [N/A] o.f.c.i.s.classpath.ClassPathScanner - Found resource: db/migration/V2__create_photo_table.sql
2026-09-01 15:27:51.217 [main] DEBUG [N/A] [N/A] o.f.c.i.s.classpath.ClassPathScanner - Found resource: db/migration/V3__create_analysis_table.sql
2026-09-01 15:27:51.217 [main] DEBUG [N/A] [N/A] o.f.c.i.s.classpath.ClassPathScanner - Found resource: db/migration/V4__add_index.sql
2026-09-01 15:27:51.217 [main] DEBUG [N/A] [N/A] o.f.c.i.s.classpath.ClassPathScanner - Scanning for classes at classpath:db/migration
2026-09-01 15:27:51.221 [main] DEBUG [N/A] [N/A] o.f.c.i.r.ResourceNameValidator - Validating V2__create_photo_table.sql
2026-09-01 15:27:51.225 [main] INFO  [N/A] [N/A] com.zaxxer.hikari.HikariDataSource - HikariPool-1 - Starting...
2026-09-01 15:27:51.516 [main] INFO  [N/A] [N/A] com.zaxxer.hikari.pool.HikariPool - HikariPool-1 - Added connection org.postgresql.jdbc.PgConnection@7f0766ef
2026-09-01 15:27:51.520 [main] INFO  [N/A] [N/A] com.zaxxer.hikari.HikariDataSource - HikariPool-1 - Start completed.
2026-09-01 15:27:51.544 [main] DEBUG [N/A] [N/A] o.f.c.i.r.ResourceNameValidator - Validating V1__create_users_table.sql
2026-09-01 15:27:51.545 [main] DEBUG [N/A] [N/A] o.f.c.i.r.ResourceNameValidator - Validating V4__add_index.sql
2026-09-01 15:27:51.545 [main] DEBUG [N/A] [N/A] o.f.c.i.r.ResourceNameValidator - Validating V3__create_analysis_table.sql
2026-09-01 15:27:51.555 [main] DEBUG [N/A] [N/A] o.f.c.i.d.DatabaseTypeRegister - Multiple databases found that handle url 'jdbc:postgresql://localhost:5432/skinScan': CockroachDB,PostgreSQL
2026-09-01 15:27:51.555 [main] INFO  [N/A] [N/A] org.flywaydb.core.FlywayExecutor - Database: jdbc:postgresql://localhost:5432/skinScan (PostgreSQL 18.1)
2026-09-01 15:27:51.555 [main] DEBUG [N/A] [N/A] org.flywaydb.core.FlywayExecutor - Database Type: PostgreSQL
2026-09-01 15:27:51.555 [main] DEBUG [N/A] [N/A] org.flywaydb.core.FlywayExecutor - Driver: PostgreSQL JDBC Driver 42.7.11
2026-09-01 15:27:51.556 [main] DEBUG [N/A] [N/A] org.flywaydb.core.FlywayExecutor - DDL Transactions Supported: true
2026-09-01 15:27:51.557 [main] DEBUG [N/A] [N/A] o.f.c.i.s.SchemaHistoryFactory - Schemas: 
2026-09-01 15:27:51.557 [main] DEBUG [N/A] [N/A] o.f.c.i.s.SchemaHistoryFactory - Default schema: null
2026-09-01 15:27:51.565 [main] WARN  [N/A] [N/A] o.f.c.i.database.base.Database - Flyway upgrade recommended: PostgreSQL 18.1 is newer than this version of Flyway and support has not been tested. The latest supported version of PostgreSQL is 16.
2026-09-01 15:27:51.566 [main] DEBUG [N/A] [N/A] o.f.c.i.c.SqlScriptCallbackFactory - Scanning for SQL callbacks ...
2026-09-01 15:27:51.585 [main] DEBUG [N/A] [N/A] o.f.core.internal.command.DbValidate - Validating migrations ...
2026-09-01 15:27:51.591 [main] DEBUG [N/A] [N/A] o.f.c.a.c.ClassicConfiguration - CherryPickConfigurationExtension not found
2026-09-01 15:27:51.611 [main] DEBUG [N/A] [N/A] o.f.core.internal.scanner.Scanner - Filtering out resource: db/migration/V2__create_photo_table.sql (filename: V2__create_photo_table.sql)
2026-09-01 15:27:51.612 [main] DEBUG [N/A] [N/A] o.f.core.internal.scanner.Scanner - Filtering out resource: db/migration/V1__create_users_table.sql (filename: V1__create_users_table.sql)
2026-09-01 15:27:51.612 [main] DEBUG [N/A] [N/A] o.f.core.internal.scanner.Scanner - Filtering out resource: db/migration/V4__add_index.sql (filename: V4__add_index.sql)
2026-09-01 15:27:51.612 [main] DEBUG [N/A] [N/A] o.f.core.internal.scanner.Scanner - Filtering out resource: db/migration/V3__create_analysis_table.sql (filename: V3__create_analysis_table.sql)
2026-09-01 15:27:51.614 [main] DEBUG [N/A] [N/A] o.f.core.internal.scanner.Scanner - Filtering out resource: db/migration/V2__create_photo_table.sql (filename: V2__create_photo_table.sql)
2026-09-01 15:27:51.614 [main] DEBUG [N/A] [N/A] o.f.core.internal.scanner.Scanner - Filtering out resource: db/migration/V1__create_users_table.sql (filename: V1__create_users_table.sql)
2026-09-01 15:27:51.614 [main] DEBUG [N/A] [N/A] o.f.core.internal.scanner.Scanner - Filtering out resource: db/migration/V4__add_index.sql (filename: V4__add_index.sql)
2026-09-01 15:27:51.615 [main] DEBUG [N/A] [N/A] o.f.core.internal.scanner.Scanner - Filtering out resource: db/migration/V3__create_analysis_table.sql (filename: V3__create_analysis_table.sql)
2026-09-01 15:27:51.676 [main] INFO  [N/A] [N/A] o.f.core.internal.command.DbValidate - Successfully validated 4 migrations (execution time 00:00.088s)
2026-09-01 15:27:51.681 [main] DEBUG [N/A] [N/A] o.f.core.internal.command.DbSchemas - Skipping creation of existing schema: "public"
2026-09-01 15:27:51.712 [main] DEBUG [N/A] [N/A] o.f.c.a.c.ClassicConfiguration - CherryPickConfigurationExtension not found
2026-09-01 15:27:51.715 [main] INFO  [N/A] [N/A] o.f.core.internal.command.DbMigrate - Current version of schema "public": 4
2026-09-01 15:27:51.720 [main] INFO  [N/A] [N/A] o.f.core.internal.command.DbMigrate - Schema "public" is up to date. No migration necessary.
2026-09-01 15:27:51.726 [main] DEBUG [N/A] [N/A] org.flywaydb.core.FlywayExecutor - Memory usage: 31 of 88M
2026-09-01 15:27:51.807 [main] DEBUG [N/A] [N/A] o.s.jdbc.datasource.DataSourceUtils - Fetching JDBC Connection from DataSource
2026-09-01 15:27:51.864 [main] INFO  [N/A] [N/A] o.h.jpa.internal.util.LogHelper - HHH000204: Processing PersistenceUnitInfo [name: default]
2026-09-01 15:27:51.954 [main] INFO  [N/A] [N/A] org.hibernate.Version - HHH000412: Hibernate ORM core version 6.2.25.Final
2026-09-01 15:27:51.957 [main] INFO  [N/A] [N/A] org.hibernate.cfg.Environment - HHH000406: Using bytecode reflection optimizer
2026-09-01 15:27:52.441 [main] INFO  [N/A] [N/A] o.s.o.j.p.SpringPersistenceUnitInfo - No LoadTimeWeaver setup: ignoring JPA class transformer
2026-09-01 15:27:53.429 [main] INFO  [N/A] [N/A] o.h.e.t.j.p.i.JtaPlatformInitiator - HHH000489: No JTA platform available (set 'hibernate.transaction.jta.platform' to enable JTA platform integration)
2026-09-01 15:27:53.436 [main] INFO  [N/A] [N/A] o.s.o.j.LocalContainerEntityManagerFactoryBean - Initialized JPA EntityManagerFactory for persistence unit 'default'
2026-09-01 15:27:53.625 [main] INFO  [N/A] [N/A] o.s.d.j.r.query.QueryEnhancerFactory - Hibernate is in classpath; If applicable, HQL parser will be used.
2026-09-01 15:27:54.160 [main] DEBUG [N/A] [N/A] r.s.s.s.filter.RateLimiterFilter - Filter 'rateLimiterFilter' configured for use
2026-09-01 15:27:54.160 [main] DEBUG [N/A] [N/A] r.s.skinscan.config.MdcLoggingFilter - Filter 'mdcLoggingFilter' configured for use
2026-09-01 15:27:54.236 [main] INFO  [N/A] [N/A] r.s.s.d.s.LocalFileStorageService - Инициализация локального хранилища фотографий с начальным путем: C:\Users\ferdi/data/uploads
2026-09-01 15:27:54.240 [main] INFO  [N/A] [N/A] r.s.s.d.s.LocalFileStorageService - Инициализация локального хранилища фотографий успешна завершена!
2026-09-01 15:27:54.299 [main] INFO  [N/A] [N/A] r.s.skinscan.config.AsyncConfig - Photo Task Executor запущен: базовое кол-во потоков=5, максимальное кол-во потоков=10, размер очереди ожидания=100
2026-09-01 15:27:54.301 [main] INFO  [N/A] [N/A] r.s.skinscan.config.AsyncConfig - Recovery Task Executor запущен
2026-09-01 15:27:54.445 [main] WARN  [N/A] [N/A] o.s.b.a.o.j.JpaBaseConfiguration$JpaWebConfiguration - spring.jpa.open-in-view is enabled by default. Therefore, database queries may be performed during view rendering. Explicitly configure spring.jpa.open-in-view to disable this warning
2026-09-01 15:27:54.458 [main] DEBUG [N/A] [N/A] o.s.s.c.a.a.c.AuthenticationConfiguration$DefaultPasswordEncoderAuthenticationManagerBuilder - No authenticationProviders and no parentAuthenticationManager defined. Returning null.
2026-09-01 15:27:54.754 [main] INFO  [N/A] [N/A] o.s.s.web.DefaultSecurityFilterChain - Will secure any request with [org.springframework.security.web.session.DisableEncodeUrlFilter@4ff1f872, org.springframework.security.web.context.request.async.WebAsyncManagerIntegrationFilter@7c3920a7, org.springframework.security.web.context.SecurityContextHolderFilter@76334a3a, org.springframework.security.web.header.HeaderWriterFilter@64b7066e, org.springframework.web.filter.CorsFilter@12e5f7cb, org.springframework.security.web.authentication.logout.LogoutFilter@72378bfd, ru.startup.skinscan.security.filter.RateLimiterFilter@2acbbee4, org.springframework.security.web.authentication.www.BasicAuthenticationFilter@6e6bb211, org.springframework.security.web.savedrequest.RequestCacheAwareFilter@28cfbcc, org.springframework.security.web.servletapi.SecurityContextHolderAwareRequestFilter@7c6f91d2, org.springframework.security.web.authentication.AnonymousAuthenticationFilter@2df05bd1, org.springframework.security.web.session.SessionManagementFilter@30130a31, org.springframework.security.web.access.ExceptionTranslationFilter@35266985, org.springframework.security.web.access.intercept.AuthorizationFilter@7731504]
2026-09-01 15:27:56.930 [main] INFO  [N/A] [N/A] o.a.coyote.http11.Http11NioProtocol - Starting ProtocolHandler ["http-nio-8080"]
2026-09-01 15:27:56.986 [main] INFO  [N/A] [N/A] o.s.b.w.e.tomcat.TomcatWebServer - Tomcat started on port(s): 8080 (http) with context path ''
2026-09-01 15:27:57.088 [main] INFO  [N/A] [N/A] ru.startup.skinscan.Main - Started Main in 9.321 seconds (process running for 10.276)
2026-09-01 15:27:57.141 [scheduling-1] DEBUG [N/A] [N/A] r.s.s.s.PhotoRecoveryScheduler - Запуск проверки и обработки зависших фотографий
2026-09-01 15:27:57.510 [scheduling-1] DEBUG [N/A] [N/A] org.hibernate.SQL - 
    select
        p1_0.id,
        p1_0.created_at,
        p1_0.file_name,
        p1_0.file_size_bytes,
        p1_0.mime_type,
        p1_0.status,
        p1_0.storage_file_path,
        p1_0.updated_at,
        p1_0.user_id 
    from
        photo p1_0 
    where
        p1_0.status=? 
        and p1_0.created_at<cast(? as timestamp(6) with time zone)
2026-09-01 15:27:57.534 [scheduling-1] DEBUG [N/A] [N/A] r.s.s.s.PhotoRecoveryScheduler - Зависшие фотографии не найдены
2026-09-01 15:28:31.953 [http-nio-8080-exec-1] INFO  [N/A] [N/A] o.a.c.c.C.[Tomcat].[localhost].[/] - Initializing Spring DispatcherServlet 'dispatcherServlet'
2026-09-01 15:28:31.955 [http-nio-8080-exec-1] INFO  [N/A] [N/A] o.s.web.servlet.DispatcherServlet - Initializing Servlet 'dispatcherServlet'
2026-09-01 15:28:31.966 [http-nio-8080-exec-1] INFO  [N/A] [N/A] o.s.web.servlet.DispatcherServlet - Completed initialization in 10 ms
2026-09-01 15:28:32.127 [http-nio-8080-exec-1] DEBUG [N/A] [N/A] o.s.security.web.FilterChainProxy - Securing POST /skinScan/photos/upload
2026-09-01 15:28:32.377 [http-nio-8080-exec-1] DEBUG [N/A] [N/A] org.hibernate.SQL - 
    select
        u1_0.id,
        u1_0.created_at,
        u1_0.email,
        u1_0.login,
        u1_0.password,
        u1_0.phone,
        u1_0.updated_at 
    from
        users u1_0 
    where
        u1_0.login=?
2026-09-01 15:28:34.070 [http-nio-8080-exec-1] DEBUG [N/A] [N/A] org.hibernate.SQL - 
    select
        u1_0.id 
    from
        users u1_0 
    where
        u1_0.login=?
2026-09-01 15:28:36.142 [http-nio-8080-exec-1] INFO  [N/A] [N/A] r.s.s.s.s.CustomUserDetailsService - Поиск пользователя с логином: Andrey600
2026-09-01 15:28:36.154 [http-nio-8080-exec-1] DEBUG [N/A] [N/A] org.hibernate.SQL - 
    select
        u1_0.id,
        u1_0.created_at,
        u1_0.email,
        u1_0.login,
        u1_0.password,
        u1_0.phone,
        u1_0.updated_at 
    from
        users u1_0 
    where
        u1_0.login=?
2026-09-01 15:28:36.167 [http-nio-8080-exec-1] INFO  [N/A] [N/A] r.s.s.s.s.CustomUserDetailsService - Найден пользователь: Andrey600, пароль: $2a$12$82L1ISHBmtE5Mz8Sna4Kr.OxWw0qFyPc2rdTy8Pr6YSNBBPgoLaiK
2026-09-01 15:28:38.831 [http-nio-8080-exec-1] DEBUG [N/A] [N/A] o.s.s.a.d.DaoAuthenticationProvider - Authenticated user
2026-09-01 15:28:38.837 [http-nio-8080-exec-1] DEBUG [N/A] [N/A] o.s.s.w.a.w.BasicAuthenticationFilter - Set SecurityContextHolder to UsernamePasswordAuthenticationToken [Principal=org.springframework.security.core.userdetails.User [Username=Andrey600, Password=[PROTECTED], Enabled=true, AccountNonExpired=true, credentialsNonExpired=true, AccountNonLocked=true, Granted Authorities=[]], Credentials=[PROTECTED], Authenticated=true, Details=WebAuthenticationDetails [RemoteIpAddress=127.0.0.1, SessionId=null], Granted Authorities=[]]
2026-09-01 15:28:38.858 [http-nio-8080-exec-1] DEBUG [N/A] [N/A] o.s.security.web.FilterChainProxy - Secured POST /skinScan/photos/upload
2026-09-01 15:28:39.880 [http-nio-8080-exec-1] DEBUG [2d1f9a3c-2d51-4f5a-a2d1-6dbb4c9effa0] [NO_SESSION] r.s.s.d.s.LocalFileStorageService - Файл сохранится в директории: C:\Users\ferdi\data\uploads\805dc\2026\09\1f7e6adc-7821-4903-b63c-a37714930275.jpg, с временной директорией: C:\Users\ferdi\data\uploads\805dc\2026\09\temp\.1f7e6adc-7821-4903-b63c-a37714930275.jpg.tmp
2026-09-01 15:28:40.005 [http-nio-8080-exec-1] INFO  [2d1f9a3c-2d51-4f5a-a2d1-6dbb4c9effa0] [NO_SESSION] r.s.s.d.s.LocalFileStorageService - Файл успешно сохранен: 805dc/2026/09/1f7e6adc-7821-4903-b63c-a37714930275.jpg, с размером: 33095 байт
2026-09-01 15:28:40.007 [http-nio-8080-exec-1] INFO  [2d1f9a3c-2d51-4f5a-a2d1-6dbb4c9effa0] [NO_SESSION] r.s.s.d.service.PhotoServiceImpl - Фото сохранено в хранилище
2026-09-01 15:28:40.155 [http-nio-8080-exec-1] DEBUG [2d1f9a3c-2d51-4f5a-a2d1-6dbb4c9effa0] [NO_SESSION] org.hibernate.SQL - 
    select
        p1_0.id,
        p1_0.created_at,
        p1_0.file_name,
        p1_0.file_size_bytes,
        p1_0.mime_type,
        p1_0.status,
        p1_0.storage_file_path,
        p1_0.updated_at,
        p1_0.user_id 
    from
        photo p1_0 
    where
        p1_0.id=?
2026-09-01 15:28:40.263 [http-nio-8080-exec-1] INFO  [2d1f9a3c-2d51-4f5a-a2d1-6dbb4c9effa0] [NO_SESSION] r.s.s.d.service.PhotoServiceImpl - Метаданные фото e1946a0a-b5be-498b-8d17-6377dcd955d2 сохранены в БД
2026-09-01 15:28:40.277 [http-nio-8080-exec-1] INFO  [2d1f9a3c-2d51-4f5a-a2d1-6dbb4c9effa0] [NO_SESSION] r.s.s.d.service.PhotoServiceImpl - Запуск асинхронной обработки фото e1946a0a-b5be-498b-8d17-6377dcd955d2
2026-09-01 15:28:40.282 [PhotoProcessor-1] INFO  [N/A] [N/A] r.s.s.d.s.AsyncPhotoProcessingExecutor - Запущен асинхронный процесс с фото: e1946a0a-b5be-498b-8d17-6377dcd955d2, пользователя: 64641147-39de-45f8-a11f-7f57eb2805dc
2026-09-01 15:28:40.434 [http-nio-8080-exec-1] DEBUG [2d1f9a3c-2d51-4f5a-a2d1-6dbb4c9effa0] [NO_SESSION] org.hibernate.SQL - 
    insert 
    into
        photo
        (created_at,file_name,file_size_bytes,mime_type,status,storage_file_path,updated_at,user_id,id) 
    values
        (?,?,?,?,?,?,?,?,?)
2026-09-01 15:28:41.292 [PhotoProcessor-1] DEBUG [N/A] [N/A] o.s.jdbc.datasource.DataSourceUtils - Setting JDBC Connection [HikariProxyConnection@1297833915 wrapping org.postgresql.jdbc.PgConnection@7f0766ef] read-only
2026-09-01 15:28:41.299 [PhotoProcessor-1] DEBUG [N/A] [N/A] org.hibernate.SQL - 
    select
        p1_0.id,
        p1_0.created_at,
        p1_0.file_name,
        p1_0.file_size_bytes,
        p1_0.mime_type,
        p1_0.status,
        p1_0.storage_file_path,
        p1_0.updated_at,
        p1_0.user_id 
    from
        photo p1_0 
    where
        p1_0.id=?
2026-09-01 15:28:41.303 [PhotoProcessor-1] DEBUG [N/A] [N/A] o.s.jdbc.datasource.DataSourceUtils - Resetting read-only flag of JDBC Connection [HikariProxyConnection@1297833915 wrapping org.postgresql.jdbc.PgConnection@7f0766ef]
2026-09-01 15:28:41.413 [PhotoProcessor-1] DEBUG [N/A] [N/A] org.hibernate.SQL - 
    update
        photo 
    set
        status=?,
        updated_at=cast(? as timestamp(6) with time zone) 
    where
        id=?
2026-09-01 15:28:41.423 [PhotoProcessor-1] INFO  [N/A] [N/A] r.s.s.d.s.AsyncPhotoProcessingExecutor - Сменен статус фото e1946a0a-b5be-498b-8d17-6377dcd955d2 на PROCESSING
2026-09-01 15:28:41.435 [PhotoProcessor-1] DEBUG [N/A] [N/A] org.hibernate.SQL - 
    select
        a1_0.id,
        a1_0.completed_at,
        a1_0.photo_id,
        a1_0.requested_at,
        a1_0.result,
        a1_0.status 
    from
        analysis a1_0 
    where
        a1_0.id=?
2026-09-01 15:28:41.454 [PhotoProcessor-1] DEBUG [N/A] [N/A] org.hibernate.SQL - 
    insert 
    into
        analysis
        (completed_at,photo_id,requested_at,result,status,id) 
    values
        (?,?,?,?,?,?)
2026-09-01 15:28:41.521 [PhotoProcessor-1] INFO  [N/A] [N/A] r.s.s.d.s.AsyncPhotoProcessingExecutor - Сформирован запрос к ML сервису для фото: e1946a0a-b5be-498b-8d17-6377dcd955d2, размером: 33095 байт
2026-09-01 15:28:41.522 [PhotoProcessor-1] INFO  [N/A] [N/A] r.s.s.d.s.AsyncPhotoProcessingExecutor - Вызов ML анализа фото: e1946a0a-b5be-498b-8d17-6377dcd955d2
2026-09-01 15:28:41.523 [PhotoProcessor-1] INFO  [N/A] [N/A] ru.startup.skinscan.ML.StubMLClient - Заглушка ML: Анализ фото: e1946a0a-b5be-498b-8d17-6377dcd955d2
2026-09-01 15:28:46.513 [PhotoProcessor-1] INFO  [N/A] [N/A] ru.startup.skinscan.ML.StubMLClient - Заглушка ML: Фото: e1946a0a-b5be-498b-8d17-6377dcd955d2 обработано за 4990 ms
2026-09-01 15:28:46.514 [PhotoProcessor-1] INFO  [N/A] [N/A] r.s.s.d.s.AsyncPhotoProcessingExecutor - ML анализ фото: e1946a0a-b5be-498b-8d17-6377dcd955d2, завершен за время: 4991ms
2026-09-01 15:28:46.547 [PhotoProcessor-1] DEBUG [N/A] [N/A] org.hibernate.SQL - 
    select
        p1_0.id 
    from
        photo p1_0 
    where
        p1_0.file_name=?
2026-09-01 15:28:46.551 [PhotoProcessor-1] ERROR [N/A] [N/A] r.s.s.d.s.AsyncPhotoProcessingExecutor - В процессе обработки фото e1946a0a-b5be-498b-8d17-6377dcd955d2 возникла неизвестная ошибка: 
org.springframework.orm.jpa.JpaSystemException: Could not convert 'ru.startup.skinscan.ML.MLResponse$Result' to 'java.lang.String' using 'org.hibernate.type.descriptor.java.StringJavaType' to wrap
	at org.springframework.orm.jpa.vendor.HibernateJpaDialect.convertHibernateAccessException(HibernateJpaDialect.java:320)
	at org.springframework.orm.jpa.vendor.HibernateJpaDialect.translateExceptionIfPossible(HibernateJpaDialect.java:229)
	at org.springframework.orm.jpa.AbstractEntityManagerFactoryBean.translateExceptionIfPossible(AbstractEntityManagerFactoryBean.java:550)
	at org.springframework.dao.support.ChainedPersistenceExceptionTranslator.translateExceptionIfPossible(ChainedPersistenceExceptionTranslator.java:61)
	at org.springframework.dao.support.DataAccessUtils.translateIfNecessary(DataAccessUtils.java:243)
	at org.springframework.dao.support.PersistenceExceptionTranslationInterceptor.invoke(PersistenceExceptionTranslationInterceptor.java:152)
	at org.springframework.aop.framework.ReflectiveMethodInvocation.proceed(ReflectiveMethodInvocation.java:184)
	at org.springframework.data.jpa.repository.support.CrudMethodMetadataPostProcessor$CrudMethodMetadataPopulatingMethodInterceptor.invoke(CrudMethodMetadataPostProcessor.java:135)
	at org.springframework.aop.framework.ReflectiveMethodInvocation.proceed(ReflectiveMethodInvocation.java:184)
	at org.springframework.aop.interceptor.ExposeInvocationInterceptor.invoke(ExposeInvocationInterceptor.java:97)
	at org.springframework.aop.framework.ReflectiveMethodInvocation.proceed(ReflectiveMethodInvocation.java:184)
	at org.springframework.aop.framework.JdkDynamicAopProxy.invoke(JdkDynamicAopProxy.java:244)
	at jdk.proxy2/jdk.proxy2.$Proxy148.update(Unknown Source)
	at ru.startup.skinscan.domain.service.AsyncPhotoProcessingExecutor.processPhoto(AsyncPhotoProcessingExecutor.java:130)
	at java.base/jdk.internal.reflect.DirectMethodHandleAccessor.invoke(DirectMethodHandleAccessor.java:103)
	at java.base/java.lang.reflect.Method.invoke(Method.java:580)
	at org.springframework.aop.support.AopUtils.invokeJoinpointUsingReflection(AopUtils.java:343)
	at org.springframework.aop.framework.ReflectiveMethodInvocation.invokeJoinpoint(ReflectiveMethodInvocation.java:196)
	at org.springframework.aop.framework.ReflectiveMethodInvocation.proceed(ReflectiveMethodInvocation.java:163)
	at org.springframework.aop.interceptor.AsyncExecutionInterceptor.lambda$invoke$0(AsyncExecutionInterceptor.java:115)
	at java.base/java.util.concurrent.FutureTask.run(FutureTask.java:317)
	at java.base/java.util.concurrent.ThreadPoolExecutor.runWorker(ThreadPoolExecutor.java:1144)
	at java.base/java.util.concurrent.ThreadPoolExecutor$Worker.run(ThreadPoolExecutor.java:642)
	at java.base/java.lang.Thread.run(Thread.java:1583)
Caused by: org.hibernate.HibernateException: Could not convert 'ru.startup.skinscan.ML.MLResponse$Result' to 'java.lang.String' using 'org.hibernate.type.descriptor.java.StringJavaType' to wrap
	at org.hibernate.type.descriptor.java.JavaTypeHelper.unknownWrap(JavaTypeHelper.java:28)
	at org.hibernate.type.descriptor.java.AbstractClassJavaType.unknownWrap(AbstractClassJavaType.java:116)
	at org.hibernate.type.descriptor.java.StringJavaType.wrap(StringJavaType.java:117)
	at org.hibernate.type.descriptor.java.StringJavaType.coerce(StringJavaType.java:135)
	at org.hibernate.type.descriptor.java.StringJavaType.coerce(StringJavaType.java:27)
	at org.hibernate.query.internal.QueryParameterBindingImpl.coerce(QueryParameterBindingImpl.java:145)
	at org.hibernate.query.internal.QueryParameterBindingImpl.setBindValue(QueryParameterBindingImpl.java:112)
	at org.hibernate.query.spi.AbstractCommonQueryContract.setParameter(AbstractCommonQueryContract.java:825)
	at org.hibernate.query.spi.AbstractSelectionQuery.setParameter(AbstractSelectionQuery.java:780)
	at org.hibernate.query.sqm.internal.QuerySqmImpl.setParameter(QuerySqmImpl.java:1237)
	at org.hibernate.query.sqm.internal.QuerySqmImpl.setParameter(QuerySqmImpl.java:129)
	at org.springframework.data.jpa.repository.query.QueryParameterSetter$BindableQuery.setParameter(QueryParameterSetter.java:326)
	at org.springframework.data.jpa.repository.query.QueryParameterSetter$NamedOrIndexedQueryParameterSetter.lambda$setParameter$4(QueryParameterSetter.java:117)
	at org.springframework.data.jpa.repository.query.QueryParameterSetter$ErrorHandling$1.execute(QueryParameterSetter.java:140)
	at org.springframework.data.jpa.repository.query.QueryParameterSetter$NamedOrIndexedQueryParameterSetter.setParameter(QueryParameterSetter.java:117)
	at org.springframework.data.jpa.repository.query.ParameterBinder.bind(ParameterBinder.java:84)
	at org.springframework.data.jpa.repository.query.ParameterBinder.bind(ParameterBinder.java:76)
	at org.springframework.data.jpa.repository.query.ParameterBinder.bindAndPrepare(ParameterBinder.java:98)
	at org.springframework.data.jpa.repository.query.AbstractStringBasedJpaQuery.doCreateQuery(AbstractStringBasedJpaQuery.java:118)
	at org.springframework.data.jpa.repository.query.AbstractJpaQuery.createQuery(AbstractJpaQuery.java:239)
	at org.springframework.data.jpa.repository.query.JpaQueryExecution$ModifyingExecution.doExecute(JpaQueryExecution.java:266)
	at org.springframework.data.jpa.repository.query.JpaQueryExecution.execute(JpaQueryExecution.java:92)
	at org.springframework.data.jpa.repository.query.AbstractJpaQuery.doExecute(AbstractJpaQuery.java:149)
	at org.springframework.data.jpa.repository.query.AbstractJpaQuery.execute(AbstractJpaQuery.java:137)
	at org.springframework.data.repository.core.support.RepositoryMethodInvoker.doInvoke(RepositoryMethodInvoker.java:136)
	at org.springframework.data.repository.core.support.RepositoryMethodInvoker.invoke(RepositoryMethodInvoker.java:120)
	at org.springframework.data.repository.core.support.QueryExecutorMethodInterceptor.doInvoke(QueryExecutorMethodInterceptor.java:164)
	at org.springframework.data.repository.core.support.QueryExecutorMethodInterceptor.invoke(QueryExecutorMethodInterceptor.java:143)
	at org.springframework.aop.framework.ReflectiveMethodInvocation.proceed(ReflectiveMethodInvocation.java:184)
	at org.springframework.data.projection.DefaultMethodInvokingMethodInterceptor.invoke(DefaultMethodInvokingMethodInterceptor.java:70)
	at org.springframework.aop.framework.ReflectiveMethodInvocation.proceed(ReflectiveMethodInvocation.java:184)
	at org.springframework.transaction.interceptor.TransactionInterceptor$1.proceedWithInvocation(TransactionInterceptor.java:123)
	at org.springframework.transaction.interceptor.TransactionAspectSupport.invokeWithinTransaction(TransactionAspectSupport.java:391)
	at org.springframework.transaction.interceptor.TransactionInterceptor.invoke(TransactionInterceptor.java:119)
	at org.springframework.aop.framework.ReflectiveMethodInvocation.proceed(ReflectiveMethodInvocation.java:184)
	at org.springframework.dao.support.PersistenceExceptionTranslationInterceptor.invoke(PersistenceExceptionTranslationInterceptor.java:137)
	... 18 common frames omitted
2026-09-01 15:28:46.632 [PhotoProcessor-1] DEBUG [N/A] [N/A] org.hibernate.SQL - 
    update
        photo 
    set
        status=?,
        updated_at=cast(? as timestamp(6) with time zone) 
    where
        id=?
2026-09-01 15:28:46.646 [PhotoProcessor-1] DEBUG [N/A] [N/A] org.hibernate.SQL - 
    select
        a1_0.id,
        a1_0.completed_at,
        a1_0.photo_id,
        a1_0.requested_at,
        a1_0.result,
        a1_0.status 
    from
        analysis a1_0 
    where
        a1_0.photo_id=?
2026-09-01 15:28:46.660 [PhotoProcessor-1] DEBUG [N/A] [N/A] org.hibernate.SQL - 
    update
        analysis 
    set
        status=?,
        completed_at=cast(? as timestamp(6) with time zone) 
    where
        id=?
2026-09-01 15:29:57.553 [scheduling-1] DEBUG [N/A] [N/A] r.s.s.s.PhotoRecoveryScheduler - Запуск проверки и обработки зависших фотографий
2026-09-01 15:29:57.563 [scheduling-1] DEBUG [N/A] [N/A] org.hibernate.SQL - 
    select
        p1_0.id,
        p1_0.created_at,
        p1_0.file_name,
        p1_0.file_size_bytes,
        p1_0.mime_type,
        p1_0.status,
        p1_0.storage_file_path,
        p1_0.updated_at,
        p1_0.user_id 
    from
        photo p1_0 
    where
        p1_0.status=? 
        and p1_0.created_at<cast(? as timestamp(6) with time zone)
2026-09-01 15:29:57.570 [scheduling-1] DEBUG [N/A] [N/A] r.s.s.s.PhotoRecoveryScheduler - Зависшие фотографии не найдены
2026-09-01 15:31:37.466 [SpringApplicationShutdownHook] INFO  [N/A] [N/A] o.s.o.j.LocalContainerEntityManagerFactoryBean - Closing JPA EntityManagerFactory for persistence unit 'default'
2026-09-01 15:31:37.467 [SpringApplicationShutdownHook] INFO  [N/A] [N/A] com.zaxxer.hikari.HikariDataSource - HikariPool-1 - Shutdown initiated...
2026-09-01 15:31:37.470 [SpringApplicationShutdownHook] INFO  [N/A] [N/A] com.zaxxer.hikari.HikariDataSource - HikariPool-1 - Shutdown completed.
2026-09-01 15:37:10.061 [background-preinit] INFO  [N/A] [N/A] o.h.validator.internal.util.Version - HV000001: Hibernate Validator 8.0.1.Final
2026-09-01 15:37:10.099 [main] INFO  [N/A] [N/A] ru.startup.skinscan.Main - Starting Main using Java 21.0.10 with PID 14452 (C:\Users\ferdi\IdeaProjects\SkinScan\build\classes\java\main started by ferdi in C:\Users\ferdi\IdeaProjects\SkinScan)
2026-09-01 15:37:10.100 [main] DEBUG [N/A] [N/A] ru.startup.skinscan.Main - Running with Spring Boot v3.1.12, Spring v6.0.21
2026-09-01 15:37:10.101 [main] INFO  [N/A] [N/A] ru.startup.skinscan.Main - The following 1 profile is active: "local"
2026-09-01 15:37:11.124 [main] INFO  [N/A] [N/A] o.s.d.r.c.RepositoryConfigurationDelegate - Bootstrapping Spring Data JPA repositories in DEFAULT mode.
2026-09-01 15:37:11.212 [main] INFO  [N/A] [N/A] o.s.d.r.c.RepositoryConfigurationDelegate - Finished Spring Data repository scanning in 78 ms. Found 3 JPA repository interfaces.
2026-09-01 15:37:11.925 [main] INFO  [N/A] [N/A] o.s.b.w.e.tomcat.TomcatWebServer - Tomcat initialized with port(s): 8080 (http)
2026-09-01 15:37:11.931 [main] INFO  [N/A] [N/A] o.a.coyote.http11.Http11NioProtocol - Initializing ProtocolHandler ["http-nio-8080"]
2026-09-01 15:37:11.933 [main] INFO  [N/A] [N/A] o.a.catalina.core.StandardService - Starting service [Tomcat]
2026-09-01 15:37:11.933 [main] INFO  [N/A] [N/A] o.a.catalina.core.StandardEngine - Starting Servlet engine: [Apache Tomcat/10.1.24]
2026-09-01 15:37:12.043 [main] INFO  [N/A] [N/A] o.a.c.c.C.[Tomcat].[localhost].[/] - Initializing Spring embedded WebApplicationContext
2026-09-01 15:37:12.043 [main] INFO  [N/A] [N/A] o.s.b.w.s.c.ServletWebServerApplicationContext - Root WebApplicationContext: initialization completed in 1886 ms
2026-09-01 15:37:12.061 [main] INFO  [N/A] [N/A] r.s.s.s.r.RateLimiterInMemory - RateLimiter инициализирован с интервалом очистки: 300с
2026-09-01 15:37:12.261 [main] DEBUG [N/A] [N/A] o.f.c.i.s.classpath.ClassPathScanner - Scanning for classpath resources at 'classpath:db/callback' ...
2026-09-01 15:37:12.261 [main] DEBUG [N/A] [N/A] o.f.c.i.s.classpath.ClassPathScanner - Determining location urls for classpath:db/callback using ClassLoader TomcatEmbeddedWebappClassLoader
  context: ROOT
  delegate: true
----------> Parent Classloader:
jdk.internal.loader.ClassLoaders$AppClassLoader@3fee733d
 ...
2026-09-01 15:37:12.262 [main] DEBUG [N/A] [N/A] o.f.c.i.s.classpath.ClassPathScanner - Unable to resolve location classpath:db/callback.
2026-09-01 15:37:12.263 [main] DEBUG [N/A] [N/A] o.f.c.i.s.classpath.ClassPathScanner - Scanning for classpath resources at 'classpath:db/migration' ...
2026-09-01 15:37:12.263 [main] DEBUG [N/A] [N/A] o.f.c.i.s.classpath.ClassPathScanner - Determining location urls for classpath:db/migration using ClassLoader TomcatEmbeddedWebappClassLoader
  context: ROOT
  delegate: true
----------> Parent Classloader:
jdk.internal.loader.ClassLoaders$AppClassLoader@3fee733d
 ...
2026-09-01 15:37:12.263 [main] DEBUG [N/A] [N/A] o.f.c.i.s.classpath.ClassPathScanner - Scanning URL: file:/C:/Users/ferdi/IdeaProjects/SkinScan/build/resources/main/db/migration
2026-09-01 15:37:12.264 [main] DEBUG [N/A] [N/A] o.f.c.i.s.c.FileSystemClassPathLocationScanner - Scanning starting at classpath root in filesystem: C:\Users\ferdi\IdeaProjects\SkinScan\build\resources\main\
2026-09-01 15:37:12.264 [main] DEBUG [N/A] [N/A] o.f.c.i.s.c.FileSystemClassPathLocationScanner - Scanning for resources in path: C:\Users\ferdi\IdeaProjects\SkinScan\build\resources\main\db\migration (db/migration)
2026-09-01 15:37:12.265 [main] DEBUG [N/A] [N/A] o.f.c.i.s.classpath.ClassPathScanner - Found resource: db/migration/V1__create_users_table.sql
2026-09-01 15:37:12.266 [main] DEBUG [N/A] [N/A] o.f.c.i.s.classpath.ClassPathScanner - Found resource: db/migration/V2__create_photo_table.sql
2026-09-01 15:37:12.266 [main] DEBUG [N/A] [N/A] o.f.c.i.s.classpath.ClassPathScanner - Found resource: db/migration/V3__create_analysis_table.sql
2026-09-01 15:37:12.266 [main] DEBUG [N/A] [N/A] o.f.c.i.s.classpath.ClassPathScanner - Found resource: db/migration/V4__add_index.sql
2026-09-01 15:37:12.266 [main] DEBUG [N/A] [N/A] o.f.c.i.s.classpath.ClassPathScanner - Scanning for classes at classpath:db/migration
2026-09-01 15:37:12.269 [main] DEBUG [N/A] [N/A] o.f.c.i.r.ResourceNameValidator - Validating V2__create_photo_table.sql
2026-09-01 15:37:12.272 [main] INFO  [N/A] [N/A] com.zaxxer.hikari.HikariDataSource - HikariPool-1 - Starting...
2026-09-01 15:37:12.514 [main] INFO  [N/A] [N/A] com.zaxxer.hikari.pool.HikariPool - HikariPool-1 - Added connection org.postgresql.jdbc.PgConnection@1a785fd5
2026-09-01 15:37:12.517 [main] INFO  [N/A] [N/A] com.zaxxer.hikari.HikariDataSource - HikariPool-1 - Start completed.
2026-09-01 15:37:12.552 [main] DEBUG [N/A] [N/A] o.f.c.i.r.ResourceNameValidator - Validating V1__create_users_table.sql
2026-09-01 15:37:12.552 [main] DEBUG [N/A] [N/A] o.f.c.i.r.ResourceNameValidator - Validating V4__add_index.sql
2026-09-01 15:37:12.552 [main] DEBUG [N/A] [N/A] o.f.c.i.r.ResourceNameValidator - Validating V3__create_analysis_table.sql
2026-09-01 15:37:12.559 [main] DEBUG [N/A] [N/A] o.f.c.i.d.DatabaseTypeRegister - Multiple databases found that handle url 'jdbc:postgresql://localhost:5432/skinScan': CockroachDB,PostgreSQL
2026-09-01 15:37:12.559 [main] INFO  [N/A] [N/A] org.flywaydb.core.FlywayExecutor - Database: jdbc:postgresql://localhost:5432/skinScan (PostgreSQL 18.1)
2026-09-01 15:37:12.559 [main] DEBUG [N/A] [N/A] org.flywaydb.core.FlywayExecutor - Database Type: PostgreSQL
2026-09-01 15:37:12.560 [main] DEBUG [N/A] [N/A] org.flywaydb.core.FlywayExecutor - Driver: PostgreSQL JDBC Driver 42.7.11
2026-09-01 15:37:12.560 [main] DEBUG [N/A] [N/A] org.flywaydb.core.FlywayExecutor - DDL Transactions Supported: true
2026-09-01 15:37:12.562 [main] DEBUG [N/A] [N/A] o.f.c.i.s.SchemaHistoryFactory - Schemas: 
2026-09-01 15:37:12.562 [main] DEBUG [N/A] [N/A] o.f.c.i.s.SchemaHistoryFactory - Default schema: null
2026-09-01 15:37:12.571 [main] WARN  [N/A] [N/A] o.f.c.i.database.base.Database - Flyway upgrade recommended: PostgreSQL 18.1 is newer than this version of Flyway and support has not been tested. The latest supported version of PostgreSQL is 16.
2026-09-01 15:37:12.574 [main] DEBUG [N/A] [N/A] o.f.c.i.c.SqlScriptCallbackFactory - Scanning for SQL callbacks ...
2026-09-01 15:37:12.586 [main] DEBUG [N/A] [N/A] o.f.core.internal.command.DbValidate - Validating migrations ...
2026-09-01 15:37:12.589 [main] DEBUG [N/A] [N/A] o.f.c.a.c.ClassicConfiguration - CherryPickConfigurationExtension not found
2026-09-01 15:37:12.597 [main] DEBUG [N/A] [N/A] o.f.core.internal.scanner.Scanner - Filtering out resource: db/migration/V2__create_photo_table.sql (filename: V2__create_photo_table.sql)
2026-09-01 15:37:12.598 [main] DEBUG [N/A] [N/A] o.f.core.internal.scanner.Scanner - Filtering out resource: db/migration/V1__create_users_table.sql (filename: V1__create_users_table.sql)
2026-09-01 15:37:12.598 [main] DEBUG [N/A] [N/A] o.f.core.internal.scanner.Scanner - Filtering out resource: db/migration/V4__add_index.sql (filename: V4__add_index.sql)
2026-09-01 15:37:12.598 [main] DEBUG [N/A] [N/A] o.f.core.internal.scanner.Scanner - Filtering out resource: db/migration/V3__create_analysis_table.sql (filename: V3__create_analysis_table.sql)
2026-09-01 15:37:12.599 [main] DEBUG [N/A] [N/A] o.f.core.internal.scanner.Scanner - Filtering out resource: db/migration/V2__create_photo_table.sql (filename: V2__create_photo_table.sql)
2026-09-01 15:37:12.599 [main] DEBUG [N/A] [N/A] o.f.core.internal.scanner.Scanner - Filtering out resource: db/migration/V1__create_users_table.sql (filename: V1__create_users_table.sql)
2026-09-01 15:37:12.599 [main] DEBUG [N/A] [N/A] o.f.core.internal.scanner.Scanner - Filtering out resource: db/migration/V4__add_index.sql (filename: V4__add_index.sql)
2026-09-01 15:37:12.599 [main] DEBUG [N/A] [N/A] o.f.core.internal.scanner.Scanner - Filtering out resource: db/migration/V3__create_analysis_table.sql (filename: V3__create_analysis_table.sql)
2026-09-01 15:37:12.624 [main] INFO  [N/A] [N/A] o.f.core.internal.command.DbValidate - Successfully validated 4 migrations (execution time 00:00.037s)
2026-09-01 15:37:12.628 [main] DEBUG [N/A] [N/A] o.f.core.internal.command.DbSchemas - Skipping creation of existing schema: "public"
2026-09-01 15:37:12.666 [main] DEBUG [N/A] [N/A] o.f.c.a.c.ClassicConfiguration - CherryPickConfigurationExtension not found
2026-09-01 15:37:12.669 [main] INFO  [N/A] [N/A] o.f.core.internal.command.DbMigrate - Current version of schema "public": 4
2026-09-01 15:37:12.671 [main] INFO  [N/A] [N/A] o.f.core.internal.command.DbMigrate - Schema "public" is up to date. No migration necessary.
2026-09-01 15:37:12.674 [main] DEBUG [N/A] [N/A] org.flywaydb.core.FlywayExecutor - Memory usage: 43 of 88M
2026-09-01 15:37:12.717 [main] DEBUG [N/A] [N/A] o.s.jdbc.datasource.DataSourceUtils - Fetching JDBC Connection from DataSource
2026-09-01 15:37:12.754 [main] INFO  [N/A] [N/A] o.h.jpa.internal.util.LogHelper - HHH000204: Processing PersistenceUnitInfo [name: default]
2026-09-01 15:37:12.832 [main] INFO  [N/A] [N/A] org.hibernate.Version - HHH000412: Hibernate ORM core version 6.2.25.Final
2026-09-01 15:37:12.835 [main] INFO  [N/A] [N/A] org.hibernate.cfg.Environment - HHH000406: Using bytecode reflection optimizer
2026-09-01 15:37:13.179 [main] INFO  [N/A] [N/A] o.s.o.j.p.SpringPersistenceUnitInfo - No LoadTimeWeaver setup: ignoring JPA class transformer
2026-09-01 15:37:15.129 [main] INFO  [N/A] [N/A] o.h.e.t.j.p.i.JtaPlatformInitiator - HHH000489: No JTA platform available (set 'hibernate.transaction.jta.platform' to enable JTA platform integration)
2026-09-01 15:37:15.139 [main] INFO  [N/A] [N/A] o.s.o.j.LocalContainerEntityManagerFactoryBean - Initialized JPA EntityManagerFactory for persistence unit 'default'
2026-09-01 15:37:15.473 [main] INFO  [N/A] [N/A] o.s.d.j.r.query.QueryEnhancerFactory - Hibernate is in classpath; If applicable, HQL parser will be used.
2026-09-01 15:37:16.260 [main] DEBUG [N/A] [N/A] r.s.s.s.filter.RateLimiterFilter - Filter 'rateLimiterFilter' configured for use
2026-09-01 15:37:16.260 [main] DEBUG [N/A] [N/A] r.s.skinscan.config.MdcLoggingFilter - Filter 'mdcLoggingFilter' configured for use
2026-09-01 15:37:16.854 [main] INFO  [N/A] [N/A] r.s.s.d.s.LocalFileStorageService - Инициализация локального хранилища фотографий с начальным путем: C:\Users\ferdi/data/uploads
2026-09-01 15:37:16.887 [main] INFO  [N/A] [N/A] r.s.s.d.s.LocalFileStorageService - Инициализация локального хранилища фотографий успешна завершена!
2026-09-01 15:37:17.356 [main] INFO  [N/A] [N/A] r.s.skinscan.config.AsyncConfig - Photo Task Executor запущен: базовое кол-во потоков=5, максимальное кол-во потоков=10, размер очереди ожидания=100
2026-09-01 15:37:17.386 [main] INFO  [N/A] [N/A] r.s.skinscan.config.AsyncConfig - Recovery Task Executor запущен
2026-09-01 15:37:18.220 [main] WARN  [N/A] [N/A] o.s.b.a.o.j.JpaBaseConfiguration$JpaWebConfiguration - spring.jpa.open-in-view is enabled by default. Therefore, database queries may be performed during view rendering. Explicitly configure spring.jpa.open-in-view to disable this warning
2026-09-01 15:37:18.376 [main] DEBUG [N/A] [N/A] o.s.s.c.a.a.c.AuthenticationConfiguration$DefaultPasswordEncoderAuthenticationManagerBuilder - No authenticationProviders and no parentAuthenticationManager defined. Returning null.
2026-09-01 15:37:20.223 [main] INFO  [N/A] [N/A] o.s.s.web.DefaultSecurityFilterChain - Will secure any request with [org.springframework.security.web.session.DisableEncodeUrlFilter@537979aa, org.springframework.security.web.context.request.async.WebAsyncManagerIntegrationFilter@5ac25491, org.springframework.security.web.context.SecurityContextHolderFilter@347c7b, org.springframework.security.web.header.HeaderWriterFilter@11f8d64, org.springframework.web.filter.CorsFilter@5b115d71, org.springframework.security.web.authentication.logout.LogoutFilter@564b221e, ru.startup.skinscan.security.filter.RateLimiterFilter@97e9568, org.springframework.security.web.authentication.www.BasicAuthenticationFilter@69dc0dd1, org.springframework.security.web.savedrequest.RequestCacheAwareFilter@201a84e1, org.springframework.security.web.servletapi.SecurityContextHolderAwareRequestFilter@7e64b248, org.springframework.security.web.authentication.AnonymousAuthenticationFilter@4398d, org.springframework.security.web.session.SessionManagementFilter@1c71d704, org.springframework.security.web.access.ExceptionTranslationFilter@7fe1a856, org.springframework.security.web.access.intercept.AuthorizationFilter@582ea857]
2026-09-01 15:37:22.115 [main] INFO  [N/A] [N/A] o.a.coyote.http11.Http11NioProtocol - Starting ProtocolHandler ["http-nio-8080"]
2026-09-01 15:37:22.241 [main] INFO  [N/A] [N/A] o.s.b.w.e.tomcat.TomcatWebServer - Tomcat started on port(s): 8080 (http) with context path ''
2026-09-01 15:37:22.325 [main] INFO  [N/A] [N/A] ru.startup.skinscan.Main - Started Main in 13.075 seconds (process running for 13.921)
2026-09-01 15:37:22.378 [scheduling-1] DEBUG [N/A] [N/A] r.s.s.s.PhotoRecoveryScheduler - Запуск проверки и обработки зависших фотографий
2026-09-01 15:37:22.785 [scheduling-1] DEBUG [N/A] [N/A] org.hibernate.SQL - 
    select
        p1_0.id,
        p1_0.created_at,
        p1_0.file_name,
        p1_0.file_size_bytes,
        p1_0.mime_type,
        p1_0.status,
        p1_0.storage_file_path,
        p1_0.updated_at,
        p1_0.user_id 
    from
        photo p1_0 
    where
        p1_0.status=? 
        and p1_0.created_at<cast(? as timestamp(6) with time zone)
2026-09-01 15:37:22.801 [scheduling-1] DEBUG [N/A] [N/A] r.s.s.s.PhotoRecoveryScheduler - Зависшие фотографии не найдены
2026-09-01 15:37:25.776 [http-nio-8080-exec-2] INFO  [N/A] [N/A] o.a.c.c.C.[Tomcat].[localhost].[/] - Initializing Spring DispatcherServlet 'dispatcherServlet'
2026-09-01 15:37:25.776 [http-nio-8080-exec-2] INFO  [N/A] [N/A] o.s.web.servlet.DispatcherServlet - Initializing Servlet 'dispatcherServlet'
2026-09-01 15:37:25.784 [http-nio-8080-exec-2] INFO  [N/A] [N/A] o.s.web.servlet.DispatcherServlet - Completed initialization in 8 ms
2026-09-01 15:37:25.931 [http-nio-8080-exec-2] DEBUG [N/A] [N/A] o.s.security.web.FilterChainProxy - Securing POST /skinScan/photos/upload
2026-09-01 15:37:26.144 [http-nio-8080-exec-2] DEBUG [N/A] [N/A] org.hibernate.SQL - 
    select
        u1_0.id,
        u1_0.created_at,
        u1_0.email,
        u1_0.login,
        u1_0.password,
        u1_0.phone,
        u1_0.updated_at 
    from
        users u1_0 
    where
        u1_0.login=?
2026-09-01 15:37:27.556 [http-nio-8080-exec-2] DEBUG [N/A] [N/A] org.hibernate.SQL - 
    select
        u1_0.id 
    from
        users u1_0 
    where
        u1_0.login=?
2026-09-01 15:37:29.512 [http-nio-8080-exec-2] INFO  [N/A] [N/A] r.s.s.s.s.CustomUserDetailsService - Поиск пользователя с логином: Andrey600
2026-09-01 15:37:29.528 [http-nio-8080-exec-2] DEBUG [N/A] [N/A] org.hibernate.SQL - 
    select
        u1_0.id,
        u1_0.created_at,
        u1_0.email,
        u1_0.login,
        u1_0.password,
        u1_0.phone,
        u1_0.updated_at 
    from
        users u1_0 
    where
        u1_0.login=?
2026-09-01 15:37:29.537 [http-nio-8080-exec-2] INFO  [N/A] [N/A] r.s.s.s.s.CustomUserDetailsService - Найден пользователь: Andrey600, пароль: $2a$12$82L1ISHBmtE5Mz8Sna4Kr.OxWw0qFyPc2rdTy8Pr6YSNBBPgoLaiK
2026-09-01 15:37:31.998 [http-nio-8080-exec-2] DEBUG [N/A] [N/A] o.s.s.a.d.DaoAuthenticationProvider - Authenticated user
2026-09-01 15:37:31.998 [http-nio-8080-exec-2] DEBUG [N/A] [N/A] o.s.s.w.a.w.BasicAuthenticationFilter - Set SecurityContextHolder to UsernamePasswordAuthenticationToken [Principal=org.springframework.security.core.userdetails.User [Username=Andrey600, Password=[PROTECTED], Enabled=true, AccountNonExpired=true, credentialsNonExpired=true, AccountNonLocked=true, Granted Authorities=[]], Credentials=[PROTECTED], Authenticated=true, Details=WebAuthenticationDetails [RemoteIpAddress=127.0.0.1, SessionId=null], Granted Authorities=[]]
2026-09-01 15:37:32.022 [http-nio-8080-exec-2] DEBUG [N/A] [N/A] o.s.security.web.FilterChainProxy - Secured POST /skinScan/photos/upload
2026-09-01 15:37:32.814 [http-nio-8080-exec-2] DEBUG [4998f218-b72a-4edb-9c2f-32d0954a34ba] [NO_SESSION] r.s.s.d.s.LocalFileStorageService - Файл сохранится в директории: C:\Users\ferdi\data\uploads\805dc\2026\09\9f547b70-fd6d-4e8c-aacb-1d3a709efa62.jpg, с временной директорией: C:\Users\ferdi\data\uploads\805dc\2026\09\temp\.9f547b70-fd6d-4e8c-aacb-1d3a709efa62.jpg.tmp
2026-09-01 15:37:32.864 [http-nio-8080-exec-2] INFO  [4998f218-b72a-4edb-9c2f-32d0954a34ba] [NO_SESSION] r.s.s.d.s.LocalFileStorageService - Файл успешно сохранен: 805dc/2026/09/9f547b70-fd6d-4e8c-aacb-1d3a709efa62.jpg, с размером: 33095 байт
2026-09-01 15:37:32.864 [http-nio-8080-exec-2] INFO  [4998f218-b72a-4edb-9c2f-32d0954a34ba] [NO_SESSION] r.s.s.d.service.PhotoServiceImpl - Фото сохранено в хранилище
2026-09-01 15:37:33.001 [http-nio-8080-exec-2] DEBUG [4998f218-b72a-4edb-9c2f-32d0954a34ba] [NO_SESSION] org.hibernate.SQL - 
    select
        p1_0.id,
        p1_0.created_at,
        p1_0.file_name,
        p1_0.file_size_bytes,
        p1_0.mime_type,
        p1_0.status,
        p1_0.storage_file_path,
        p1_0.updated_at,
        p1_0.user_id 
    from
        photo p1_0 
    where
        p1_0.id=?
2026-09-01 15:37:33.090 [http-nio-8080-exec-2] INFO  [4998f218-b72a-4edb-9c2f-32d0954a34ba] [NO_SESSION] r.s.s.d.service.PhotoServiceImpl - Метаданные фото 6cf2daf2-2dd6-4eb4-b690-74636af126e6 сохранены в БД
2026-09-01 15:37:33.106 [http-nio-8080-exec-2] INFO  [4998f218-b72a-4edb-9c2f-32d0954a34ba] [NO_SESSION] r.s.s.d.service.PhotoServiceImpl - Запуск асинхронной обработки фото 6cf2daf2-2dd6-4eb4-b690-74636af126e6
2026-09-01 15:37:33.114 [PhotoProcessor-1] INFO  [N/A] [N/A] r.s.s.d.s.AsyncPhotoProcessingExecutor - Запущен асинхронный процесс с фото: 6cf2daf2-2dd6-4eb4-b690-74636af126e6, пользователя: 64641147-39de-45f8-a11f-7f57eb2805dc
2026-09-01 15:37:33.214 [http-nio-8080-exec-2] DEBUG [4998f218-b72a-4edb-9c2f-32d0954a34ba] [NO_SESSION] org.hibernate.SQL - 
    insert 
    into
        photo
        (created_at,file_name,file_size_bytes,mime_type,status,storage_file_path,updated_at,user_id,id) 
    values
        (?,?,?,?,?,?,?,?,?)
2026-09-01 15:37:34.141 [PhotoProcessor-1] DEBUG [N/A] [N/A] o.s.jdbc.datasource.DataSourceUtils - Setting JDBC Connection [HikariProxyConnection@1182982490 wrapping org.postgresql.jdbc.PgConnection@1a785fd5] read-only
2026-09-01 15:37:34.165 [PhotoProcessor-1] DEBUG [N/A] [N/A] org.hibernate.SQL - 
    select
        p1_0.id,
        p1_0.created_at,
        p1_0.file_name,
        p1_0.file_size_bytes,
        p1_0.mime_type,
        p1_0.status,
        p1_0.storage_file_path,
        p1_0.updated_at,
        p1_0.user_id 
    from
        photo p1_0 
    where
        p1_0.id=?
2026-09-01 15:37:34.169 [PhotoProcessor-1] DEBUG [N/A] [N/A] o.s.jdbc.datasource.DataSourceUtils - Resetting read-only flag of JDBC Connection [HikariProxyConnection@1182982490 wrapping org.postgresql.jdbc.PgConnection@1a785fd5]
2026-09-01 15:37:34.252 [PhotoProcessor-1] DEBUG [N/A] [N/A] org.hibernate.SQL - 
    update
        photo 
    set
        status=?,
        updated_at=cast(? as timestamp(6) with time zone) 
    where
        id=?
2026-09-01 15:37:34.262 [PhotoProcessor-1] INFO  [N/A] [N/A] r.s.s.d.s.AsyncPhotoProcessingExecutor - Сменен статус фото 6cf2daf2-2dd6-4eb4-b690-74636af126e6 на PROCESSING
2026-09-01 15:37:34.272 [PhotoProcessor-1] DEBUG [N/A] [N/A] org.hibernate.SQL - 
    select
        a1_0.id,
        a1_0.completed_at,
        a1_0.photo_id,
        a1_0.requested_at,
        a1_0.result,
        a1_0.status 
    from
        analysis a1_0 
    where
        a1_0.id=?
2026-09-01 15:37:34.292 [PhotoProcessor-1] DEBUG [N/A] [N/A] org.hibernate.SQL - 
    insert 
    into
        analysis
        (completed_at,photo_id,requested_at,result,status,id) 
    values
        (?,?,?,?,?,?)
2026-09-01 15:37:34.354 [PhotoProcessor-1] INFO  [N/A] [N/A] r.s.s.d.s.AsyncPhotoProcessingExecutor - Сформирован запрос к ML сервису для фото: 6cf2daf2-2dd6-4eb4-b690-74636af126e6, размером: 33095 байт
2026-09-01 15:37:34.364 [PhotoProcessor-1] INFO  [N/A] [N/A] r.s.s.d.s.AsyncPhotoProcessingExecutor - Вызов ML анализа фото: 6cf2daf2-2dd6-4eb4-b690-74636af126e6
2026-09-01 15:37:34.364 [PhotoProcessor-1] INFO  [N/A] [N/A] ru.startup.skinscan.ML.StubMLClient - Заглушка ML: Анализ фото: 6cf2daf2-2dd6-4eb4-b690-74636af126e6
2026-09-01 15:37:38.536 [PhotoProcessor-1] INFO  [N/A] [N/A] ru.startup.skinscan.ML.StubMLClient - Заглушка ML: Фото: 6cf2daf2-2dd6-4eb4-b690-74636af126e6 обработано за 4172 ms
2026-09-01 15:37:38.537 [PhotoProcessor-1] INFO  [N/A] [N/A] r.s.s.d.s.AsyncPhotoProcessingExecutor - ML анализ фото: 6cf2daf2-2dd6-4eb4-b690-74636af126e6, завершен за время: 4173ms
2026-09-01 15:37:38.590 [PhotoProcessor-1] DEBUG [N/A] [N/A] org.hibernate.SQL - 
    update
        analysis 
    set
        result=?,
        status=?,
        completed_at=cast(? as timestamp(6) with time zone) 
    where
        id=?
2026-09-01 15:37:38.705 [PhotoProcessor-1] WARN  [N/A] [N/A] o.h.e.jdbc.spi.SqlExceptionHelper - SQL Error: 0, SQLState: 42804
2026-09-01 15:37:38.706 [PhotoProcessor-1] ERROR [N/A] [N/A] o.h.e.jdbc.spi.SqlExceptionHelper - ОШИБКА: столбец "result" имеет тип jsonb, а выражение - character varying
  Подсказка: Перепишите выражение или преобразуйте его тип.
  Позиция: 28
2026-09-01 15:37:38.752 [PhotoProcessor-1] DEBUG [N/A] [N/A] org.hibernate.SQL - 
    select
        p1_0.id 
    from
        photo p1_0 
    where
        p1_0.file_name=?
2026-09-01 15:37:38.759 [PhotoProcessor-1] ERROR [N/A] [N/A] r.s.s.d.s.AsyncPhotoProcessingExecutor - В процессе обработки фото 6cf2daf2-2dd6-4eb4-b690-74636af126e6 возникла неизвестная ошибка: 
org.springframework.dao.InvalidDataAccessResourceUsageException: JDBC exception executing SQL [update analysis set result=?,status=?,completed_at=cast(? as timestamp(6) with time zone) where id=?] [ОШИБКА: столбец "result" имеет тип jsonb, а выражение - character varying
  Подсказка: Перепишите выражение или преобразуйте его тип.
  Позиция: 28] [n/a]; SQL [n/a]
	at org.springframework.orm.jpa.vendor.HibernateJpaDialect.convertHibernateAccessException(HibernateJpaDialect.java:256)
	at org.springframework.orm.jpa.vendor.HibernateJpaDialect.translateExceptionIfPossible(HibernateJpaDialect.java:229)
	at org.springframework.orm.jpa.AbstractEntityManagerFactoryBean.translateExceptionIfPossible(AbstractEntityManagerFactoryBean.java:550)
	at org.springframework.dao.support.ChainedPersistenceExceptionTranslator.translateExceptionIfPossible(ChainedPersistenceExceptionTranslator.java:61)
	at org.springframework.dao.support.DataAccessUtils.translateIfNecessary(DataAccessUtils.java:243)
	at org.springframework.dao.support.PersistenceExceptionTranslationInterceptor.invoke(PersistenceExceptionTranslationInterceptor.java:152)
	at org.springframework.aop.framework.ReflectiveMethodInvocation.proceed(ReflectiveMethodInvocation.java:184)
	at org.springframework.data.jpa.repository.support.CrudMethodMetadataPostProcessor$CrudMethodMetadataPopulatingMethodInterceptor.invoke(CrudMethodMetadataPostProcessor.java:135)
	at org.springframework.aop.framework.ReflectiveMethodInvocation.proceed(ReflectiveMethodInvocation.java:184)
	at org.springframework.aop.interceptor.ExposeInvocationInterceptor.invoke(ExposeInvocationInterceptor.java:97)
	at org.springframework.aop.framework.ReflectiveMethodInvocation.proceed(ReflectiveMethodInvocation.java:184)
	at org.springframework.aop.framework.JdkDynamicAopProxy.invoke(JdkDynamicAopProxy.java:244)
	at jdk.proxy2/jdk.proxy2.$Proxy148.update(Unknown Source)
	at ru.startup.skinscan.domain.service.AsyncPhotoProcessingExecutor.processPhoto(AsyncPhotoProcessingExecutor.java:132)
	at java.base/jdk.internal.reflect.DirectMethodHandleAccessor.invoke(DirectMethodHandleAccessor.java:103)
	at java.base/java.lang.reflect.Method.invoke(Method.java:580)
	at org.springframework.aop.support.AopUtils.invokeJoinpointUsingReflection(AopUtils.java:343)
	at org.springframework.aop.framework.ReflectiveMethodInvocation.invokeJoinpoint(ReflectiveMethodInvocation.java:196)
	at org.springframework.aop.framework.ReflectiveMethodInvocation.proceed(ReflectiveMethodInvocation.java:163)
	at org.springframework.aop.interceptor.AsyncExecutionInterceptor.lambda$invoke$0(AsyncExecutionInterceptor.java:115)
	at java.base/java.util.concurrent.FutureTask.run(FutureTask.java:317)
	at java.base/java.util.concurrent.ThreadPoolExecutor.runWorker(ThreadPoolExecutor.java:1144)
	at java.base/java.util.concurrent.ThreadPoolExecutor$Worker.run(ThreadPoolExecutor.java:642)
	at java.base/java.lang.Thread.run(Thread.java:1583)
Caused by: org.hibernate.exception.SQLGrammarException: JDBC exception executing SQL [update analysis set result=?,status=?,completed_at=cast(? as timestamp(6) with time zone) where id=?] [ОШИБКА: столбец "result" имеет тип jsonb, а выражение - character varying
  Подсказка: Перепишите выражение или преобразуйте его тип.
  Позиция: 28] [n/a]
	at org.hibernate.exception.internal.SQLStateConversionDelegate.convert(SQLStateConversionDelegate.java:89)
	at org.hibernate.exception.internal.StandardSQLExceptionConverter.convert(StandardSQLExceptionConverter.java:56)
	at org.hibernate.engine.jdbc.spi.SqlExceptionHelper.convert(SqlExceptionHelper.java:108)
	at org.hibernate.engine.jdbc.spi.SqlExceptionHelper.convert(SqlExceptionHelper.java:94)
	at org.hibernate.sql.exec.internal.StandardJdbcMutationExecutor.execute(StandardJdbcMutationExecutor.java:96)
	at org.hibernate.query.sqm.internal.SimpleUpdateQueryPlan.executeUpdate(SimpleUpdateQueryPlan.java:91)
	at org.hibernate.query.sqm.internal.QuerySqmImpl.doExecuteUpdate(QuerySqmImpl.java:735)
	at org.hibernate.query.sqm.internal.QuerySqmImpl.executeUpdate(QuerySqmImpl.java:705)
	at org.springframework.data.jpa.repository.query.JpaQueryExecution$ModifyingExecution.doExecute(JpaQueryExecution.java:266)
	at org.springframework.data.jpa.repository.query.JpaQueryExecution.execute(JpaQueryExecution.java:92)
	at org.springframework.data.jpa.repository.query.AbstractJpaQuery.doExecute(AbstractJpaQuery.java:149)
	at org.springframework.data.jpa.repository.query.AbstractJpaQuery.execute(AbstractJpaQuery.java:137)
	at org.springframework.data.repository.core.support.RepositoryMethodInvoker.doInvoke(RepositoryMethodInvoker.java:136)
	at org.springframework.data.repository.core.support.RepositoryMethodInvoker.invoke(RepositoryMethodInvoker.java:120)
	at org.springframework.data.repository.core.support.QueryExecutorMethodInterceptor.doInvoke(QueryExecutorMethodInterceptor.java:164)
	at org.springframework.data.repository.core.support.QueryExecutorMethodInterceptor.invoke(QueryExecutorMethodInterceptor.java:143)
	at org.springframework.aop.framework.ReflectiveMethodInvocation.proceed(ReflectiveMethodInvocation.java:184)
	at org.springframework.data.projection.DefaultMethodInvokingMethodInterceptor.invoke(DefaultMethodInvokingMethodInterceptor.java:70)
	at org.springframework.aop.framework.ReflectiveMethodInvocation.proceed(ReflectiveMethodInvocation.java:184)
	at org.springframework.transaction.interceptor.TransactionInterceptor$1.proceedWithInvocation(TransactionInterceptor.java:123)
	at org.springframework.transaction.interceptor.TransactionAspectSupport.invokeWithinTransaction(TransactionAspectSupport.java:391)
	at org.springframework.transaction.interceptor.TransactionInterceptor.invoke(TransactionInterceptor.java:119)
	at org.springframework.aop.framework.ReflectiveMethodInvocation.proceed(ReflectiveMethodInvocation.java:184)
	at org.springframework.dao.support.PersistenceExceptionTranslationInterceptor.invoke(PersistenceExceptionTranslationInterceptor.java:137)
	... 18 common frames omitted
Caused by: org.postgresql.util.PSQLException: ОШИБКА: столбец "result" имеет тип jsonb, а выражение - character varying
  Подсказка: Перепишите выражение или преобразуйте его тип.
  Позиция: 28
	at org.postgresql.core.v3.QueryExecutorImpl.receiveErrorResponse(QueryExecutorImpl.java:2904)
	at org.postgresql.core.v3.QueryExecutorImpl.processResults(QueryExecutorImpl.java:2589)
	at org.postgresql.core.v3.QueryExecutorImpl.execute(QueryExecutorImpl.java:431)
	at org.postgresql.jdbc.PgStatement.executeInternal(PgStatement.java:534)
	at org.postgresql.jdbc.PgStatement.execute(PgStatement.java:437)
	at org.postgresql.jdbc.PgPreparedStatement.executeWithFlags(PgPreparedStatement.java:196)
	at org.postgresql.jdbc.PgPreparedStatement.executeUpdate(PgPreparedStatement.java:157)
	at com.zaxxer.hikari.pool.ProxyPreparedStatement.executeUpdate(ProxyPreparedStatement.java:61)
	at com.zaxxer.hikari.pool.HikariProxyPreparedStatement.executeUpdate(HikariProxyPreparedStatement.java)
	at org.hibernate.sql.exec.internal.StandardJdbcMutationExecutor.execute(StandardJdbcMutationExecutor.java:83)
	... 37 common frames omitted
2026-09-01 15:37:38.783 [PhotoProcessor-1] DEBUG [N/A] [N/A] org.hibernate.SQL - 
    update
        photo 
    set
        status=?,
        updated_at=cast(? as timestamp(6) with time zone) 
    where
        id=?
2026-09-01 15:37:38.794 [PhotoProcessor-1] DEBUG [N/A] [N/A] org.hibernate.SQL - 
    select
        a1_0.id,
        a1_0.completed_at,
        a1_0.photo_id,
        a1_0.requested_at,
        a1_0.result,
        a1_0.status 
    from
        analysis a1_0 
    where
        a1_0.photo_id=?
2026-09-01 15:37:38.804 [PhotoProcessor-1] DEBUG [N/A] [N/A] org.hibernate.SQL - 
    update
        analysis 
    set
        status=?,
        completed_at=cast(? as timestamp(6) with time zone) 
    where
        id=?
2026-09-01 15:37:58.235 [SpringApplicationShutdownHook] INFO  [N/A] [N/A] o.s.o.j.LocalContainerEntityManagerFactoryBean - Closing JPA EntityManagerFactory for persistence unit 'default'
2026-09-01 15:37:58.237 [SpringApplicationShutdownHook] INFO  [N/A] [N/A] com.zaxxer.hikari.HikariDataSource - HikariPool-1 - Shutdown initiated...
2026-09-01 15:37:58.241 [SpringApplicationShutdownHook] INFO  [N/A] [N/A] com.zaxxer.hikari.HikariDataSource - HikariPool-1 - Shutdown completed.
2026-09-01 16:29:55.318 [background-preinit] INFO  [N/A] [N/A] o.h.validator.internal.util.Version - HV000001: Hibernate Validator 8.0.1.Final
2026-09-01 16:29:55.390 [main] INFO  [N/A] [N/A] ru.startup.skinscan.Main - Starting Main using Java 21.0.10 with PID 28440 (C:\Users\ferdi\IdeaProjects\SkinScan\build\classes\java\main started by ferdi in C:\Users\ferdi\IdeaProjects\SkinScan)
2026-09-01 16:29:55.390 [main] DEBUG [N/A] [N/A] ru.startup.skinscan.Main - Running with Spring Boot v3.1.12, Spring v6.0.21
2026-09-01 16:29:55.390 [main] INFO  [N/A] [N/A] ru.startup.skinscan.Main - The following 1 profile is active: "local"
2026-09-01 16:29:56.540 [main] INFO  [N/A] [N/A] o.s.d.r.c.RepositoryConfigurationDelegate - Bootstrapping Spring Data JPA repositories in DEFAULT mode.
2026-09-01 16:29:56.688 [main] INFO  [N/A] [N/A] o.s.d.r.c.RepositoryConfigurationDelegate - Finished Spring Data repository scanning in 135 ms. Found 3 JPA repository interfaces.
2026-09-01 16:29:57.172 [main] INFO  [N/A] [N/A] o.s.b.w.e.tomcat.TomcatWebServer - Tomcat initialized with port(s): 8080 (http)
2026-09-01 16:29:57.177 [main] INFO  [N/A] [N/A] o.a.coyote.http11.Http11NioProtocol - Initializing ProtocolHandler ["http-nio-8080"]
2026-09-01 16:29:57.178 [main] INFO  [N/A] [N/A] o.a.catalina.core.StandardService - Starting service [Tomcat]
2026-09-01 16:29:57.179 [main] INFO  [N/A] [N/A] o.a.catalina.core.StandardEngine - Starting Servlet engine: [Apache Tomcat/10.1.24]
2026-09-01 16:29:57.277 [main] INFO  [N/A] [N/A] o.a.c.c.C.[Tomcat].[localhost].[/] - Initializing Spring embedded WebApplicationContext
2026-09-01 16:29:57.278 [main] INFO  [N/A] [N/A] o.s.b.w.s.c.ServletWebServerApplicationContext - Root WebApplicationContext: initialization completed in 1800 ms
2026-09-01 16:29:57.299 [main] INFO  [N/A] [N/A] r.s.s.s.r.RateLimiterInMemory - RateLimiter инициализирован с интервалом очистки: 300с
2026-09-01 16:29:57.488 [main] DEBUG [N/A] [N/A] o.f.c.i.s.classpath.ClassPathScanner - Scanning for classpath resources at 'classpath:db/callback' ...
2026-09-01 16:29:57.488 [main] DEBUG [N/A] [N/A] o.f.c.i.s.classpath.ClassPathScanner - Determining location urls for classpath:db/callback using ClassLoader TomcatEmbeddedWebappClassLoader
  context: ROOT
  delegate: true
----------> Parent Classloader:
jdk.internal.loader.ClassLoaders$AppClassLoader@3fee733d
 ...
2026-09-01 16:29:57.489 [main] DEBUG [N/A] [N/A] o.f.c.i.s.classpath.ClassPathScanner - Unable to resolve location classpath:db/callback.
2026-09-01 16:29:57.489 [main] DEBUG [N/A] [N/A] o.f.c.i.s.classpath.ClassPathScanner - Scanning for classpath resources at 'classpath:db/migration' ...
2026-09-01 16:29:57.489 [main] DEBUG [N/A] [N/A] o.f.c.i.s.classpath.ClassPathScanner - Determining location urls for classpath:db/migration using ClassLoader TomcatEmbeddedWebappClassLoader
  context: ROOT
  delegate: true
----------> Parent Classloader:
jdk.internal.loader.ClassLoaders$AppClassLoader@3fee733d
 ...
2026-09-01 16:29:57.490 [main] DEBUG [N/A] [N/A] o.f.c.i.s.classpath.ClassPathScanner - Scanning URL: file:/C:/Users/ferdi/IdeaProjects/SkinScan/build/resources/main/db/migration
2026-09-01 16:29:57.491 [main] DEBUG [N/A] [N/A] o.f.c.i.s.c.FileSystemClassPathLocationScanner - Scanning starting at classpath root in filesystem: C:\Users\ferdi\IdeaProjects\SkinScan\build\resources\main\
2026-09-01 16:29:57.492 [main] DEBUG [N/A] [N/A] o.f.c.i.s.c.FileSystemClassPathLocationScanner - Scanning for resources in path: C:\Users\ferdi\IdeaProjects\SkinScan\build\resources\main\db\migration (db/migration)
2026-09-01 16:29:57.493 [main] DEBUG [N/A] [N/A] o.f.c.i.s.classpath.ClassPathScanner - Found resource: db/migration/V1__create_users_table.sql
2026-09-01 16:29:57.493 [main] DEBUG [N/A] [N/A] o.f.c.i.s.classpath.ClassPathScanner - Found resource: db/migration/V2__create_photo_table.sql
2026-09-01 16:29:57.493 [main] DEBUG [N/A] [N/A] o.f.c.i.s.classpath.ClassPathScanner - Found resource: db/migration/V3__create_analysis_table.sql
2026-09-01 16:29:57.494 [main] DEBUG [N/A] [N/A] o.f.c.i.s.classpath.ClassPathScanner - Found resource: db/migration/V4__add_index.sql
2026-09-01 16:29:57.494 [main] DEBUG [N/A] [N/A] o.f.c.i.s.classpath.ClassPathScanner - Scanning for classes at classpath:db/migration
2026-09-01 16:29:57.496 [main] DEBUG [N/A] [N/A] o.f.c.i.r.ResourceNameValidator - Validating V2__create_photo_table.sql
2026-09-01 16:29:57.500 [main] INFO  [N/A] [N/A] com.zaxxer.hikari.HikariDataSource - HikariPool-1 - Starting...
2026-09-01 16:29:57.714 [main] INFO  [N/A] [N/A] com.zaxxer.hikari.pool.HikariPool - HikariPool-1 - Added connection org.postgresql.jdbc.PgConnection@4c4c7d6c
2026-09-01 16:29:57.715 [main] INFO  [N/A] [N/A] com.zaxxer.hikari.HikariDataSource - HikariPool-1 - Start completed.
2026-09-01 16:29:57.745 [main] DEBUG [N/A] [N/A] o.f.c.i.r.ResourceNameValidator - Validating V1__create_users_table.sql
2026-09-01 16:29:57.746 [main] DEBUG [N/A] [N/A] o.f.c.i.r.ResourceNameValidator - Validating V4__add_index.sql
2026-09-01 16:29:57.746 [main] DEBUG [N/A] [N/A] o.f.c.i.r.ResourceNameValidator - Validating V3__create_analysis_table.sql
2026-09-01 16:29:57.754 [main] DEBUG [N/A] [N/A] o.f.c.i.d.DatabaseTypeRegister - Multiple databases found that handle url 'jdbc:postgresql://localhost:5432/skinScan': CockroachDB,PostgreSQL
2026-09-01 16:29:57.754 [main] INFO  [N/A] [N/A] org.flywaydb.core.FlywayExecutor - Database: jdbc:postgresql://localhost:5432/skinScan (PostgreSQL 18.1)
2026-09-01 16:29:57.754 [main] DEBUG [N/A] [N/A] org.flywaydb.core.FlywayExecutor - Database Type: PostgreSQL
2026-09-01 16:29:57.754 [main] DEBUG [N/A] [N/A] org.flywaydb.core.FlywayExecutor - Driver: PostgreSQL JDBC Driver 42.7.11
2026-09-01 16:29:57.755 [main] DEBUG [N/A] [N/A] org.flywaydb.core.FlywayExecutor - DDL Transactions Supported: true
2026-09-01 16:29:57.756 [main] DEBUG [N/A] [N/A] o.f.c.i.s.SchemaHistoryFactory - Schemas: 
2026-09-01 16:29:57.756 [main] DEBUG [N/A] [N/A] o.f.c.i.s.SchemaHistoryFactory - Default schema: null
2026-09-01 16:29:57.766 [main] WARN  [N/A] [N/A] o.f.c.i.database.base.Database - Flyway upgrade recommended: PostgreSQL 18.1 is newer than this version of Flyway and support has not been tested. The latest supported version of PostgreSQL is 16.
2026-09-01 16:29:57.768 [main] DEBUG [N/A] [N/A] o.f.c.i.c.SqlScriptCallbackFactory - Scanning for SQL callbacks ...
2026-09-01 16:29:57.778 [main] DEBUG [N/A] [N/A] o.f.core.internal.command.DbValidate - Validating migrations ...
2026-09-01 16:29:57.782 [main] DEBUG [N/A] [N/A] o.f.c.a.c.ClassicConfiguration - CherryPickConfigurationExtension not found
2026-09-01 16:29:57.864 [main] DEBUG [N/A] [N/A] o.f.core.internal.scanner.Scanner - Filtering out resource: db/migration/V2__create_photo_table.sql (filename: V2__create_photo_table.sql)
2026-09-01 16:29:57.864 [main] DEBUG [N/A] [N/A] o.f.core.internal.scanner.Scanner - Filtering out resource: db/migration/V1__create_users_table.sql (filename: V1__create_users_table.sql)
2026-09-01 16:29:57.865 [main] DEBUG [N/A] [N/A] o.f.core.internal.scanner.Scanner - Filtering out resource: db/migration/V4__add_index.sql (filename: V4__add_index.sql)
2026-09-01 16:29:57.865 [main] DEBUG [N/A] [N/A] o.f.core.internal.scanner.Scanner - Filtering out resource: db/migration/V3__create_analysis_table.sql (filename: V3__create_analysis_table.sql)
2026-09-01 16:29:57.866 [main] DEBUG [N/A] [N/A] o.f.core.internal.scanner.Scanner - Filtering out resource: db/migration/V2__create_photo_table.sql (filename: V2__create_photo_table.sql)
2026-09-01 16:29:57.866 [main] DEBUG [N/A] [N/A] o.f.core.internal.scanner.Scanner - Filtering out resource: db/migration/V1__create_users_table.sql (filename: V1__create_users_table.sql)
2026-09-01 16:29:57.866 [main] DEBUG [N/A] [N/A] o.f.core.internal.scanner.Scanner - Filtering out resource: db/migration/V4__add_index.sql (filename: V4__add_index.sql)
2026-09-01 16:29:57.866 [main] DEBUG [N/A] [N/A] o.f.core.internal.scanner.Scanner - Filtering out resource: db/migration/V3__create_analysis_table.sql (filename: V3__create_analysis_table.sql)
2026-09-01 16:29:57.898 [main] INFO  [N/A] [N/A] o.f.core.internal.command.DbValidate - Successfully validated 4 migrations (execution time 00:00.117s)
2026-09-01 16:29:57.899 [main] DEBUG [N/A] [N/A] o.f.core.internal.command.DbSchemas - Skipping creation of existing schema: "public"
2026-09-01 16:29:57.905 [main] DEBUG [N/A] [N/A] o.f.c.a.c.ClassicConfiguration - CherryPickConfigurationExtension not found
2026-09-01 16:29:57.907 [main] INFO  [N/A] [N/A] o.f.core.internal.command.DbMigrate - Current version of schema "public": 4
2026-09-01 16:29:57.909 [main] INFO  [N/A] [N/A] o.f.core.internal.command.DbMigrate - Schema "public" is up to date. No migration necessary.
2026-09-01 16:29:57.912 [main] DEBUG [N/A] [N/A] org.flywaydb.core.FlywayExecutor - Memory usage: 46 of 80M
2026-09-01 16:29:57.970 [main] DEBUG [N/A] [N/A] o.s.jdbc.datasource.DataSourceUtils - Fetching JDBC Connection from DataSource
2026-09-01 16:29:58.000 [main] INFO  [N/A] [N/A] o.h.jpa.internal.util.LogHelper - HHH000204: Processing PersistenceUnitInfo [name: default]
2026-09-01 16:29:58.059 [main] INFO  [N/A] [N/A] org.hibernate.Version - HHH000412: Hibernate ORM core version 6.2.25.Final
2026-09-01 16:29:58.062 [main] INFO  [N/A] [N/A] org.hibernate.cfg.Environment - HHH000406: Using bytecode reflection optimizer
2026-09-01 16:29:58.432 [main] INFO  [N/A] [N/A] o.s.o.j.p.SpringPersistenceUnitInfo - No LoadTimeWeaver setup: ignoring JPA class transformer
2026-09-01 16:29:59.271 [main] INFO  [N/A] [N/A] o.h.e.t.j.p.i.JtaPlatformInitiator - HHH000489: No JTA platform available (set 'hibernate.transaction.jta.platform' to enable JTA platform integration)
2026-09-01 16:29:59.276 [main] INFO  [N/A] [N/A] o.s.o.j.LocalContainerEntityManagerFactoryBean - Initialized JPA EntityManagerFactory for persistence unit 'default'
2026-09-01 16:29:59.454 [main] INFO  [N/A] [N/A] o.s.d.j.r.query.QueryEnhancerFactory - Hibernate is in classpath; If applicable, HQL parser will be used.
2026-09-01 16:29:59.946 [main] DEBUG [N/A] [N/A] r.s.s.s.filter.RateLimiterFilter - Filter 'rateLimiterFilter' configured for use
2026-09-01 16:29:59.947 [main] DEBUG [N/A] [N/A] r.s.skinscan.config.MdcLoggingFilter - Filter 'mdcLoggingFilter' configured for use
2026-09-01 16:30:00.062 [main] INFO  [N/A] [N/A] r.s.s.d.s.LocalFileStorageService - Инициализация локального хранилища фотографий с начальным путем: C:\Users\ferdi/data/uploads
2026-09-01 16:30:00.064 [main] INFO  [N/A] [N/A] r.s.s.d.s.LocalFileStorageService - Инициализация локального хранилища фотографий успешна завершена!
2026-09-01 16:30:00.118 [main] INFO  [N/A] [N/A] r.s.skinscan.config.AsyncConfig - Photo Task Executor запущен: базовое кол-во потоков=5, максимальное кол-во потоков=10, размер очереди ожидания=100
2026-09-01 16:30:00.121 [main] INFO  [N/A] [N/A] r.s.skinscan.config.AsyncConfig - Recovery Task Executor запущен
2026-09-01 16:30:00.237 [main] WARN  [N/A] [N/A] o.s.b.a.o.j.JpaBaseConfiguration$JpaWebConfiguration - spring.jpa.open-in-view is enabled by default. Therefore, database queries may be performed during view rendering. Explicitly configure spring.jpa.open-in-view to disable this warning
2026-09-01 16:30:00.247 [main] DEBUG [N/A] [N/A] o.s.s.c.a.a.c.AuthenticationConfiguration$DefaultPasswordEncoderAuthenticationManagerBuilder - No authenticationProviders and no parentAuthenticationManager defined. Returning null.
2026-09-01 16:30:00.467 [main] INFO  [N/A] [N/A] o.s.s.web.DefaultSecurityFilterChain - Will secure any request with [org.springframework.security.web.session.DisableEncodeUrlFilter@f2df380, org.springframework.security.web.context.request.async.WebAsyncManagerIntegrationFilter@2c3762c7, org.springframework.security.web.context.SecurityContextHolderFilter@104972a0, org.springframework.security.web.header.HeaderWriterFilter@3d70dab8, org.springframework.web.filter.CorsFilter@6cd0f9a4, org.springframework.security.web.authentication.logout.LogoutFilter@37b0a724, ru.startup.skinscan.security.filter.RateLimiterFilter@1c12f0f4, org.springframework.security.web.authentication.www.BasicAuthenticationFilter@835718b, org.springframework.security.web.savedrequest.RequestCacheAwareFilter@b0bd567, org.springframework.security.web.servletapi.SecurityContextHolderAwareRequestFilter@5ac3c6cd, org.springframework.security.web.authentication.AnonymousAuthenticationFilter@4d992634, org.springframework.security.web.session.SessionManagementFilter@18a9762, org.springframework.security.web.access.ExceptionTranslationFilter@5876cd86, org.springframework.security.web.access.intercept.AuthorizationFilter@54d5500e]
2026-09-01 16:30:00.891 [main] INFO  [N/A] [N/A] o.a.coyote.http11.Http11NioProtocol - Starting ProtocolHandler ["http-nio-8080"]
2026-09-01 16:30:00.906 [main] INFO  [N/A] [N/A] o.s.b.w.e.tomcat.TomcatWebServer - Tomcat started on port(s): 8080 (http) with context path ''
2026-09-01 16:30:00.916 [main] INFO  [N/A] [N/A] ru.startup.skinscan.Main - Started Main in 6.357 seconds (process running for 7.294)
2026-09-01 16:30:00.923 [scheduling-1] DEBUG [N/A] [N/A] r.s.s.s.PhotoRecoveryScheduler - Запуск проверки и обработки зависших фотографий
2026-09-01 16:30:01.011 [scheduling-1] DEBUG [N/A] [N/A] org.hibernate.SQL - 
    select
        p1_0.id,
        p1_0.created_at,
        p1_0.file_name,
        p1_0.file_size_bytes,
        p1_0.mime_type,
        p1_0.status,
        p1_0.storage_file_path,
        p1_0.updated_at,
        p1_0.user_id 
    from
        photo p1_0 
    where
        p1_0.status=? 
        and p1_0.created_at<cast(? as timestamp(6) with time zone)
2026-09-01 16:30:01.027 [scheduling-1] DEBUG [N/A] [N/A] r.s.s.s.PhotoRecoveryScheduler - Зависшие фотографии не найдены
2026-09-01 16:30:04.921 [http-nio-8080-exec-1] INFO  [N/A] [N/A] o.a.c.c.C.[Tomcat].[localhost].[/] - Initializing Spring DispatcherServlet 'dispatcherServlet'
2026-09-01 16:30:04.921 [http-nio-8080-exec-1] INFO  [N/A] [N/A] o.s.web.servlet.DispatcherServlet - Initializing Servlet 'dispatcherServlet'
2026-09-01 16:30:04.921 [http-nio-8080-exec-1] INFO  [N/A] [N/A] o.s.web.servlet.DispatcherServlet - Completed initialization in 0 ms
2026-09-01 16:30:04.945 [http-nio-8080-exec-1] DEBUG [N/A] [N/A] o.s.security.web.FilterChainProxy - Securing POST /skinScan/photos/upload
2026-09-01 16:30:05.012 [http-nio-8080-exec-1] DEBUG [N/A] [N/A] org.hibernate.SQL - 
    select
        u1_0.id,
        u1_0.created_at,
        u1_0.email,
        u1_0.login,
        u1_0.password,
        u1_0.phone,
        u1_0.updated_at 
    from
        users u1_0 
    where
        u1_0.login=?
2026-09-01 16:30:05.478 [http-nio-8080-exec-1] DEBUG [N/A] [N/A] org.hibernate.SQL - 
    select
        u1_0.id 
    from
        users u1_0 
    where
        u1_0.login=?
2026-09-01 16:30:05.950 [http-nio-8080-exec-1] INFO  [N/A] [N/A] r.s.s.s.s.CustomUserDetailsService - Поиск пользователя с логином: Andrey600
2026-09-01 16:30:05.954 [http-nio-8080-exec-1] DEBUG [N/A] [N/A] org.hibernate.SQL - 
    select
        u1_0.id,
        u1_0.created_at,
        u1_0.email,
        u1_0.login,
        u1_0.password,
        u1_0.phone,
        u1_0.updated_at 
    from
        users u1_0 
    where
        u1_0.login=?
2026-09-01 16:30:05.957 [http-nio-8080-exec-1] INFO  [N/A] [N/A] r.s.s.s.s.CustomUserDetailsService - Найден пользователь: Andrey600, пароль: $2a$12$82L1ISHBmtE5Mz8Sna4Kr.OxWw0qFyPc2rdTy8Pr6YSNBBPgoLaiK
2026-09-01 16:30:06.577 [http-nio-8080-exec-1] DEBUG [N/A] [N/A] o.s.s.a.d.DaoAuthenticationProvider - Authenticated user
2026-09-01 16:30:06.578 [http-nio-8080-exec-1] DEBUG [N/A] [N/A] o.s.s.w.a.w.BasicAuthenticationFilter - Set SecurityContextHolder to UsernamePasswordAuthenticationToken [Principal=org.springframework.security.core.userdetails.User [Username=Andrey600, Password=[PROTECTED], Enabled=true, AccountNonExpired=true, credentialsNonExpired=true, AccountNonLocked=true, Granted Authorities=[]], Credentials=[PROTECTED], Authenticated=true, Details=WebAuthenticationDetails [RemoteIpAddress=127.0.0.1, SessionId=null], Granted Authorities=[]]
2026-09-01 16:30:06.588 [http-nio-8080-exec-1] DEBUG [N/A] [N/A] o.s.security.web.FilterChainProxy - Secured POST /skinScan/photos/upload
2026-09-01 16:30:06.858 [http-nio-8080-exec-1] DEBUG [8d12b585-fbe4-4809-8b13-0a44078ba354] [NO_SESSION] r.s.s.d.s.LocalFileStorageService - Файл сохранится в директории: C:\Users\ferdi\data\uploads\805dc\2026\09\404646aa-02e4-4377-9d31-630e5f357a97.jpg, с временной директорией: C:\Users\ferdi\data\uploads\805dc\2026\09\temp\.404646aa-02e4-4377-9d31-630e5f357a97.jpg.tmp
2026-09-01 16:30:06.864 [http-nio-8080-exec-1] INFO  [8d12b585-fbe4-4809-8b13-0a44078ba354] [NO_SESSION] r.s.s.d.s.LocalFileStorageService - Файл успешно сохранен: 805dc/2026/09/404646aa-02e4-4377-9d31-630e5f357a97.jpg, с размером: 33095 байт
2026-09-01 16:30:06.864 [http-nio-8080-exec-1] INFO  [8d12b585-fbe4-4809-8b13-0a44078ba354] [NO_SESSION] r.s.s.d.service.PhotoServiceImpl - Фото сохранено в хранилище
2026-09-01 16:30:06.879 [http-nio-8080-exec-1] DEBUG [8d12b585-fbe4-4809-8b13-0a44078ba354] [NO_SESSION] org.hibernate.SQL - 
    select
        p1_0.id,
        p1_0.created_at,
        p1_0.file_name,
        p1_0.file_size_bytes,
        p1_0.mime_type,
        p1_0.status,
        p1_0.storage_file_path,
        p1_0.updated_at,
        p1_0.user_id 
    from
        photo p1_0 
    where
        p1_0.id=?
2026-09-01 16:30:06.890 [http-nio-8080-exec-1] INFO  [8d12b585-fbe4-4809-8b13-0a44078ba354] [NO_SESSION] r.s.s.d.service.PhotoServiceImpl - Метаданные фото faa6c510-637c-4aaa-a467-66640d2977b8 сохранены в БД
2026-09-01 16:30:06.892 [http-nio-8080-exec-1] INFO  [8d12b585-fbe4-4809-8b13-0a44078ba354] [NO_SESSION] r.s.s.d.service.PhotoServiceImpl - Запуск асинхронной обработки фото faa6c510-637c-4aaa-a467-66640d2977b8
2026-09-01 16:30:06.893 [PhotoProcessor-1] INFO  [N/A] [N/A] r.s.s.d.s.AsyncPhotoProcessingExecutor - Запущен асинхронный процесс с фото: faa6c510-637c-4aaa-a467-66640d2977b8, пользователя: 64641147-39de-45f8-a11f-7f57eb2805dc
2026-09-01 16:30:06.907 [http-nio-8080-exec-1] DEBUG [8d12b585-fbe4-4809-8b13-0a44078ba354] [NO_SESSION] org.hibernate.SQL - 
    insert 
    into
        photo
        (created_at,file_name,file_size_bytes,mime_type,status,storage_file_path,updated_at,user_id,id) 
    values
        (?,?,?,?,?,?,?,?,?)
2026-09-01 16:30:07.906 [PhotoProcessor-1] DEBUG [N/A] [N/A] o.s.jdbc.datasource.DataSourceUtils - Setting JDBC Connection [HikariProxyConnection@655079297 wrapping org.postgresql.jdbc.PgConnection@4c4c7d6c] read-only
2026-09-01 16:30:07.912 [PhotoProcessor-1] DEBUG [N/A] [N/A] org.hibernate.SQL - 
    select
        p1_0.id,
        p1_0.created_at,
        p1_0.file_name,
        p1_0.file_size_bytes,
        p1_0.mime_type,
        p1_0.status,
        p1_0.storage_file_path,
        p1_0.updated_at,
        p1_0.user_id 
    from
        photo p1_0 
    where
        p1_0.id=?
2026-09-01 16:30:07.917 [PhotoProcessor-1] DEBUG [N/A] [N/A] o.s.jdbc.datasource.DataSourceUtils - Resetting read-only flag of JDBC Connection [HikariProxyConnection@655079297 wrapping org.postgresql.jdbc.PgConnection@4c4c7d6c]
2026-09-01 16:30:07.946 [PhotoProcessor-1] DEBUG [N/A] [N/A] org.hibernate.SQL - 
    update
        photo 
    set
        status=?,
        updated_at=cast(? as timestamp(6) with time zone) 
    where
        id=?
2026-09-01 16:30:07.949 [PhotoProcessor-1] INFO  [N/A] [N/A] r.s.s.d.s.AsyncPhotoProcessingExecutor - Сменен статус фото faa6c510-637c-4aaa-a467-66640d2977b8 на PROCESSING
2026-09-01 16:30:07.952 [PhotoProcessor-1] DEBUG [N/A] [N/A] org.hibernate.SQL - 
    select
        a1_0.id,
        a1_0.completed_at,
        a1_0.photo_id,
        a1_0.requested_at,
        a1_0.result,
        a1_0.status 
    from
        analysis a1_0 
    where
        a1_0.id=?
2026-09-01 16:30:07.956 [PhotoProcessor-1] DEBUG [N/A] [N/A] org.hibernate.SQL - 
    insert 
    into
        analysis
        (completed_at,photo_id,requested_at,result,status,id) 
    values
        (?,?,?,?,?,?)
2026-09-01 16:30:07.968 [PhotoProcessor-1] INFO  [N/A] [N/A] r.s.s.d.s.AsyncPhotoProcessingExecutor - Сформирован запрос к ML сервису для фото: faa6c510-637c-4aaa-a467-66640d2977b8, размером: 33095 байт
2026-09-01 16:30:07.968 [PhotoProcessor-1] INFO  [N/A] [N/A] r.s.s.d.s.AsyncPhotoProcessingExecutor - Вызов ML анализа фото: faa6c510-637c-4aaa-a467-66640d2977b8
2026-09-01 16:30:07.968 [PhotoProcessor-1] INFO  [N/A] [N/A] ru.startup.skinscan.ML.StubMLClient - Заглушка ML: Анализ фото: faa6c510-637c-4aaa-a467-66640d2977b8
2026-09-01 16:30:12.928 [PhotoProcessor-1] INFO  [N/A] [N/A] ru.startup.skinscan.ML.StubMLClient - Заглушка ML: Фото: faa6c510-637c-4aaa-a467-66640d2977b8 обработано за 4960 ms
2026-09-01 16:30:12.930 [PhotoProcessor-1] INFO  [N/A] [N/A] r.s.s.d.s.AsyncPhotoProcessingExecutor - ML анализ фото: faa6c510-637c-4aaa-a467-66640d2977b8, завершен за время: 4962ms
2026-09-01 16:30:12.948 [PhotoProcessor-1] DEBUG [N/A] [N/A] org.hibernate.SQL - 
    select
        p1_0.id 
    from
        photo p1_0 
    where
        p1_0.file_name=?
2026-09-01 16:30:12.958 [PhotoProcessor-1] ERROR [N/A] [N/A] r.s.s.d.s.AsyncPhotoProcessingExecutor - В процессе обработки фото faa6c510-637c-4aaa-a467-66640d2977b8 возникла неизвестная ошибка: 
java.lang.RuntimeException: Ошибка получения значений полей класса Result
	at ru.startup.skinscan.domain.service.AsyncPhotoProcessingExecutor.convertObjToMap(AsyncPhotoProcessingExecutor.java:225)
	at ru.startup.skinscan.domain.service.AsyncPhotoProcessingExecutor.processPhoto(AsyncPhotoProcessingExecutor.java:133)
	at java.base/jdk.internal.reflect.DirectMethodHandleAccessor.invoke(DirectMethodHandleAccessor.java:103)
	at java.base/java.lang.reflect.Method.invoke(Method.java:580)
	at org.springframework.aop.support.AopUtils.invokeJoinpointUsingReflection(AopUtils.java:343)
	at org.springframework.aop.framework.ReflectiveMethodInvocation.invokeJoinpoint(ReflectiveMethodInvocation.java:196)
	at org.springframework.aop.framework.ReflectiveMethodInvocation.proceed(ReflectiveMethodInvocation.java:163)
	at org.springframework.aop.interceptor.AsyncExecutionInterceptor.lambda$invoke$0(AsyncExecutionInterceptor.java:115)
	at java.base/java.util.concurrent.FutureTask.run(FutureTask.java:317)
	at java.base/java.util.concurrent.ThreadPoolExecutor.runWorker(ThreadPoolExecutor.java:1144)
	at java.base/java.util.concurrent.ThreadPoolExecutor$Worker.run(ThreadPoolExecutor.java:642)
	at java.base/java.lang.Thread.run(Thread.java:1583)
Caused by: java.lang.IllegalAccessException: class ru.startup.skinscan.domain.service.AsyncPhotoProcessingExecutor cannot access a member of class ru.startup.skinscan.ML.MLResponse$Result with modifiers "private"
	at java.base/jdk.internal.reflect.Reflection.newIllegalAccessException(Reflection.java:394)
	at java.base/java.lang.reflect.AccessibleObject.checkAccess(AccessibleObject.java:714)
	at java.base/java.lang.reflect.Field.checkAccess(Field.java:1156)
	at java.base/java.lang.reflect.Field.get(Field.java:441)
	at ru.startup.skinscan.domain.service.AsyncPhotoProcessingExecutor.convertObjToMap(AsyncPhotoProcessingExecutor.java:222)
	... 11 common frames omitted
2026-09-01 16:30:12.980 [PhotoProcessor-1] DEBUG [N/A] [N/A] org.hibernate.SQL - 
    update
        photo 
    set
        status=?,
        updated_at=cast(? as timestamp(6) with time zone) 
    where
        id=?
2026-09-01 16:30:12.992 [PhotoProcessor-1] DEBUG [N/A] [N/A] org.hibernate.SQL - 
    select
        a1_0.id,
        a1_0.completed_at,
        a1_0.photo_id,
        a1_0.requested_at,
        a1_0.result,
        a1_0.status 
    from
        analysis a1_0 
    where
        a1_0.photo_id=?
2026-09-01 16:30:13.004 [PhotoProcessor-1] DEBUG [N/A] [N/A] org.hibernate.SQL - 
    update
        analysis 
    set
        status=?,
        completed_at=cast(? as timestamp(6) with time zone) 
    where
        id=?
2026-09-01 16:31:37.435 [SpringApplicationShutdownHook] INFO  [N/A] [N/A] o.s.o.j.LocalContainerEntityManagerFactoryBean - Closing JPA EntityManagerFactory for persistence unit 'default'
2026-09-01 16:31:37.436 [SpringApplicationShutdownHook] INFO  [N/A] [N/A] com.zaxxer.hikari.HikariDataSource - HikariPool-1 - Shutdown initiated...
2026-09-01 16:31:37.440 [SpringApplicationShutdownHook] INFO  [N/A] [N/A] com.zaxxer.hikari.HikariDataSource - HikariPool-1 - Shutdown completed.
2026-09-01 16:31:44.932 [background-preinit] INFO  [N/A] [N/A] o.h.validator.internal.util.Version - HV000001: Hibernate Validator 8.0.1.Final
2026-09-01 16:31:44.967 [main] INFO  [N/A] [N/A] ru.startup.skinscan.Main - Starting Main using Java 21.0.10 with PID 28624 (C:\Users\ferdi\IdeaProjects\SkinScan\build\classes\java\main started by ferdi in C:\Users\ferdi\IdeaProjects\SkinScan)
2026-09-01 16:31:44.967 [main] DEBUG [N/A] [N/A] ru.startup.skinscan.Main - Running with Spring Boot v3.1.12, Spring v6.0.21
2026-09-01 16:31:44.967 [main] INFO  [N/A] [N/A] ru.startup.skinscan.Main - The following 1 profile is active: "local"
2026-09-01 16:31:45.954 [main] INFO  [N/A] [N/A] o.s.d.r.c.RepositoryConfigurationDelegate - Bootstrapping Spring Data JPA repositories in DEFAULT mode.
2026-09-01 16:31:46.036 [main] INFO  [N/A] [N/A] o.s.d.r.c.RepositoryConfigurationDelegate - Finished Spring Data repository scanning in 72 ms. Found 3 JPA repository interfaces.
2026-09-01 16:31:46.624 [main] INFO  [N/A] [N/A] o.s.b.w.e.tomcat.TomcatWebServer - Tomcat initialized with port(s): 8080 (http)
2026-09-01 16:31:46.631 [main] INFO  [N/A] [N/A] o.a.coyote.http11.Http11NioProtocol - Initializing ProtocolHandler ["http-nio-8080"]
2026-09-01 16:31:46.632 [main] INFO  [N/A] [N/A] o.a.catalina.core.StandardService - Starting service [Tomcat]
2026-09-01 16:31:46.632 [main] INFO  [N/A] [N/A] o.a.catalina.core.StandardEngine - Starting Servlet engine: [Apache Tomcat/10.1.24]
2026-09-01 16:31:46.746 [main] INFO  [N/A] [N/A] o.a.c.c.C.[Tomcat].[localhost].[/] - Initializing Spring embedded WebApplicationContext
2026-09-01 16:31:46.747 [main] INFO  [N/A] [N/A] o.s.b.w.s.c.ServletWebServerApplicationContext - Root WebApplicationContext: initialization completed in 1723 ms
2026-09-01 16:31:46.771 [main] INFO  [N/A] [N/A] r.s.s.s.r.RateLimiterInMemory - RateLimiter инициализирован с интервалом очистки: 300с
2026-09-01 16:31:46.996 [main] DEBUG [N/A] [N/A] o.f.c.i.s.classpath.ClassPathScanner - Scanning for classpath resources at 'classpath:db/callback' ...
2026-09-01 16:31:46.996 [main] DEBUG [N/A] [N/A] o.f.c.i.s.classpath.ClassPathScanner - Determining location urls for classpath:db/callback using ClassLoader TomcatEmbeddedWebappClassLoader
  context: ROOT
  delegate: true
----------> Parent Classloader:
jdk.internal.loader.ClassLoaders$AppClassLoader@3fee733d
 ...
2026-09-01 16:31:46.997 [main] DEBUG [N/A] [N/A] o.f.c.i.s.classpath.ClassPathScanner - Unable to resolve location classpath:db/callback.
2026-09-01 16:31:46.997 [main] DEBUG [N/A] [N/A] o.f.c.i.s.classpath.ClassPathScanner - Scanning for classpath resources at 'classpath:db/migration' ...
2026-09-01 16:31:46.997 [main] DEBUG [N/A] [N/A] o.f.c.i.s.classpath.ClassPathScanner - Determining location urls for classpath:db/migration using ClassLoader TomcatEmbeddedWebappClassLoader
  context: ROOT
  delegate: true
----------> Parent Classloader:
jdk.internal.loader.ClassLoaders$AppClassLoader@3fee733d
 ...
2026-09-01 16:31:46.998 [main] DEBUG [N/A] [N/A] o.f.c.i.s.classpath.ClassPathScanner - Scanning URL: file:/C:/Users/ferdi/IdeaProjects/SkinScan/build/resources/main/db/migration
2026-09-01 16:31:47.000 [main] DEBUG [N/A] [N/A] o.f.c.i.s.c.FileSystemClassPathLocationScanner - Scanning starting at classpath root in filesystem: C:\Users\ferdi\IdeaProjects\SkinScan\build\resources\main\
2026-09-01 16:31:47.001 [main] DEBUG [N/A] [N/A] o.f.c.i.s.c.FileSystemClassPathLocationScanner - Scanning for resources in path: C:\Users\ferdi\IdeaProjects\SkinScan\build\resources\main\db\migration (db/migration)
2026-09-01 16:31:47.004 [main] DEBUG [N/A] [N/A] o.f.c.i.s.classpath.ClassPathScanner - Found resource: db/migration/V1__create_users_table.sql
2026-09-01 16:31:47.005 [main] DEBUG [N/A] [N/A] o.f.c.i.s.classpath.ClassPathScanner - Found resource: db/migration/V2__create_photo_table.sql
2026-09-01 16:31:47.005 [main] DEBUG [N/A] [N/A] o.f.c.i.s.classpath.ClassPathScanner - Found resource: db/migration/V3__create_analysis_table.sql
2026-09-01 16:31:47.005 [main] DEBUG [N/A] [N/A] o.f.c.i.s.classpath.ClassPathScanner - Found resource: db/migration/V4__add_index.sql
2026-09-01 16:31:47.005 [main] DEBUG [N/A] [N/A] o.f.c.i.s.classpath.ClassPathScanner - Scanning for classes at classpath:db/migration
2026-09-01 16:31:47.013 [main] DEBUG [N/A] [N/A] o.f.c.i.r.ResourceNameValidator - Validating V2__create_photo_table.sql
2026-09-01 16:31:47.024 [main] INFO  [N/A] [N/A] com.zaxxer.hikari.HikariDataSource - HikariPool-1 - Starting...
2026-09-01 16:31:47.324 [main] INFO  [N/A] [N/A] com.zaxxer.hikari.pool.HikariPool - HikariPool-1 - Added connection org.postgresql.jdbc.PgConnection@79195c22
2026-09-01 16:31:47.328 [main] INFO  [N/A] [N/A] com.zaxxer.hikari.HikariDataSource - HikariPool-1 - Start completed.
2026-09-01 16:31:47.365 [main] DEBUG [N/A] [N/A] o.f.c.i.r.ResourceNameValidator - Validating V1__create_users_table.sql
2026-09-01 16:31:47.366 [main] DEBUG [N/A] [N/A] o.f.c.i.r.ResourceNameValidator - Validating V4__add_index.sql
2026-09-01 16:31:47.367 [main] DEBUG [N/A] [N/A] o.f.c.i.r.ResourceNameValidator - Validating V3__create_analysis_table.sql
2026-09-01 16:31:47.375 [main] DEBUG [N/A] [N/A] o.f.c.i.d.DatabaseTypeRegister - Multiple databases found that handle url 'jdbc:postgresql://localhost:5432/skinScan': CockroachDB,PostgreSQL
2026-09-01 16:31:47.376 [main] INFO  [N/A] [N/A] org.flywaydb.core.FlywayExecutor - Database: jdbc:postgresql://localhost:5432/skinScan (PostgreSQL 18.1)
2026-09-01 16:31:47.376 [main] DEBUG [N/A] [N/A] org.flywaydb.core.FlywayExecutor - Database Type: PostgreSQL
2026-09-01 16:31:47.376 [main] DEBUG [N/A] [N/A] org.flywaydb.core.FlywayExecutor - Driver: PostgreSQL JDBC Driver 42.7.11
2026-09-01 16:31:47.377 [main] DEBUG [N/A] [N/A] org.flywaydb.core.FlywayExecutor - DDL Transactions Supported: true
2026-09-01 16:31:47.378 [main] DEBUG [N/A] [N/A] o.f.c.i.s.SchemaHistoryFactory - Schemas: 
2026-09-01 16:31:47.378 [main] DEBUG [N/A] [N/A] o.f.c.i.s.SchemaHistoryFactory - Default schema: null
2026-09-01 16:31:47.390 [main] WARN  [N/A] [N/A] o.f.c.i.database.base.Database - Flyway upgrade recommended: PostgreSQL 18.1 is newer than this version of Flyway and support has not been tested. The latest supported version of PostgreSQL is 16.
2026-09-01 16:31:47.392 [main] DEBUG [N/A] [N/A] o.f.c.i.c.SqlScriptCallbackFactory - Scanning for SQL callbacks ...
2026-09-01 16:31:47.407 [main] DEBUG [N/A] [N/A] o.f.core.internal.command.DbValidate - Validating migrations ...
2026-09-01 16:31:47.410 [main] DEBUG [N/A] [N/A] o.f.c.a.c.ClassicConfiguration - CherryPickConfigurationExtension not found
2026-09-01 16:31:47.425 [main] DEBUG [N/A] [N/A] o.f.core.internal.scanner.Scanner - Filtering out resource: db/migration/V2__create_photo_table.sql (filename: V2__create_photo_table.sql)
2026-09-01 16:31:47.425 [main] DEBUG [N/A] [N/A] o.f.core.internal.scanner.Scanner - Filtering out resource: db/migration/V1__create_users_table.sql (filename: V1__create_users_table.sql)
2026-09-01 16:31:47.425 [main] DEBUG [N/A] [N/A] o.f.core.internal.scanner.Scanner - Filtering out resource: db/migration/V4__add_index.sql (filename: V4__add_index.sql)
2026-09-01 16:31:47.425 [main] DEBUG [N/A] [N/A] o.f.core.internal.scanner.Scanner - Filtering out resource: db/migration/V3__create_analysis_table.sql (filename: V3__create_analysis_table.sql)
2026-09-01 16:31:47.426 [main] DEBUG [N/A] [N/A] o.f.core.internal.scanner.Scanner - Filtering out resource: db/migration/V2__create_photo_table.sql (filename: V2__create_photo_table.sql)
2026-09-01 16:31:47.426 [main] DEBUG [N/A] [N/A] o.f.core.internal.scanner.Scanner - Filtering out resource: db/migration/V1__create_users_table.sql (filename: V1__create_users_table.sql)
2026-09-01 16:31:47.426 [main] DEBUG [N/A] [N/A] o.f.core.internal.scanner.Scanner - Filtering out resource: db/migration/V4__add_index.sql (filename: V4__add_index.sql)
2026-09-01 16:31:47.426 [main] DEBUG [N/A] [N/A] o.f.core.internal.scanner.Scanner - Filtering out resource: db/migration/V3__create_analysis_table.sql (filename: V3__create_analysis_table.sql)
2026-09-01 16:31:47.470 [main] INFO  [N/A] [N/A] o.f.core.internal.command.DbValidate - Successfully validated 4 migrations (execution time 00:00.061s)
2026-09-01 16:31:47.475 [main] DEBUG [N/A] [N/A] o.f.core.internal.command.DbSchemas - Skipping creation of existing schema: "public"
2026-09-01 16:31:47.515 [main] DEBUG [N/A] [N/A] o.f.c.a.c.ClassicConfiguration - CherryPickConfigurationExtension not found
2026-09-01 16:31:47.518 [main] INFO  [N/A] [N/A] o.f.core.internal.command.DbMigrate - Current version of schema "public": 4
2026-09-01 16:31:47.522 [main] INFO  [N/A] [N/A] o.f.core.internal.command.DbMigrate - Schema "public" is up to date. No migration necessary.
2026-09-01 16:31:47.530 [main] DEBUG [N/A] [N/A] org.flywaydb.core.FlywayExecutor - Memory usage: 48 of 88M
2026-09-01 16:31:47.600 [main] DEBUG [N/A] [N/A] o.s.jdbc.datasource.DataSourceUtils - Fetching JDBC Connection from DataSource
2026-09-01 16:31:47.646 [main] INFO  [N/A] [N/A] o.h.jpa.internal.util.LogHelper - HHH000204: Processing PersistenceUnitInfo [name: default]
2026-09-01 16:31:47.758 [main] INFO  [N/A] [N/A] org.hibernate.Version - HHH000412: Hibernate ORM core version 6.2.25.Final
2026-09-01 16:31:47.762 [main] INFO  [N/A] [N/A] org.hibernate.cfg.Environment - HHH000406: Using bytecode reflection optimizer
2026-09-01 16:31:48.153 [main] INFO  [N/A] [N/A] o.s.o.j.p.SpringPersistenceUnitInfo - No LoadTimeWeaver setup: ignoring JPA class transformer
2026-09-01 16:31:49.305 [main] INFO  [N/A] [N/A] o.h.e.t.j.p.i.JtaPlatformInitiator - HHH000489: No JTA platform available (set 'hibernate.transaction.jta.platform' to enable JTA platform integration)
2026-09-01 16:31:49.314 [main] INFO  [N/A] [N/A] o.s.o.j.LocalContainerEntityManagerFactoryBean - Initialized JPA EntityManagerFactory for persistence unit 'default'
2026-09-01 16:31:49.599 [main] INFO  [N/A] [N/A] o.s.d.j.r.query.QueryEnhancerFactory - Hibernate is in classpath; If applicable, HQL parser will be used.
2026-09-01 16:31:50.105 [main] DEBUG [N/A] [N/A] r.s.s.s.filter.RateLimiterFilter - Filter 'rateLimiterFilter' configured for use
2026-09-01 16:31:50.106 [main] DEBUG [N/A] [N/A] r.s.skinscan.config.MdcLoggingFilter - Filter 'mdcLoggingFilter' configured for use
2026-09-01 16:31:50.265 [main] INFO  [N/A] [N/A] r.s.s.d.s.LocalFileStorageService - Инициализация локального хранилища фотографий с начальным путем: C:\Users\ferdi/data/uploads
2026-09-01 16:31:50.265 [main] INFO  [N/A] [N/A] r.s.s.d.s.LocalFileStorageService - Инициализация локального хранилища фотографий успешна завершена!
2026-09-01 16:31:50.308 [main] INFO  [N/A] [N/A] r.s.skinscan.config.AsyncConfig - Photo Task Executor запущен: базовое кол-во потоков=5, максимальное кол-во потоков=10, размер очереди ожидания=100
2026-09-01 16:31:50.319 [main] INFO  [N/A] [N/A] r.s.skinscan.config.AsyncConfig - Recovery Task Executor запущен
2026-09-01 16:31:50.437 [main] WARN  [N/A] [N/A] o.s.b.a.o.j.JpaBaseConfiguration$JpaWebConfiguration - spring.jpa.open-in-view is enabled by default. Therefore, database queries may be performed during view rendering. Explicitly configure spring.jpa.open-in-view to disable this warning
2026-09-01 16:31:50.451 [main] DEBUG [N/A] [N/A] o.s.s.c.a.a.c.AuthenticationConfiguration$DefaultPasswordEncoderAuthenticationManagerBuilder - No authenticationProviders and no parentAuthenticationManager defined. Returning null.
2026-09-01 16:31:50.869 [main] INFO  [N/A] [N/A] o.s.s.web.DefaultSecurityFilterChain - Will secure any request with [org.springframework.security.web.session.DisableEncodeUrlFilter@24c6a471, org.springframework.security.web.context.request.async.WebAsyncManagerIntegrationFilter@1fce17b8, org.springframework.security.web.context.SecurityContextHolderFilter@47de4dce, org.springframework.security.web.header.HeaderWriterFilter@30130a31, org.springframework.web.filter.CorsFilter@190677c6, org.springframework.security.web.authentication.logout.LogoutFilter@43c25e89, ru.startup.skinscan.security.filter.RateLimiterFilter@5c519da4, org.springframework.security.web.authentication.www.BasicAuthenticationFilter@36d1ac55, org.springframework.security.web.savedrequest.RequestCacheAwareFilter@488ae823, org.springframework.security.web.servletapi.SecurityContextHolderAwareRequestFilter@74534564, org.springframework.security.web.authentication.AnonymousAuthenticationFilter@62c019bb, org.springframework.security.web.session.SessionManagementFilter@3c0640fa, org.springframework.security.web.access.ExceptionTranslationFilter@68c9cf93, org.springframework.security.web.access.intercept.AuthorizationFilter@d2161b6]
2026-09-01 16:31:51.251 [main] INFO  [N/A] [N/A] o.a.coyote.http11.Http11NioProtocol - Starting ProtocolHandler ["http-nio-8080"]
2026-09-01 16:31:51.264 [main] INFO  [N/A] [N/A] o.s.b.w.e.tomcat.TomcatWebServer - Tomcat started on port(s): 8080 (http) with context path ''
2026-09-01 16:31:51.275 [main] INFO  [N/A] [N/A] ru.startup.skinscan.Main - Started Main in 6.906 seconds (process running for 7.703)
2026-09-01 16:31:51.281 [scheduling-1] DEBUG [N/A] [N/A] r.s.s.s.PhotoRecoveryScheduler - Запуск проверки и обработки зависших фотографий
2026-09-01 16:31:51.338 [scheduling-1] DEBUG [N/A] [N/A] org.hibernate.SQL - 
    select
        p1_0.id,
        p1_0.created_at,
        p1_0.file_name,
        p1_0.file_size_bytes,
        p1_0.mime_type,
        p1_0.status,
        p1_0.storage_file_path,
        p1_0.updated_at,
        p1_0.user_id 
    from
        photo p1_0 
    where
        p1_0.status=? 
        and p1_0.created_at<cast(? as timestamp(6) with time zone)
2026-09-01 16:31:51.345 [scheduling-1] DEBUG [N/A] [N/A] r.s.s.s.PhotoRecoveryScheduler - Зависшие фотографии не найдены
2026-09-01 16:32:02.856 [SpringApplicationShutdownHook] INFO  [N/A] [N/A] o.s.o.j.LocalContainerEntityManagerFactoryBean - Closing JPA EntityManagerFactory for persistence unit 'default'
2026-09-01 16:32:02.858 [SpringApplicationShutdownHook] INFO  [N/A] [N/A] com.zaxxer.hikari.HikariDataSource - HikariPool-1 - Shutdown initiated...
2026-09-01 16:32:02.866 [SpringApplicationShutdownHook] INFO  [N/A] [N/A] com.zaxxer.hikari.HikariDataSource - HikariPool-1 - Shutdown completed.
2026-09-01 16:32:37.183 [background-preinit] INFO  [N/A] [N/A] o.h.validator.internal.util.Version - HV000001: Hibernate Validator 8.0.1.Final
2026-09-01 16:32:37.223 [main] INFO  [N/A] [N/A] ru.startup.skinscan.Main - Starting Main using Java 21.0.10 with PID 26956 (C:\Users\ferdi\IdeaProjects\SkinScan\build\classes\java\main started by ferdi in C:\Users\ferdi\IdeaProjects\SkinScan)
2026-09-01 16:32:37.223 [main] DEBUG [N/A] [N/A] ru.startup.skinscan.Main - Running with Spring Boot v3.1.12, Spring v6.0.21
2026-09-01 16:32:37.224 [main] INFO  [N/A] [N/A] ru.startup.skinscan.Main - The following 1 profile is active: "local"
2026-09-01 16:32:38.338 [main] INFO  [N/A] [N/A] o.s.d.r.c.RepositoryConfigurationDelegate - Bootstrapping Spring Data JPA repositories in DEFAULT mode.
2026-09-01 16:32:38.429 [main] INFO  [N/A] [N/A] o.s.d.r.c.RepositoryConfigurationDelegate - Finished Spring Data repository scanning in 81 ms. Found 3 JPA repository interfaces.
2026-09-01 16:32:39.150 [main] INFO  [N/A] [N/A] o.s.b.w.e.tomcat.TomcatWebServer - Tomcat initialized with port(s): 8080 (http)
2026-09-01 16:32:39.159 [main] INFO  [N/A] [N/A] o.a.coyote.http11.Http11NioProtocol - Initializing ProtocolHandler ["http-nio-8080"]
2026-09-01 16:32:39.161 [main] INFO  [N/A] [N/A] o.a.catalina.core.StandardService - Starting service [Tomcat]
2026-09-01 16:32:39.161 [main] INFO  [N/A] [N/A] o.a.catalina.core.StandardEngine - Starting Servlet engine: [Apache Tomcat/10.1.24]
2026-09-01 16:32:39.290 [main] INFO  [N/A] [N/A] o.a.c.c.C.[Tomcat].[localhost].[/] - Initializing Spring embedded WebApplicationContext
2026-09-01 16:32:39.291 [main] INFO  [N/A] [N/A] o.s.b.w.s.c.ServletWebServerApplicationContext - Root WebApplicationContext: initialization completed in 2002 ms
2026-09-01 16:32:39.312 [main] INFO  [N/A] [N/A] r.s.s.s.r.RateLimiterInMemory - RateLimiter инициализирован с интервалом очистки: 300с
2026-09-01 16:32:39.525 [main] DEBUG [N/A] [N/A] o.f.c.i.s.classpath.ClassPathScanner - Scanning for classpath resources at 'classpath:db/callback' ...
2026-09-01 16:32:39.525 [main] DEBUG [N/A] [N/A] o.f.c.i.s.classpath.ClassPathScanner - Determining location urls for classpath:db/callback using ClassLoader TomcatEmbeddedWebappClassLoader
  context: ROOT
  delegate: true
----------> Parent Classloader:
jdk.internal.loader.ClassLoaders$AppClassLoader@3fee733d
 ...
2026-09-01 16:32:39.526 [main] DEBUG [N/A] [N/A] o.f.c.i.s.classpath.ClassPathScanner - Unable to resolve location classpath:db/callback.
2026-09-01 16:32:39.526 [main] DEBUG [N/A] [N/A] o.f.c.i.s.classpath.ClassPathScanner - Scanning for classpath resources at 'classpath:db/migration' ...
2026-09-01 16:32:39.526 [main] DEBUG [N/A] [N/A] o.f.c.i.s.classpath.ClassPathScanner - Determining location urls for classpath:db/migration using ClassLoader TomcatEmbeddedWebappClassLoader
  context: ROOT
  delegate: true
----------> Parent Classloader:
jdk.internal.loader.ClassLoaders$AppClassLoader@3fee733d
 ...
2026-09-01 16:32:39.527 [main] DEBUG [N/A] [N/A] o.f.c.i.s.classpath.ClassPathScanner - Scanning URL: file:/C:/Users/ferdi/IdeaProjects/SkinScan/build/resources/main/db/migration
2026-09-01 16:32:39.528 [main] DEBUG [N/A] [N/A] o.f.c.i.s.c.FileSystemClassPathLocationScanner - Scanning starting at classpath root in filesystem: C:\Users\ferdi\IdeaProjects\SkinScan\build\resources\main\
2026-09-01 16:32:39.529 [main] DEBUG [N/A] [N/A] o.f.c.i.s.c.FileSystemClassPathLocationScanner - Scanning for resources in path: C:\Users\ferdi\IdeaProjects\SkinScan\build\resources\main\db\migration (db/migration)
2026-09-01 16:32:39.532 [main] DEBUG [N/A] [N/A] o.f.c.i.s.classpath.ClassPathScanner - Found resource: db/migration/V1__create_users_table.sql
2026-09-01 16:32:39.532 [main] DEBUG [N/A] [N/A] o.f.c.i.s.classpath.ClassPathScanner - Found resource: db/migration/V2__create_photo_table.sql
2026-09-01 16:32:39.532 [main] DEBUG [N/A] [N/A] o.f.c.i.s.classpath.ClassPathScanner - Found resource: db/migration/V3__create_analysis_table.sql
2026-09-01 16:32:39.532 [main] DEBUG [N/A] [N/A] o.f.c.i.s.classpath.ClassPathScanner - Found resource: db/migration/V4__add_index.sql
2026-09-01 16:32:39.533 [main] DEBUG [N/A] [N/A] o.f.c.i.s.classpath.ClassPathScanner - Scanning for classes at classpath:db/migration
2026-09-01 16:32:39.537 [main] DEBUG [N/A] [N/A] o.f.c.i.r.ResourceNameValidator - Validating V2__create_photo_table.sql
2026-09-01 16:32:39.543 [main] INFO  [N/A] [N/A] com.zaxxer.hikari.HikariDataSource - HikariPool-1 - Starting...
2026-09-01 16:32:39.743 [main] INFO  [N/A] [N/A] com.zaxxer.hikari.pool.HikariPool - HikariPool-1 - Added connection org.postgresql.jdbc.PgConnection@7be94cd6
2026-09-01 16:32:39.745 [main] INFO  [N/A] [N/A] com.zaxxer.hikari.HikariDataSource - HikariPool-1 - Start completed.
2026-09-01 16:32:39.768 [main] DEBUG [N/A] [N/A] o.f.c.i.r.ResourceNameValidator - Validating V1__create_users_table.sql
2026-09-01 16:32:39.769 [main] DEBUG [N/A] [N/A] o.f.c.i.r.ResourceNameValidator - Validating V4__add_index.sql
2026-09-01 16:32:39.769 [main] DEBUG [N/A] [N/A] o.f.c.i.r.ResourceNameValidator - Validating V3__create_analysis_table.sql
2026-09-01 16:32:39.776 [main] DEBUG [N/A] [N/A] o.f.c.i.d.DatabaseTypeRegister - Multiple databases found that handle url 'jdbc:postgresql://localhost:5432/skinScan': CockroachDB,PostgreSQL
2026-09-01 16:32:39.776 [main] INFO  [N/A] [N/A] org.flywaydb.core.FlywayExecutor - Database: jdbc:postgresql://localhost:5432/skinScan (PostgreSQL 18.1)
2026-09-01 16:32:39.777 [main] DEBUG [N/A] [N/A] org.flywaydb.core.FlywayExecutor - Database Type: PostgreSQL
2026-09-01 16:32:39.777 [main] DEBUG [N/A] [N/A] org.flywaydb.core.FlywayExecutor - Driver: PostgreSQL JDBC Driver 42.7.11
2026-09-01 16:32:39.777 [main] DEBUG [N/A] [N/A] org.flywaydb.core.FlywayExecutor - DDL Transactions Supported: true
2026-09-01 16:32:39.779 [main] DEBUG [N/A] [N/A] o.f.c.i.s.SchemaHistoryFactory - Schemas: 
2026-09-01 16:32:39.780 [main] DEBUG [N/A] [N/A] o.f.c.i.s.SchemaHistoryFactory - Default schema: null
2026-09-01 16:32:39.788 [main] WARN  [N/A] [N/A] o.f.c.i.database.base.Database - Flyway upgrade recommended: PostgreSQL 18.1 is newer than this version of Flyway and support has not been tested. The latest supported version of PostgreSQL is 16.
2026-09-01 16:32:39.789 [main] DEBUG [N/A] [N/A] o.f.c.i.c.SqlScriptCallbackFactory - Scanning for SQL callbacks ...
2026-09-01 16:32:39.799 [main] DEBUG [N/A] [N/A] o.f.core.internal.command.DbValidate - Validating migrations ...
2026-09-01 16:32:39.803 [main] DEBUG [N/A] [N/A] o.f.c.a.c.ClassicConfiguration - CherryPickConfigurationExtension not found
2026-09-01 16:32:39.814 [main] DEBUG [N/A] [N/A] o.f.core.internal.scanner.Scanner - Filtering out resource: db/migration/V2__create_photo_table.sql (filename: V2__create_photo_table.sql)
2026-09-01 16:32:39.814 [main] DEBUG [N/A] [N/A] o.f.core.internal.scanner.Scanner - Filtering out resource: db/migration/V1__create_users_table.sql (filename: V1__create_users_table.sql)
2026-09-01 16:32:39.814 [main] DEBUG [N/A] [N/A] o.f.core.internal.scanner.Scanner - Filtering out resource: db/migration/V4__add_index.sql (filename: V4__add_index.sql)
2026-09-01 16:32:39.814 [main] DEBUG [N/A] [N/A] o.f.core.internal.scanner.Scanner - Filtering out resource: db/migration/V3__create_analysis_table.sql (filename: V3__create_analysis_table.sql)
2026-09-01 16:32:39.815 [main] DEBUG [N/A] [N/A] o.f.core.internal.scanner.Scanner - Filtering out resource: db/migration/V2__create_photo_table.sql (filename: V2__create_photo_table.sql)
2026-09-01 16:32:39.815 [main] DEBUG [N/A] [N/A] o.f.core.internal.scanner.Scanner - Filtering out resource: db/migration/V1__create_users_table.sql (filename: V1__create_users_table.sql)
2026-09-01 16:32:39.815 [main] DEBUG [N/A] [N/A] o.f.core.internal.scanner.Scanner - Filtering out resource: db/migration/V4__add_index.sql (filename: V4__add_index.sql)
2026-09-01 16:32:39.815 [main] DEBUG [N/A] [N/A] o.f.core.internal.scanner.Scanner - Filtering out resource: db/migration/V3__create_analysis_table.sql (filename: V3__create_analysis_table.sql)
2026-09-01 16:32:39.847 [main] INFO  [N/A] [N/A] o.f.core.internal.command.DbValidate - Successfully validated 4 migrations (execution time 00:00.044s)
2026-09-01 16:32:39.851 [main] DEBUG [N/A] [N/A] o.f.core.internal.command.DbSchemas - Skipping creation of existing schema: "public"
2026-09-01 16:32:40.024 [main] DEBUG [N/A] [N/A] o.f.c.a.c.ClassicConfiguration - CherryPickConfigurationExtension not found
2026-09-01 16:32:40.027 [main] INFO  [N/A] [N/A] o.f.core.internal.command.DbMigrate - Current version of schema "public": 4
2026-09-01 16:32:40.030 [main] INFO  [N/A] [N/A] o.f.core.internal.command.DbMigrate - Schema "public" is up to date. No migration necessary.
2026-09-01 16:32:40.035 [main] DEBUG [N/A] [N/A] org.flywaydb.core.FlywayExecutor - Memory usage: 46 of 88M
2026-09-01 16:32:40.085 [main] DEBUG [N/A] [N/A] o.s.jdbc.datasource.DataSourceUtils - Fetching JDBC Connection from DataSource
2026-09-01 16:32:40.119 [main] INFO  [N/A] [N/A] o.h.jpa.internal.util.LogHelper - HHH000204: Processing PersistenceUnitInfo [name: default]
2026-09-01 16:32:40.165 [main] INFO  [N/A] [N/A] org.hibernate.Version - HHH000412: Hibernate ORM core version 6.2.25.Final
2026-09-01 16:32:40.168 [main] INFO  [N/A] [N/A] org.hibernate.cfg.Environment - HHH000406: Using bytecode reflection optimizer
2026-09-01 16:32:40.637 [main] INFO  [N/A] [N/A] o.s.o.j.p.SpringPersistenceUnitInfo - No LoadTimeWeaver setup: ignoring JPA class transformer
2026-09-01 16:32:41.719 [main] INFO  [N/A] [N/A] o.h.e.t.j.p.i.JtaPlatformInitiator - HHH000489: No JTA platform available (set 'hibernate.transaction.jta.platform' to enable JTA platform integration)
2026-09-01 16:32:41.728 [main] INFO  [N/A] [N/A] o.s.o.j.LocalContainerEntityManagerFactoryBean - Initialized JPA EntityManagerFactory for persistence unit 'default'
2026-09-01 16:32:41.908 [main] INFO  [N/A] [N/A] o.s.d.j.r.query.QueryEnhancerFactory - Hibernate is in classpath; If applicable, HQL parser will be used.
2026-09-01 16:32:42.419 [main] DEBUG [N/A] [N/A] r.s.s.s.filter.RateLimiterFilter - Filter 'rateLimiterFilter' configured for use
2026-09-01 16:32:42.419 [main] DEBUG [N/A] [N/A] r.s.skinscan.config.MdcLoggingFilter - Filter 'mdcLoggingFilter' configured for use
2026-09-01 16:32:42.498 [main] INFO  [N/A] [N/A] r.s.s.d.s.LocalFileStorageService - Инициализация локального хранилища фотографий с начальным путем: C:\Users\ferdi/data/uploads
2026-09-01 16:32:42.499 [main] INFO  [N/A] [N/A] r.s.s.d.s.LocalFileStorageService - Инициализация локального хранилища фотографий успешна завершена!
2026-09-01 16:32:42.549 [main] INFO  [N/A] [N/A] r.s.skinscan.config.AsyncConfig - Photo Task Executor запущен: базовое кол-во потоков=5, максимальное кол-во потоков=10, размер очереди ожидания=100
2026-09-01 16:32:42.551 [main] INFO  [N/A] [N/A] r.s.skinscan.config.AsyncConfig - Recovery Task Executor запущен
2026-09-01 16:32:42.684 [main] WARN  [N/A] [N/A] o.s.b.a.o.j.JpaBaseConfiguration$JpaWebConfiguration - spring.jpa.open-in-view is enabled by default. Therefore, database queries may be performed during view rendering. Explicitly configure spring.jpa.open-in-view to disable this warning
2026-09-01 16:32:42.696 [main] DEBUG [N/A] [N/A] o.s.s.c.a.a.c.AuthenticationConfiguration$DefaultPasswordEncoderAuthenticationManagerBuilder - No authenticationProviders and no parentAuthenticationManager defined. Returning null.
2026-09-01 16:32:42.964 [main] INFO  [N/A] [N/A] o.s.s.web.DefaultSecurityFilterChain - Will secure any request with [org.springframework.security.web.session.DisableEncodeUrlFilter@3b6d94fc, org.springframework.security.web.context.request.async.WebAsyncManagerIntegrationFilter@71c77042, org.springframework.security.web.context.SecurityContextHolderFilter@3c2b7322, org.springframework.security.web.header.HeaderWriterFilter@20dc2df1, org.springframework.web.filter.CorsFilter@665fb1d8, org.springframework.security.web.authentication.logout.LogoutFilter@7334dcbe, ru.startup.skinscan.security.filter.RateLimiterFilter@86abdbd, org.springframework.security.web.authentication.www.BasicAuthenticationFilter@3a7e13c0, org.springframework.security.web.savedrequest.RequestCacheAwareFilter@43c25e89, org.springframework.security.web.servletapi.SecurityContextHolderAwareRequestFilter@7207cb8b, org.springframework.security.web.authentication.AnonymousAuthenticationFilter@142ac60e, org.springframework.security.web.session.SessionManagementFilter@fb69ab1, org.springframework.security.web.access.ExceptionTranslationFilter@6eed5b68, org.springframework.security.web.access.intercept.AuthorizationFilter@2e3fdf30]
2026-09-01 16:32:43.315 [main] INFO  [N/A] [N/A] o.a.coyote.http11.Http11NioProtocol - Starting ProtocolHandler ["http-nio-8080"]
2026-09-01 16:32:43.337 [main] INFO  [N/A] [N/A] o.s.b.w.e.tomcat.TomcatWebServer - Tomcat started on port(s): 8080 (http) with context path ''
2026-09-01 16:32:43.347 [main] INFO  [N/A] [N/A] ru.startup.skinscan.Main - Started Main in 6.733 seconds (process running for 7.743)
2026-09-01 16:32:43.354 [scheduling-1] DEBUG [N/A] [N/A] r.s.s.s.PhotoRecoveryScheduler - Запуск проверки и обработки зависших фотографий
2026-09-01 16:32:43.449 [scheduling-1] DEBUG [N/A] [N/A] org.hibernate.SQL - 
    select
        p1_0.id,
        p1_0.created_at,
        p1_0.file_name,
        p1_0.file_size_bytes,
        p1_0.mime_type,
        p1_0.status,
        p1_0.storage_file_path,
        p1_0.updated_at,
        p1_0.user_id 
    from
        photo p1_0 
    where
        p1_0.status=? 
        and p1_0.created_at<cast(? as timestamp(6) with time zone)
2026-09-01 16:32:43.458 [scheduling-1] DEBUG [N/A] [N/A] r.s.s.s.PhotoRecoveryScheduler - Зависшие фотографии не найдены
2026-09-01 16:32:45.857 [http-nio-8080-exec-1] INFO  [N/A] [N/A] o.a.c.c.C.[Tomcat].[localhost].[/] - Initializing Spring DispatcherServlet 'dispatcherServlet'
2026-09-01 16:32:45.857 [http-nio-8080-exec-1] INFO  [N/A] [N/A] o.s.web.servlet.DispatcherServlet - Initializing Servlet 'dispatcherServlet'
2026-09-01 16:32:45.858 [http-nio-8080-exec-1] INFO  [N/A] [N/A] o.s.web.servlet.DispatcherServlet - Completed initialization in 1 ms
2026-09-01 16:32:45.876 [http-nio-8080-exec-1] DEBUG [N/A] [N/A] o.s.security.web.FilterChainProxy - Securing POST /skinScan/photos/upload
2026-09-01 16:32:45.913 [http-nio-8080-exec-1] DEBUG [N/A] [N/A] org.hibernate.SQL - 
    select
        u1_0.id,
        u1_0.created_at,
        u1_0.email,
        u1_0.login,
        u1_0.password,
        u1_0.phone,
        u1_0.updated_at 
    from
        users u1_0 
    where
        u1_0.login=?
2026-09-01 16:32:46.411 [http-nio-8080-exec-1] DEBUG [N/A] [N/A] org.hibernate.SQL - 
    select
        u1_0.id 
    from
        users u1_0 
    where
        u1_0.login=?
2026-09-01 16:32:46.843 [http-nio-8080-exec-1] INFO  [N/A] [N/A] r.s.s.s.s.CustomUserDetailsService - Поиск пользователя с логином: Andrey600
2026-09-01 16:32:46.845 [http-nio-8080-exec-1] DEBUG [N/A] [N/A] org.hibernate.SQL - 
    select
        u1_0.id,
        u1_0.created_at,
        u1_0.email,
        u1_0.login,
        u1_0.password,
        u1_0.phone,
        u1_0.updated_at 
    from
        users u1_0 
    where
        u1_0.login=?
2026-09-01 16:32:46.848 [http-nio-8080-exec-1] INFO  [N/A] [N/A] r.s.s.s.s.CustomUserDetailsService - Найден пользователь: Andrey600, пароль: $2a$12$82L1ISHBmtE5Mz8Sna4Kr.OxWw0qFyPc2rdTy8Pr6YSNBBPgoLaiK
2026-09-01 16:32:47.391 [http-nio-8080-exec-1] DEBUG [N/A] [N/A] o.s.s.a.d.DaoAuthenticationProvider - Authenticated user
2026-09-01 16:32:47.392 [http-nio-8080-exec-1] DEBUG [N/A] [N/A] o.s.s.w.a.w.BasicAuthenticationFilter - Set SecurityContextHolder to UsernamePasswordAuthenticationToken [Principal=org.springframework.security.core.userdetails.User [Username=Andrey600, Password=[PROTECTED], Enabled=true, AccountNonExpired=true, credentialsNonExpired=true, AccountNonLocked=true, Granted Authorities=[]], Credentials=[PROTECTED], Authenticated=true, Details=WebAuthenticationDetails [RemoteIpAddress=127.0.0.1, SessionId=null], Granted Authorities=[]]
2026-09-01 16:32:47.397 [http-nio-8080-exec-1] DEBUG [N/A] [N/A] o.s.security.web.FilterChainProxy - Secured POST /skinScan/photos/upload
2026-09-01 16:32:47.618 [http-nio-8080-exec-1] DEBUG [1336699e-b0eb-44b7-b9bd-b6d58a4748af] [NO_SESSION] r.s.s.d.s.LocalFileStorageService - Файл сохранится в директории: C:\Users\ferdi\data\uploads\805dc\2026\09\0e59a187-7c90-4ac0-a2d3-f76707bdc0b7.jpg, с временной директорией: C:\Users\ferdi\data\uploads\805dc\2026\09\temp\.0e59a187-7c90-4ac0-a2d3-f76707bdc0b7.jpg.tmp
2026-09-01 16:32:47.629 [http-nio-8080-exec-1] INFO  [1336699e-b0eb-44b7-b9bd-b6d58a4748af] [NO_SESSION] r.s.s.d.s.LocalFileStorageService - Файл успешно сохранен: 805dc/2026/09/0e59a187-7c90-4ac0-a2d3-f76707bdc0b7.jpg, с размером: 33095 байт
2026-09-01 16:32:47.629 [http-nio-8080-exec-1] INFO  [1336699e-b0eb-44b7-b9bd-b6d58a4748af] [NO_SESSION] r.s.s.d.service.PhotoServiceImpl - Фото сохранено в хранилище
2026-09-01 16:32:47.654 [http-nio-8080-exec-1] DEBUG [1336699e-b0eb-44b7-b9bd-b6d58a4748af] [NO_SESSION] org.hibernate.SQL - 
    select
        p1_0.id,
        p1_0.created_at,
        p1_0.file_name,
        p1_0.file_size_bytes,
        p1_0.mime_type,
        p1_0.status,
        p1_0.storage_file_path,
        p1_0.updated_at,
        p1_0.user_id 
    from
        photo p1_0 
    where
        p1_0.id=?
2026-09-01 16:32:47.669 [http-nio-8080-exec-1] INFO  [1336699e-b0eb-44b7-b9bd-b6d58a4748af] [NO_SESSION] r.s.s.d.service.PhotoServiceImpl - Метаданные фото 0fc6b2e8-3504-4cbf-9c42-258ef445f2ba сохранены в БД
2026-09-01 16:32:47.671 [http-nio-8080-exec-1] INFO  [1336699e-b0eb-44b7-b9bd-b6d58a4748af] [NO_SESSION] r.s.s.d.service.PhotoServiceImpl - Запуск асинхронной обработки фото 0fc6b2e8-3504-4cbf-9c42-258ef445f2ba
2026-09-01 16:32:47.672 [PhotoProcessor-1] INFO  [N/A] [N/A] r.s.s.d.s.AsyncPhotoProcessingExecutor - Запущен асинхронный процесс с фото: 0fc6b2e8-3504-4cbf-9c42-258ef445f2ba, пользователя: 64641147-39de-45f8-a11f-7f57eb2805dc
2026-09-01 16:32:47.690 [http-nio-8080-exec-1] DEBUG [1336699e-b0eb-44b7-b9bd-b6d58a4748af] [NO_SESSION] org.hibernate.SQL - 
    insert 
    into
        photo
        (created_at,file_name,file_size_bytes,mime_type,status,storage_file_path,updated_at,user_id,id) 
    values
        (?,?,?,?,?,?,?,?,?)
2026-09-01 16:32:48.686 [PhotoProcessor-1] DEBUG [N/A] [N/A] o.s.jdbc.datasource.DataSourceUtils - Setting JDBC Connection [HikariProxyConnection@1168204482 wrapping org.postgresql.jdbc.PgConnection@7be94cd6] read-only
2026-09-01 16:32:48.694 [PhotoProcessor-1] DEBUG [N/A] [N/A] org.hibernate.SQL - 
    select
        p1_0.id,
        p1_0.created_at,
        p1_0.file_name,
        p1_0.file_size_bytes,
        p1_0.mime_type,
        p1_0.status,
        p1_0.storage_file_path,
        p1_0.updated_at,
        p1_0.user_id 
    from
        photo p1_0 
    where
        p1_0.id=?
2026-09-01 16:32:48.699 [PhotoProcessor-1] DEBUG [N/A] [N/A] o.s.jdbc.datasource.DataSourceUtils - Resetting read-only flag of JDBC Connection [HikariProxyConnection@1168204482 wrapping org.postgresql.jdbc.PgConnection@7be94cd6]
2026-09-01 16:32:48.731 [PhotoProcessor-1] DEBUG [N/A] [N/A] org.hibernate.SQL - 
    update
        photo 
    set
        status=?,
        updated_at=cast(? as timestamp(6) with time zone) 
    where
        id=?
2026-09-01 16:32:48.735 [PhotoProcessor-1] INFO  [N/A] [N/A] r.s.s.d.s.AsyncPhotoProcessingExecutor - Сменен статус фото 0fc6b2e8-3504-4cbf-9c42-258ef445f2ba на PROCESSING
2026-09-01 16:32:48.739 [PhotoProcessor-1] DEBUG [N/A] [N/A] org.hibernate.SQL - 
    select
        a1_0.id,
        a1_0.completed_at,
        a1_0.photo_id,
        a1_0.requested_at,
        a1_0.result,
        a1_0.status 
    from
        analysis a1_0 
    where
        a1_0.id=?
2026-09-01 16:32:48.753 [PhotoProcessor-1] DEBUG [N/A] [N/A] org.hibernate.SQL - 
    insert 
    into
        analysis
        (completed_at,photo_id,requested_at,result,status,id) 
    values
        (?,?,?,?,?,?)
2026-09-01 16:32:48.771 [PhotoProcessor-1] INFO  [N/A] [N/A] r.s.s.d.s.AsyncPhotoProcessingExecutor - Сформирован запрос к ML сервису для фото: 0fc6b2e8-3504-4cbf-9c42-258ef445f2ba, размером: 33095 байт
2026-09-01 16:32:48.771 [PhotoProcessor-1] INFO  [N/A] [N/A] r.s.s.d.s.AsyncPhotoProcessingExecutor - Вызов ML анализа фото: 0fc6b2e8-3504-4cbf-9c42-258ef445f2ba
2026-09-01 16:32:48.771 [PhotoProcessor-1] INFO  [N/A] [N/A] ru.startup.skinscan.ML.StubMLClient - Заглушка ML: Анализ фото: 0fc6b2e8-3504-4cbf-9c42-258ef445f2ba
2026-09-01 16:32:52.425 [PhotoProcessor-1] INFO  [N/A] [N/A] ru.startup.skinscan.ML.StubMLClient - Заглушка ML: Фото: 0fc6b2e8-3504-4cbf-9c42-258ef445f2ba обработано за 3654 ms
2026-09-01 16:32:52.426 [PhotoProcessor-1] INFO  [N/A] [N/A] r.s.s.d.s.AsyncPhotoProcessingExecutor - ML анализ фото: 0fc6b2e8-3504-4cbf-9c42-258ef445f2ba, завершен за время: 3655ms
2026-09-01 16:32:52.447 [PhotoProcessor-1] DEBUG [N/A] [N/A] org.hibernate.SQL - 
    update
        analysis 
    set
        result=?,
        status=?,
        completed_at=cast(? as timestamp(6) with time zone) 
    where
        id=?
2026-09-01 16:32:52.483 [PhotoProcessor-1] WARN  [N/A] [N/A] o.h.e.jdbc.spi.SqlExceptionHelper - SQL Error: 0, SQLState: 42804
2026-09-01 16:32:52.483 [PhotoProcessor-1] ERROR [N/A] [N/A] o.h.e.jdbc.spi.SqlExceptionHelper - ОШИБКА: столбец "result" имеет тип jsonb, а выражение - bytea
  Подсказка: Перепишите выражение или преобразуйте его тип.
  Позиция: 28
2026-09-01 16:32:52.499 [PhotoProcessor-1] DEBUG [N/A] [N/A] org.hibernate.SQL - 
    select
        p1_0.id 
    from
        photo p1_0 
    where
        p1_0.file_name=?
2026-09-01 16:32:52.501 [PhotoProcessor-1] ERROR [N/A] [N/A] r.s.s.d.s.AsyncPhotoProcessingExecutor - В процессе обработки фото 0fc6b2e8-3504-4cbf-9c42-258ef445f2ba возникла неизвестная ошибка: 
org.springframework.dao.InvalidDataAccessResourceUsageException: JDBC exception executing SQL [update analysis set result=?,status=?,completed_at=cast(? as timestamp(6) with time zone) where id=?] [ОШИБКА: столбец "result" имеет тип jsonb, а выражение - bytea
  Подсказка: Перепишите выражение или преобразуйте его тип.
  Позиция: 28] [n/a]; SQL [n/a]
	at org.springframework.orm.jpa.vendor.HibernateJpaDialect.convertHibernateAccessException(HibernateJpaDialect.java:256)
	at org.springframework.orm.jpa.vendor.HibernateJpaDialect.translateExceptionIfPossible(HibernateJpaDialect.java:229)
	at org.springframework.orm.jpa.AbstractEntityManagerFactoryBean.translateExceptionIfPossible(AbstractEntityManagerFactoryBean.java:550)
	at org.springframework.dao.support.ChainedPersistenceExceptionTranslator.translateExceptionIfPossible(ChainedPersistenceExceptionTranslator.java:61)
	at org.springframework.dao.support.DataAccessUtils.translateIfNecessary(DataAccessUtils.java:243)
	at org.springframework.dao.support.PersistenceExceptionTranslationInterceptor.invoke(PersistenceExceptionTranslationInterceptor.java:152)
	at org.springframework.aop.framework.ReflectiveMethodInvocation.proceed(ReflectiveMethodInvocation.java:184)
	at org.springframework.data.jpa.repository.support.CrudMethodMetadataPostProcessor$CrudMethodMetadataPopulatingMethodInterceptor.invoke(CrudMethodMetadataPostProcessor.java:135)
	at org.springframework.aop.framework.ReflectiveMethodInvocation.proceed(ReflectiveMethodInvocation.java:184)
	at org.springframework.aop.interceptor.ExposeInvocationInterceptor.invoke(ExposeInvocationInterceptor.java:97)
	at org.springframework.aop.framework.ReflectiveMethodInvocation.proceed(ReflectiveMethodInvocation.java:184)
	at org.springframework.aop.framework.JdkDynamicAopProxy.invoke(JdkDynamicAopProxy.java:244)
	at jdk.proxy2/jdk.proxy2.$Proxy149.update(Unknown Source)
	at ru.startup.skinscan.domain.service.AsyncPhotoProcessingExecutor.processPhoto(AsyncPhotoProcessingExecutor.java:135)
	at java.base/jdk.internal.reflect.DirectMethodHandleAccessor.invoke(DirectMethodHandleAccessor.java:103)
	at java.base/java.lang.reflect.Method.invoke(Method.java:580)
	at org.springframework.aop.support.AopUtils.invokeJoinpointUsingReflection(AopUtils.java:343)
	at org.springframework.aop.framework.ReflectiveMethodInvocation.invokeJoinpoint(ReflectiveMethodInvocation.java:196)
	at org.springframework.aop.framework.ReflectiveMethodInvocation.proceed(ReflectiveMethodInvocation.java:163)
	at org.springframework.aop.interceptor.AsyncExecutionInterceptor.lambda$invoke$0(AsyncExecutionInterceptor.java:115)
	at java.base/java.util.concurrent.FutureTask.run(FutureTask.java:317)
	at java.base/java.util.concurrent.ThreadPoolExecutor.runWorker(ThreadPoolExecutor.java:1144)
	at java.base/java.util.concurrent.ThreadPoolExecutor$Worker.run(ThreadPoolExecutor.java:642)
	at java.base/java.lang.Thread.run(Thread.java:1583)
Caused by: org.hibernate.exception.SQLGrammarException: JDBC exception executing SQL [update analysis set result=?,status=?,completed_at=cast(? as timestamp(6) with time zone) where id=?] [ОШИБКА: столбец "result" имеет тип jsonb, а выражение - bytea
  Подсказка: Перепишите выражение или преобразуйте его тип.
  Позиция: 28] [n/a]
	at org.hibernate.exception.internal.SQLStateConversionDelegate.convert(SQLStateConversionDelegate.java:89)
	at org.hibernate.exception.internal.StandardSQLExceptionConverter.convert(StandardSQLExceptionConverter.java:56)
	at org.hibernate.engine.jdbc.spi.SqlExceptionHelper.convert(SqlExceptionHelper.java:108)
	at org.hibernate.engine.jdbc.spi.SqlExceptionHelper.convert(SqlExceptionHelper.java:94)
	at org.hibernate.sql.exec.internal.StandardJdbcMutationExecutor.execute(StandardJdbcMutationExecutor.java:96)
	at org.hibernate.query.sqm.internal.SimpleUpdateQueryPlan.executeUpdate(SimpleUpdateQueryPlan.java:91)
	at org.hibernate.query.sqm.internal.QuerySqmImpl.doExecuteUpdate(QuerySqmImpl.java:735)
	at org.hibernate.query.sqm.internal.QuerySqmImpl.executeUpdate(QuerySqmImpl.java:705)
	at org.springframework.data.jpa.repository.query.JpaQueryExecution$ModifyingExecution.doExecute(JpaQueryExecution.java:266)
	at org.springframework.data.jpa.repository.query.JpaQueryExecution.execute(JpaQueryExecution.java:92)
	at org.springframework.data.jpa.repository.query.AbstractJpaQuery.doExecute(AbstractJpaQuery.java:149)
	at org.springframework.data.jpa.repository.query.AbstractJpaQuery.execute(AbstractJpaQuery.java:137)
	at org.springframework.data.repository.core.support.RepositoryMethodInvoker.doInvoke(RepositoryMethodInvoker.java:136)
	at org.springframework.data.repository.core.support.RepositoryMethodInvoker.invoke(RepositoryMethodInvoker.java:120)
	at org.springframework.data.repository.core.support.QueryExecutorMethodInterceptor.doInvoke(QueryExecutorMethodInterceptor.java:164)
	at org.springframework.data.repository.core.support.QueryExecutorMethodInterceptor.invoke(QueryExecutorMethodInterceptor.java:143)
	at org.springframework.aop.framework.ReflectiveMethodInvocation.proceed(ReflectiveMethodInvocation.java:184)
	at org.springframework.data.projection.DefaultMethodInvokingMethodInterceptor.invoke(DefaultMethodInvokingMethodInterceptor.java:70)
	at org.springframework.aop.framework.ReflectiveMethodInvocation.proceed(ReflectiveMethodInvocation.java:184)
	at org.springframework.transaction.interceptor.TransactionInterceptor$1.proceedWithInvocation(TransactionInterceptor.java:123)
	at org.springframework.transaction.interceptor.TransactionAspectSupport.invokeWithinTransaction(TransactionAspectSupport.java:391)
	at org.springframework.transaction.interceptor.TransactionInterceptor.invoke(TransactionInterceptor.java:119)
	at org.springframework.aop.framework.ReflectiveMethodInvocation.proceed(ReflectiveMethodInvocation.java:184)
	at org.springframework.dao.support.PersistenceExceptionTranslationInterceptor.invoke(PersistenceExceptionTranslationInterceptor.java:137)
	... 18 common frames omitted
Caused by: org.postgresql.util.PSQLException: ОШИБКА: столбец "result" имеет тип jsonb, а выражение - bytea
  Подсказка: Перепишите выражение или преобразуйте его тип.
  Позиция: 28
	at org.postgresql.core.v3.QueryExecutorImpl.receiveErrorResponse(QueryExecutorImpl.java:2904)
	at org.postgresql.core.v3.QueryExecutorImpl.processResults(QueryExecutorImpl.java:2589)
	at org.postgresql.core.v3.QueryExecutorImpl.execute(QueryExecutorImpl.java:431)
	at org.postgresql.jdbc.PgStatement.executeInternal(PgStatement.java:534)
	at org.postgresql.jdbc.PgStatement.execute(PgStatement.java:437)
	at org.postgresql.jdbc.PgPreparedStatement.executeWithFlags(PgPreparedStatement.java:196)
	at org.postgresql.jdbc.PgPreparedStatement.executeUpdate(PgPreparedStatement.java:157)
	at com.zaxxer.hikari.pool.ProxyPreparedStatement.executeUpdate(ProxyPreparedStatement.java:61)
	at com.zaxxer.hikari.pool.HikariProxyPreparedStatement.executeUpdate(HikariProxyPreparedStatement.java)
	at org.hibernate.sql.exec.internal.StandardJdbcMutationExecutor.execute(StandardJdbcMutationExecutor.java:83)
	... 37 common frames omitted
2026-09-01 16:32:52.506 [PhotoProcessor-1] DEBUG [N/A] [N/A] org.hibernate.SQL - 
    update
        photo 
    set
        status=?,
        updated_at=cast(? as timestamp(6) with time zone) 
    where
        id=?
2026-09-01 16:32:52.513 [PhotoProcessor-1] DEBUG [N/A] [N/A] org.hibernate.SQL - 
    select
        a1_0.id,
        a1_0.completed_at,
        a1_0.photo_id,
        a1_0.requested_at,
        a1_0.result,
        a1_0.status 
    from
        analysis a1_0 
    where
        a1_0.photo_id=?
2026-09-01 16:32:52.518 [PhotoProcessor-1] DEBUG [N/A] [N/A] org.hibernate.SQL - 
    update
        analysis 
    set
        status=?,
        completed_at=cast(? as timestamp(6) with time zone) 
    where
        id=?
2026-09-01 16:33:21.182 [SpringApplicationShutdownHook] INFO  [N/A] [N/A] o.s.o.j.LocalContainerEntityManagerFactoryBean - Closing JPA EntityManagerFactory for persistence unit 'default'
2026-09-01 16:33:21.183 [SpringApplicationShutdownHook] INFO  [N/A] [N/A] com.zaxxer.hikari.HikariDataSource - HikariPool-1 - Shutdown initiated...
2026-09-01 16:33:21.186 [SpringApplicationShutdownHook] INFO  [N/A] [N/A] com.zaxxer.hikari.HikariDataSource - HikariPool-1 - Shutdown completed.
2026-09-01 16:37:01.019 [background-preinit] INFO  [N/A] [N/A] o.h.validator.internal.util.Version - HV000001: Hibernate Validator 8.0.1.Final
2026-09-01 16:37:01.056 [main] INFO  [N/A] [N/A] ru.startup.skinscan.Main - Starting Main using Java 21.0.10 with PID 17616 (C:\Users\ferdi\IdeaProjects\SkinScan\build\classes\java\main started by ferdi in C:\Users\ferdi\IdeaProjects\SkinScan)
2026-09-01 16:37:01.057 [main] DEBUG [N/A] [N/A] ru.startup.skinscan.Main - Running with Spring Boot v3.1.12, Spring v6.0.21
2026-09-01 16:37:01.057 [main] INFO  [N/A] [N/A] ru.startup.skinscan.Main - The following 1 profile is active: "local"
2026-09-01 16:37:02.063 [main] INFO  [N/A] [N/A] o.s.d.r.c.RepositoryConfigurationDelegate - Bootstrapping Spring Data JPA repositories in DEFAULT mode.
2026-09-01 16:37:02.142 [main] INFO  [N/A] [N/A] o.s.d.r.c.RepositoryConfigurationDelegate - Finished Spring Data repository scanning in 69 ms. Found 3 JPA repository interfaces.
2026-09-01 16:37:02.787 [main] INFO  [N/A] [N/A] o.s.b.w.e.tomcat.TomcatWebServer - Tomcat initialized with port(s): 8080 (http)
2026-09-01 16:37:02.793 [main] INFO  [N/A] [N/A] o.a.coyote.http11.Http11NioProtocol - Initializing ProtocolHandler ["http-nio-8080"]
2026-09-01 16:37:02.795 [main] INFO  [N/A] [N/A] o.a.catalina.core.StandardService - Starting service [Tomcat]
2026-09-01 16:37:02.796 [main] INFO  [N/A] [N/A] o.a.catalina.core.StandardEngine - Starting Servlet engine: [Apache Tomcat/10.1.24]
2026-09-01 16:37:02.903 [main] INFO  [N/A] [N/A] o.a.c.c.C.[Tomcat].[localhost].[/] - Initializing Spring embedded WebApplicationContext
2026-09-01 16:37:02.904 [main] INFO  [N/A] [N/A] o.s.b.w.s.c.ServletWebServerApplicationContext - Root WebApplicationContext: initialization completed in 1795 ms
2026-09-01 16:37:02.921 [main] INFO  [N/A] [N/A] r.s.s.s.r.RateLimiterInMemory - RateLimiter инициализирован с интервалом очистки: 300с
2026-09-01 16:37:03.113 [main] DEBUG [N/A] [N/A] o.f.c.i.s.classpath.ClassPathScanner - Scanning for classpath resources at 'classpath:db/callback' ...
2026-09-01 16:37:03.114 [main] DEBUG [N/A] [N/A] o.f.c.i.s.classpath.ClassPathScanner - Determining location urls for classpath:db/callback using ClassLoader TomcatEmbeddedWebappClassLoader
  context: ROOT
  delegate: true
----------> Parent Classloader:
jdk.internal.loader.ClassLoaders$AppClassLoader@3fee733d
 ...
2026-09-01 16:37:03.114 [main] DEBUG [N/A] [N/A] o.f.c.i.s.classpath.ClassPathScanner - Unable to resolve location classpath:db/callback.
2026-09-01 16:37:03.114 [main] DEBUG [N/A] [N/A] o.f.c.i.s.classpath.ClassPathScanner - Scanning for classpath resources at 'classpath:db/migration' ...
2026-09-01 16:37:03.115 [main] DEBUG [N/A] [N/A] o.f.c.i.s.classpath.ClassPathScanner - Determining location urls for classpath:db/migration using ClassLoader TomcatEmbeddedWebappClassLoader
  context: ROOT
  delegate: true
----------> Parent Classloader:
jdk.internal.loader.ClassLoaders$AppClassLoader@3fee733d
 ...
2026-09-01 16:37:03.115 [main] DEBUG [N/A] [N/A] o.f.c.i.s.classpath.ClassPathScanner - Scanning URL: file:/C:/Users/ferdi/IdeaProjects/SkinScan/build/resources/main/db/migration
2026-09-01 16:37:03.116 [main] DEBUG [N/A] [N/A] o.f.c.i.s.c.FileSystemClassPathLocationScanner - Scanning starting at classpath root in filesystem: C:\Users\ferdi\IdeaProjects\SkinScan\build\resources\main\
2026-09-01 16:37:03.117 [main] DEBUG [N/A] [N/A] o.f.c.i.s.c.FileSystemClassPathLocationScanner - Scanning for resources in path: C:\Users\ferdi\IdeaProjects\SkinScan\build\resources\main\db\migration (db/migration)
2026-09-01 16:37:03.118 [main] DEBUG [N/A] [N/A] o.f.c.i.s.classpath.ClassPathScanner - Found resource: db/migration/V1__create_users_table.sql
2026-09-01 16:37:03.118 [main] DEBUG [N/A] [N/A] o.f.c.i.s.classpath.ClassPathScanner - Found resource: db/migration/V2__create_photo_table.sql
2026-09-01 16:37:03.118 [main] DEBUG [N/A] [N/A] o.f.c.i.s.classpath.ClassPathScanner - Found resource: db/migration/V3__create_analysis_table.sql
2026-09-01 16:37:03.118 [main] DEBUG [N/A] [N/A] o.f.c.i.s.classpath.ClassPathScanner - Found resource: db/migration/V4__add_index.sql
2026-09-01 16:37:03.119 [main] DEBUG [N/A] [N/A] o.f.c.i.s.classpath.ClassPathScanner - Scanning for classes at classpath:db/migration
2026-09-01 16:37:03.121 [main] DEBUG [N/A] [N/A] o.f.c.i.r.ResourceNameValidator - Validating V2__create_photo_table.sql
2026-09-01 16:37:03.125 [main] INFO  [N/A] [N/A] com.zaxxer.hikari.HikariDataSource - HikariPool-1 - Starting...
2026-09-01 16:37:03.426 [main] INFO  [N/A] [N/A] com.zaxxer.hikari.pool.HikariPool - HikariPool-1 - Added connection org.postgresql.jdbc.PgConnection@251a90ce
2026-09-01 16:37:03.429 [main] INFO  [N/A] [N/A] com.zaxxer.hikari.HikariDataSource - HikariPool-1 - Start completed.
2026-09-01 16:37:03.460 [main] DEBUG [N/A] [N/A] o.f.c.i.r.ResourceNameValidator - Validating V1__create_users_table.sql
2026-09-01 16:37:03.461 [main] DEBUG [N/A] [N/A] o.f.c.i.r.ResourceNameValidator - Validating V4__add_index.sql
2026-09-01 16:37:03.461 [main] DEBUG [N/A] [N/A] o.f.c.i.r.ResourceNameValidator - Validating V3__create_analysis_table.sql
2026-09-01 16:37:03.470 [main] DEBUG [N/A] [N/A] o.f.c.i.d.DatabaseTypeRegister - Multiple databases found that handle url 'jdbc:postgresql://localhost:5432/skinScan': CockroachDB,PostgreSQL
2026-09-01 16:37:03.470 [main] INFO  [N/A] [N/A] org.flywaydb.core.FlywayExecutor - Database: jdbc:postgresql://localhost:5432/skinScan (PostgreSQL 18.1)
2026-09-01 16:37:03.471 [main] DEBUG [N/A] [N/A] org.flywaydb.core.FlywayExecutor - Database Type: PostgreSQL
2026-09-01 16:37:03.471 [main] DEBUG [N/A] [N/A] org.flywaydb.core.FlywayExecutor - Driver: PostgreSQL JDBC Driver 42.7.11
2026-09-01 16:37:03.471 [main] DEBUG [N/A] [N/A] org.flywaydb.core.FlywayExecutor - DDL Transactions Supported: true
2026-09-01 16:37:03.473 [main] DEBUG [N/A] [N/A] o.f.c.i.s.SchemaHistoryFactory - Schemas: 
2026-09-01 16:37:03.473 [main] DEBUG [N/A] [N/A] o.f.c.i.s.SchemaHistoryFactory - Default schema: null
2026-09-01 16:37:03.481 [main] WARN  [N/A] [N/A] o.f.c.i.database.base.Database - Flyway upgrade recommended: PostgreSQL 18.1 is newer than this version of Flyway and support has not been tested. The latest supported version of PostgreSQL is 16.
2026-09-01 16:37:03.483 [main] DEBUG [N/A] [N/A] o.f.c.i.c.SqlScriptCallbackFactory - Scanning for SQL callbacks ...
2026-09-01 16:37:03.493 [main] DEBUG [N/A] [N/A] o.f.core.internal.command.DbValidate - Validating migrations ...
2026-09-01 16:37:03.496 [main] DEBUG [N/A] [N/A] o.f.c.a.c.ClassicConfiguration - CherryPickConfigurationExtension not found
2026-09-01 16:37:03.503 [main] DEBUG [N/A] [N/A] o.f.core.internal.scanner.Scanner - Filtering out resource: db/migration/V2__create_photo_table.sql (filename: V2__create_photo_table.sql)
2026-09-01 16:37:03.504 [main] DEBUG [N/A] [N/A] o.f.core.internal.scanner.Scanner - Filtering out resource: db/migration/V1__create_users_table.sql (filename: V1__create_users_table.sql)
2026-09-01 16:37:03.504 [main] DEBUG [N/A] [N/A] o.f.core.internal.scanner.Scanner - Filtering out resource: db/migration/V4__add_index.sql (filename: V4__add_index.sql)
2026-09-01 16:37:03.504 [main] DEBUG [N/A] [N/A] o.f.core.internal.scanner.Scanner - Filtering out resource: db/migration/V3__create_analysis_table.sql (filename: V3__create_analysis_table.sql)
2026-09-01 16:37:03.504 [main] DEBUG [N/A] [N/A] o.f.core.internal.scanner.Scanner - Filtering out resource: db/migration/V2__create_photo_table.sql (filename: V2__create_photo_table.sql)
2026-09-01 16:37:03.504 [main] DEBUG [N/A] [N/A] o.f.core.internal.scanner.Scanner - Filtering out resource: db/migration/V1__create_users_table.sql (filename: V1__create_users_table.sql)
2026-09-01 16:37:03.504 [main] DEBUG [N/A] [N/A] o.f.core.internal.scanner.Scanner - Filtering out resource: db/migration/V4__add_index.sql (filename: V4__add_index.sql)
2026-09-01 16:37:03.504 [main] DEBUG [N/A] [N/A] o.f.core.internal.scanner.Scanner - Filtering out resource: db/migration/V3__create_analysis_table.sql (filename: V3__create_analysis_table.sql)
2026-09-01 16:37:03.525 [main] INFO  [N/A] [N/A] o.f.core.internal.command.DbValidate - Successfully validated 4 migrations (execution time 00:00.030s)
2026-09-01 16:37:03.528 [main] DEBUG [N/A] [N/A] o.f.core.internal.command.DbSchemas - Skipping creation of existing schema: "public"
2026-09-01 16:37:03.630 [main] DEBUG [N/A] [N/A] o.f.c.a.c.ClassicConfiguration - CherryPickConfigurationExtension not found
2026-09-01 16:37:03.633 [main] INFO  [N/A] [N/A] o.f.core.internal.command.DbMigrate - Current version of schema "public": 4
2026-09-01 16:37:03.638 [main] INFO  [N/A] [N/A] o.f.core.internal.command.DbMigrate - Schema "public" is up to date. No migration necessary.
2026-09-01 16:37:03.644 [main] DEBUG [N/A] [N/A] org.flywaydb.core.FlywayExecutor - Memory usage: 46 of 82M
2026-09-01 16:37:03.702 [main] DEBUG [N/A] [N/A] o.s.jdbc.datasource.DataSourceUtils - Fetching JDBC Connection from DataSource
2026-09-01 16:37:03.734 [main] INFO  [N/A] [N/A] o.h.jpa.internal.util.LogHelper - HHH000204: Processing PersistenceUnitInfo [name: default]
2026-09-01 16:37:03.785 [main] INFO  [N/A] [N/A] org.hibernate.Version - HHH000412: Hibernate ORM core version 6.2.25.Final
2026-09-01 16:37:03.788 [main] INFO  [N/A] [N/A] org.hibernate.cfg.Environment - HHH000406: Using bytecode reflection optimizer
2026-09-01 16:37:04.350 [main] INFO  [N/A] [N/A] o.s.o.j.p.SpringPersistenceUnitInfo - No LoadTimeWeaver setup: ignoring JPA class transformer
2026-09-01 16:37:05.262 [main] INFO  [N/A] [N/A] o.h.e.t.j.p.i.JtaPlatformInitiator - HHH000489: No JTA platform available (set 'hibernate.transaction.jta.platform' to enable JTA platform integration)
2026-09-01 16:37:05.271 [main] INFO  [N/A] [N/A] o.s.o.j.LocalContainerEntityManagerFactoryBean - Initialized JPA EntityManagerFactory for persistence unit 'default'
2026-09-01 16:37:05.561 [main] INFO  [N/A] [N/A] o.s.d.j.r.query.QueryEnhancerFactory - Hibernate is in classpath; If applicable, HQL parser will be used.
2026-09-01 16:37:06.278 [main] DEBUG [N/A] [N/A] r.s.s.s.filter.RateLimiterFilter - Filter 'rateLimiterFilter' configured for use
2026-09-01 16:37:06.278 [main] DEBUG [N/A] [N/A] r.s.skinscan.config.MdcLoggingFilter - Filter 'mdcLoggingFilter' configured for use
2026-09-01 16:37:06.355 [main] INFO  [N/A] [N/A] r.s.s.d.s.LocalFileStorageService - Инициализация локального хранилища фотографий с начальным путем: C:\Users\ferdi/data/uploads
2026-09-01 16:37:06.357 [main] INFO  [N/A] [N/A] r.s.s.d.s.LocalFileStorageService - Инициализация локального хранилища фотографий успешна завершена!
2026-09-01 16:37:06.409 [main] INFO  [N/A] [N/A] r.s.skinscan.config.AsyncConfig - Photo Task Executor запущен: базовое кол-во потоков=5, максимальное кол-во потоков=10, размер очереди ожидания=100
2026-09-01 16:37:06.412 [main] INFO  [N/A] [N/A] r.s.skinscan.config.AsyncConfig - Recovery Task Executor запущен
2026-09-01 16:37:06.518 [main] WARN  [N/A] [N/A] o.s.b.a.o.j.JpaBaseConfiguration$JpaWebConfiguration - spring.jpa.open-in-view is enabled by default. Therefore, database queries may be performed during view rendering. Explicitly configure spring.jpa.open-in-view to disable this warning
2026-09-01 16:37:06.534 [main] DEBUG [N/A] [N/A] o.s.s.c.a.a.c.AuthenticationConfiguration$DefaultPasswordEncoderAuthenticationManagerBuilder - No authenticationProviders and no parentAuthenticationManager defined. Returning null.
2026-09-01 16:37:06.728 [main] INFO  [N/A] [N/A] o.s.s.web.DefaultSecurityFilterChain - Will secure any request with [org.springframework.security.web.session.DisableEncodeUrlFilter@3979ff82, org.springframework.security.web.context.request.async.WebAsyncManagerIntegrationFilter@77524169, org.springframework.security.web.context.SecurityContextHolderFilter@8ea1521, org.springframework.security.web.header.HeaderWriterFilter@79143853, org.springframework.web.filter.CorsFilter@74161ed7, org.springframework.security.web.authentication.logout.LogoutFilter@4f31e47a, ru.startup.skinscan.security.filter.RateLimiterFilter@62a09668, org.springframework.security.web.authentication.www.BasicAuthenticationFilter@66851c18, org.springframework.security.web.savedrequest.RequestCacheAwareFilter@2526ecb7, org.springframework.security.web.servletapi.SecurityContextHolderAwareRequestFilter@ab5af13, org.springframework.security.web.authentication.AnonymousAuthenticationFilter@27e80cfa, org.springframework.security.web.session.SessionManagementFilter@1dfadb7, org.springframework.security.web.access.ExceptionTranslationFilter@738a977d, org.springframework.security.web.access.intercept.AuthorizationFilter@7734695d]
2026-09-01 16:37:07.142 [main] INFO  [N/A] [N/A] o.a.coyote.http11.Http11NioProtocol - Starting ProtocolHandler ["http-nio-8080"]
2026-09-01 16:37:07.164 [main] INFO  [N/A] [N/A] o.s.b.w.e.tomcat.TomcatWebServer - Tomcat started on port(s): 8080 (http) with context path ''
2026-09-01 16:37:07.175 [main] INFO  [N/A] [N/A] ru.startup.skinscan.Main - Started Main in 6.698 seconds (process running for 7.494)
2026-09-01 16:37:07.184 [scheduling-1] DEBUG [N/A] [N/A] r.s.s.s.PhotoRecoveryScheduler - Запуск проверки и обработки зависших фотографий
2026-09-01 16:37:07.266 [scheduling-1] DEBUG [N/A] [N/A] org.hibernate.SQL - 
    select
        p1_0.id,
        p1_0.created_at,
        p1_0.file_name,
        p1_0.file_size_bytes,
        p1_0.mime_type,
        p1_0.status,
        p1_0.storage_file_path,
        p1_0.updated_at,
        p1_0.user_id 
    from
        photo p1_0 
    where
        p1_0.status=? 
        and p1_0.created_at<cast(? as timestamp(6) with time zone)
2026-09-01 16:37:07.275 [scheduling-1] DEBUG [N/A] [N/A] r.s.s.s.PhotoRecoveryScheduler - Зависшие фотографии не найдены
2026-09-01 16:37:15.934 [http-nio-8080-exec-3] INFO  [N/A] [N/A] o.a.c.c.C.[Tomcat].[localhost].[/] - Initializing Spring DispatcherServlet 'dispatcherServlet'
2026-09-01 16:37:15.934 [http-nio-8080-exec-3] INFO  [N/A] [N/A] o.s.web.servlet.DispatcherServlet - Initializing Servlet 'dispatcherServlet'
2026-09-01 16:37:15.935 [http-nio-8080-exec-3] INFO  [N/A] [N/A] o.s.web.servlet.DispatcherServlet - Completed initialization in 1 ms
2026-09-01 16:37:15.949 [http-nio-8080-exec-3] DEBUG [N/A] [N/A] o.s.security.web.FilterChainProxy - Securing POST /skinScan/photos/upload
2026-09-01 16:37:15.978 [http-nio-8080-exec-3] DEBUG [N/A] [N/A] org.hibernate.SQL - 
    select
        u1_0.id,
        u1_0.created_at,
        u1_0.email,
        u1_0.login,
        u1_0.password,
        u1_0.phone,
        u1_0.updated_at 
    from
        users u1_0 
    where
        u1_0.login=?
2026-09-01 16:37:16.537 [http-nio-8080-exec-3] DEBUG [N/A] [N/A] org.hibernate.SQL - 
    select
        u1_0.id 
    from
        users u1_0 
    where
        u1_0.login=?
2026-09-01 16:37:17.168 [http-nio-8080-exec-3] INFO  [N/A] [N/A] r.s.s.s.s.CustomUserDetailsService - Поиск пользователя с логином: Andrey600
2026-09-01 16:37:17.171 [http-nio-8080-exec-3] DEBUG [N/A] [N/A] org.hibernate.SQL - 
    select
        u1_0.id,
        u1_0.created_at,
        u1_0.email,
        u1_0.login,
        u1_0.password,
        u1_0.phone,
        u1_0.updated_at 
    from
        users u1_0 
    where
        u1_0.login=?
2026-09-01 16:37:17.174 [http-nio-8080-exec-3] INFO  [N/A] [N/A] r.s.s.s.s.CustomUserDetailsService - Найден пользователь: Andrey600, пароль: $2a$12$82L1ISHBmtE5Mz8Sna4Kr.OxWw0qFyPc2rdTy8Pr6YSNBBPgoLaiK
2026-09-01 16:37:17.664 [http-nio-8080-exec-3] DEBUG [N/A] [N/A] o.s.s.a.d.DaoAuthenticationProvider - Authenticated user
2026-09-01 16:37:17.665 [http-nio-8080-exec-3] DEBUG [N/A] [N/A] o.s.s.w.a.w.BasicAuthenticationFilter - Set SecurityContextHolder to UsernamePasswordAuthenticationToken [Principal=org.springframework.security.core.userdetails.User [Username=Andrey600, Password=[PROTECTED], Enabled=true, AccountNonExpired=true, credentialsNonExpired=true, AccountNonLocked=true, Granted Authorities=[]], Credentials=[PROTECTED], Authenticated=true, Details=WebAuthenticationDetails [RemoteIpAddress=127.0.0.1, SessionId=null], Granted Authorities=[]]
2026-09-01 16:37:17.670 [http-nio-8080-exec-3] DEBUG [N/A] [N/A] o.s.security.web.FilterChainProxy - Secured POST /skinScan/photos/upload
2026-09-01 16:37:17.793 [http-nio-8080-exec-3] DEBUG [0648872c-0c32-4529-ada3-d57c0964cf46] [NO_SESSION] r.s.s.d.s.LocalFileStorageService - Файл сохранится в директории: C:\Users\ferdi\data\uploads\805dc\2026\09\61f6fa9c-f26d-4c64-9e04-6e12a638a775.jpg, с временной директорией: C:\Users\ferdi\data\uploads\805dc\2026\09\temp\.61f6fa9c-f26d-4c64-9e04-6e12a638a775.jpg.tmp
2026-09-01 16:37:17.801 [http-nio-8080-exec-3] INFO  [0648872c-0c32-4529-ada3-d57c0964cf46] [NO_SESSION] r.s.s.d.s.LocalFileStorageService - Файл успешно сохранен: 805dc/2026/09/61f6fa9c-f26d-4c64-9e04-6e12a638a775.jpg, с размером: 33095 байт
2026-09-01 16:37:17.801 [http-nio-8080-exec-3] INFO  [0648872c-0c32-4529-ada3-d57c0964cf46] [NO_SESSION] r.s.s.d.service.PhotoServiceImpl - Фото сохранено в хранилище
2026-09-01 16:37:17.816 [http-nio-8080-exec-3] DEBUG [0648872c-0c32-4529-ada3-d57c0964cf46] [NO_SESSION] org.hibernate.SQL - 
    select
        p1_0.id,
        p1_0.created_at,
        p1_0.file_name,
        p1_0.file_size_bytes,
        p1_0.mime_type,
        p1_0.status,
        p1_0.storage_file_path,
        p1_0.updated_at,
        p1_0.user_id 
    from
        photo p1_0 
    where
        p1_0.id=?
2026-09-01 16:37:17.828 [http-nio-8080-exec-3] INFO  [0648872c-0c32-4529-ada3-d57c0964cf46] [NO_SESSION] r.s.s.d.service.PhotoServiceImpl - Метаданные фото 834ff72e-3318-447b-896d-aa2aa755c84c сохранены в БД
2026-09-01 16:37:17.830 [http-nio-8080-exec-3] INFO  [0648872c-0c32-4529-ada3-d57c0964cf46] [NO_SESSION] r.s.s.d.service.PhotoServiceImpl - Запуск асинхронной обработки фото 834ff72e-3318-447b-896d-aa2aa755c84c
2026-09-01 16:37:17.831 [PhotoProcessor-1] INFO  [N/A] [N/A] r.s.s.d.s.AsyncPhotoProcessingExecutor - Запущен асинхронный процесс с фото: 834ff72e-3318-447b-896d-aa2aa755c84c, пользователя: 64641147-39de-45f8-a11f-7f57eb2805dc
2026-09-01 16:37:17.847 [http-nio-8080-exec-3] DEBUG [0648872c-0c32-4529-ada3-d57c0964cf46] [NO_SESSION] org.hibernate.SQL - 
    insert 
    into
        photo
        (created_at,file_name,file_size_bytes,mime_type,status,storage_file_path,updated_at,user_id,id) 
    values
        (?,?,?,?,?,?,?,?,?)
2026-09-01 16:37:18.846 [PhotoProcessor-1] DEBUG [N/A] [N/A] o.s.jdbc.datasource.DataSourceUtils - Setting JDBC Connection [HikariProxyConnection@929203894 wrapping org.postgresql.jdbc.PgConnection@251a90ce] read-only
2026-09-01 16:37:18.849 [PhotoProcessor-1] DEBUG [N/A] [N/A] org.hibernate.SQL - 
    select
        p1_0.id,
        p1_0.created_at,
        p1_0.file_name,
        p1_0.file_size_bytes,
        p1_0.mime_type,
        p1_0.status,
        p1_0.storage_file_path,
        p1_0.updated_at,
        p1_0.user_id 
    from
        photo p1_0 
    where
        p1_0.id=?
2026-09-01 16:37:18.852 [PhotoProcessor-1] DEBUG [N/A] [N/A] o.s.jdbc.datasource.DataSourceUtils - Resetting read-only flag of JDBC Connection [HikariProxyConnection@929203894 wrapping org.postgresql.jdbc.PgConnection@251a90ce]
2026-09-01 16:37:18.865 [PhotoProcessor-1] DEBUG [N/A] [N/A] org.hibernate.SQL - 
    update
        photo 
    set
        status=?,
        updated_at=cast(? as timestamp(6) with time zone) 
    where
        id=?
2026-09-01 16:37:18.867 [PhotoProcessor-1] INFO  [N/A] [N/A] r.s.s.d.s.AsyncPhotoProcessingExecutor - Сменен статус фото 834ff72e-3318-447b-896d-aa2aa755c84c на PROCESSING
2026-09-01 16:37:18.868 [PhotoProcessor-1] DEBUG [N/A] [N/A] org.hibernate.SQL - 
    select
        a1_0.id,
        a1_0.completed_at,
        a1_0.photo_id,
        a1_0.requested_at,
        a1_0.result,
        a1_0.status 
    from
        analysis a1_0 
    where
        a1_0.id=?
2026-09-01 16:37:18.879 [PhotoProcessor-1] DEBUG [N/A] [N/A] org.hibernate.SQL - 
    insert 
    into
        analysis
        (completed_at,photo_id,requested_at,result,status,id) 
    values
        (?,?,?,?,?,?)
2026-09-01 16:37:18.889 [PhotoProcessor-1] INFO  [N/A] [N/A] r.s.s.d.s.AsyncPhotoProcessingExecutor - Сформирован запрос к ML сервису для фото: 834ff72e-3318-447b-896d-aa2aa755c84c, размером: 33095 байт
2026-09-01 16:37:18.889 [PhotoProcessor-1] INFO  [N/A] [N/A] r.s.s.d.s.AsyncPhotoProcessingExecutor - Вызов ML анализа фото: 834ff72e-3318-447b-896d-aa2aa755c84c
2026-09-01 16:37:18.889 [PhotoProcessor-1] INFO  [N/A] [N/A] ru.startup.skinscan.ML.StubMLClient - Заглушка ML: Анализ фото: 834ff72e-3318-447b-896d-aa2aa755c84c
2026-09-01 16:37:23.573 [PhotoProcessor-1] INFO  [N/A] [N/A] ru.startup.skinscan.ML.StubMLClient - Заглушка ML: Фото: 834ff72e-3318-447b-896d-aa2aa755c84c обработано за 4684 ms
2026-09-01 16:37:23.574 [PhotoProcessor-1] INFO  [N/A] [N/A] r.s.s.d.s.AsyncPhotoProcessingExecutor - ML анализ фото: 834ff72e-3318-447b-896d-aa2aa755c84c, завершен за время: 4685ms
2026-09-01 16:37:23.591 [PhotoProcessor-1] DEBUG [N/A] [N/A] org.hibernate.SQL - 
    update
        analysis 
    set
        result=?,
        status=?,
        completed_at=cast(? as timestamp(6) with time zone) 
    where
        id=?
2026-09-01 16:37:23.621 [PhotoProcessor-1] DEBUG [N/A] [N/A] org.hibernate.SQL - 
    update
        photo 
    set
        status=?,
        updated_at=cast(? as timestamp(6) with time zone) 
    where
        id=?
2026-09-01 16:37:23.627 [PhotoProcessor-1] INFO  [N/A] [N/A] r.s.s.d.s.AsyncPhotoProcessingExecutor - Анализ фото 834ff72e-3318-447b-896d-aa2aa755c84c успешно завершен
2026-09-01 16:39:07.281 [scheduling-1] DEBUG [N/A] [N/A] r.s.s.s.PhotoRecoveryScheduler - Запуск проверки и обработки зависших фотографий
2026-09-01 16:39:07.287 [scheduling-1] DEBUG [N/A] [N/A] org.hibernate.SQL - 
    select
        p1_0.id,
        p1_0.created_at,
        p1_0.file_name,
        p1_0.file_size_bytes,
        p1_0.mime_type,
        p1_0.status,
        p1_0.storage_file_path,
        p1_0.updated_at,
        p1_0.user_id 
    from
        photo p1_0 
    where
        p1_0.status=? 
        and p1_0.created_at<cast(? as timestamp(6) with time zone)
2026-09-01 16:39:07.291 [scheduling-1] DEBUG [N/A] [N/A] r.s.s.s.PhotoRecoveryScheduler - Зависшие фотографии не найдены
2026-09-01 16:39:26.494 [SpringApplicationShutdownHook] INFO  [N/A] [N/A] o.s.o.j.LocalContainerEntityManagerFactoryBean - Closing JPA EntityManagerFactory for persistence unit 'default'
2026-09-01 16:39:26.497 [SpringApplicationShutdownHook] INFO  [N/A] [N/A] com.zaxxer.hikari.HikariDataSource - HikariPool-1 - Shutdown initiated...
2026-09-01 16:39:26.500 [SpringApplicationShutdownHook] INFO  [N/A] [N/A] com.zaxxer.hikari.HikariDataSource - HikariPool-1 - Shutdown completed.
2026-09-01 16:50:35.869 [background-preinit] INFO  [N/A] [N/A] o.h.validator.internal.util.Version - HV000001: Hibernate Validator 8.0.1.Final
2026-09-01 16:50:35.909 [main] INFO  [N/A] [N/A] ru.startup.skinscan.Main - Starting Main using Java 21.0.10 with PID 16992 (C:\Users\ferdi\IdeaProjects\SkinScan\build\classes\java\main started by ferdi in C:\Users\ferdi\IdeaProjects\SkinScan)
2026-09-01 16:50:35.910 [main] DEBUG [N/A] [N/A] ru.startup.skinscan.Main - Running with Spring Boot v3.1.12, Spring v6.0.21
2026-09-01 16:50:35.911 [main] INFO  [N/A] [N/A] ru.startup.skinscan.Main - The following 1 profile is active: "local"
2026-09-01 16:50:36.885 [main] INFO  [N/A] [N/A] o.s.d.r.c.RepositoryConfigurationDelegate - Bootstrapping Spring Data JPA repositories in DEFAULT mode.
2026-09-01 16:50:37.067 [main] INFO  [N/A] [N/A] o.s.d.r.c.RepositoryConfigurationDelegate - Finished Spring Data repository scanning in 153 ms. Found 3 JPA repository interfaces.
2026-09-01 16:50:37.651 [main] INFO  [N/A] [N/A] o.s.b.w.e.tomcat.TomcatWebServer - Tomcat initialized with port(s): 8080 (http)
2026-09-01 16:50:37.659 [main] INFO  [N/A] [N/A] o.a.coyote.http11.Http11NioProtocol - Initializing ProtocolHandler ["http-nio-8080"]
2026-09-01 16:50:37.660 [main] INFO  [N/A] [N/A] o.a.catalina.core.StandardService - Starting service [Tomcat]
2026-09-01 16:50:37.660 [main] INFO  [N/A] [N/A] o.a.catalina.core.StandardEngine - Starting Servlet engine: [Apache Tomcat/10.1.24]
2026-09-01 16:50:37.773 [main] INFO  [N/A] [N/A] o.a.c.c.C.[Tomcat].[localhost].[/] - Initializing Spring embedded WebApplicationContext
2026-09-01 16:50:37.773 [main] INFO  [N/A] [N/A] o.s.b.w.s.c.ServletWebServerApplicationContext - Root WebApplicationContext: initialization completed in 1811 ms
2026-09-01 16:50:37.795 [main] INFO  [N/A] [N/A] r.s.s.s.r.RateLimiterInMemory - RateLimiter инициализирован с интервалом очистки: 300с
2026-09-01 16:50:37.996 [main] DEBUG [N/A] [N/A] o.f.c.i.s.classpath.ClassPathScanner - Scanning for classpath resources at 'classpath:db/callback' ...
2026-09-01 16:50:37.996 [main] DEBUG [N/A] [N/A] o.f.c.i.s.classpath.ClassPathScanner - Determining location urls for classpath:db/callback using ClassLoader TomcatEmbeddedWebappClassLoader
  context: ROOT
  delegate: true
----------> Parent Classloader:
jdk.internal.loader.ClassLoaders$AppClassLoader@3fee733d
 ...
2026-09-01 16:50:37.996 [main] DEBUG [N/A] [N/A] o.f.c.i.s.classpath.ClassPathScanner - Unable to resolve location classpath:db/callback.
2026-09-01 16:50:37.996 [main] DEBUG [N/A] [N/A] o.f.c.i.s.classpath.ClassPathScanner - Scanning for classpath resources at 'classpath:db/migration' ...
2026-09-01 16:50:37.997 [main] DEBUG [N/A] [N/A] o.f.c.i.s.classpath.ClassPathScanner - Determining location urls for classpath:db/migration using ClassLoader TomcatEmbeddedWebappClassLoader
  context: ROOT
  delegate: true
----------> Parent Classloader:
jdk.internal.loader.ClassLoaders$AppClassLoader@3fee733d
 ...
2026-09-01 16:50:37.997 [main] DEBUG [N/A] [N/A] o.f.c.i.s.classpath.ClassPathScanner - Scanning URL: file:/C:/Users/ferdi/IdeaProjects/SkinScan/build/resources/main/db/migration
2026-09-01 16:50:37.998 [main] DEBUG [N/A] [N/A] o.f.c.i.s.c.FileSystemClassPathLocationScanner - Scanning starting at classpath root in filesystem: C:\Users\ferdi\IdeaProjects\SkinScan\build\resources\main\
2026-09-01 16:50:37.999 [main] DEBUG [N/A] [N/A] o.f.c.i.s.c.FileSystemClassPathLocationScanner - Scanning for resources in path: C:\Users\ferdi\IdeaProjects\SkinScan\build\resources\main\db\migration (db/migration)
2026-09-01 16:50:38.000 [main] DEBUG [N/A] [N/A] o.f.c.i.s.classpath.ClassPathScanner - Found resource: db/migration/V1__create_users_table.sql
2026-09-01 16:50:38.001 [main] DEBUG [N/A] [N/A] o.f.c.i.s.classpath.ClassPathScanner - Found resource: db/migration/V2__create_photo_table.sql
2026-09-01 16:50:38.001 [main] DEBUG [N/A] [N/A] o.f.c.i.s.classpath.ClassPathScanner - Found resource: db/migration/V3__create_analysis_table.sql
2026-09-01 16:50:38.001 [main] DEBUG [N/A] [N/A] o.f.c.i.s.classpath.ClassPathScanner - Found resource: db/migration/V4__add_index.sql
2026-09-01 16:50:38.001 [main] DEBUG [N/A] [N/A] o.f.c.i.s.classpath.ClassPathScanner - Scanning for classes at classpath:db/migration
2026-09-01 16:50:38.003 [main] DEBUG [N/A] [N/A] o.f.c.i.r.ResourceNameValidator - Validating V2__create_photo_table.sql
2026-09-01 16:50:38.008 [main] INFO  [N/A] [N/A] com.zaxxer.hikari.HikariDataSource - HikariPool-1 - Starting...
2026-09-01 16:50:38.210 [main] INFO  [N/A] [N/A] com.zaxxer.hikari.pool.HikariPool - HikariPool-1 - Added connection org.postgresql.jdbc.PgConnection@56fda064
2026-09-01 16:50:38.212 [main] INFO  [N/A] [N/A] com.zaxxer.hikari.HikariDataSource - HikariPool-1 - Start completed.
2026-09-01 16:50:38.241 [main] DEBUG [N/A] [N/A] o.f.c.i.r.ResourceNameValidator - Validating V1__create_users_table.sql
2026-09-01 16:50:38.241 [main] DEBUG [N/A] [N/A] o.f.c.i.r.ResourceNameValidator - Validating V4__add_index.sql
2026-09-01 16:50:38.242 [main] DEBUG [N/A] [N/A] o.f.c.i.r.ResourceNameValidator - Validating V3__create_analysis_table.sql
2026-09-01 16:50:38.250 [main] DEBUG [N/A] [N/A] o.f.c.i.d.DatabaseTypeRegister - Multiple databases found that handle url 'jdbc:postgresql://localhost:5432/skinScan': CockroachDB,PostgreSQL
2026-09-01 16:50:38.250 [main] INFO  [N/A] [N/A] org.flywaydb.core.FlywayExecutor - Database: jdbc:postgresql://localhost:5432/skinScan (PostgreSQL 18.1)
2026-09-01 16:50:38.250 [main] DEBUG [N/A] [N/A] org.flywaydb.core.FlywayExecutor - Database Type: PostgreSQL
2026-09-01 16:50:38.250 [main] DEBUG [N/A] [N/A] org.flywaydb.core.FlywayExecutor - Driver: PostgreSQL JDBC Driver 42.7.11
2026-09-01 16:50:38.251 [main] DEBUG [N/A] [N/A] org.flywaydb.core.FlywayExecutor - DDL Transactions Supported: true
2026-09-01 16:50:38.253 [main] DEBUG [N/A] [N/A] o.f.c.i.s.SchemaHistoryFactory - Schemas: 
2026-09-01 16:50:38.254 [main] DEBUG [N/A] [N/A] o.f.c.i.s.SchemaHistoryFactory - Default schema: null
2026-09-01 16:50:38.265 [main] WARN  [N/A] [N/A] o.f.c.i.database.base.Database - Flyway upgrade recommended: PostgreSQL 18.1 is newer than this version of Flyway and support has not been tested. The latest supported version of PostgreSQL is 16.
2026-09-01 16:50:38.267 [main] DEBUG [N/A] [N/A] o.f.c.i.c.SqlScriptCallbackFactory - Scanning for SQL callbacks ...
2026-09-01 16:50:38.281 [main] DEBUG [N/A] [N/A] o.f.core.internal.command.DbValidate - Validating migrations ...
2026-09-01 16:50:38.283 [main] DEBUG [N/A] [N/A] o.f.c.a.c.ClassicConfiguration - CherryPickConfigurationExtension not found
2026-09-01 16:50:38.301 [main] DEBUG [N/A] [N/A] o.f.core.internal.scanner.Scanner - Filtering out resource: db/migration/V2__create_photo_table.sql (filename: V2__create_photo_table.sql)
2026-09-01 16:50:38.302 [main] DEBUG [N/A] [N/A] o.f.core.internal.scanner.Scanner - Filtering out resource: db/migration/V1__create_users_table.sql (filename: V1__create_users_table.sql)
2026-09-01 16:50:38.302 [main] DEBUG [N/A] [N/A] o.f.core.internal.scanner.Scanner - Filtering out resource: db/migration/V4__add_index.sql (filename: V4__add_index.sql)
2026-09-01 16:50:38.302 [main] DEBUG [N/A] [N/A] o.f.core.internal.scanner.Scanner - Filtering out resource: db/migration/V3__create_analysis_table.sql (filename: V3__create_analysis_table.sql)
2026-09-01 16:50:38.303 [main] DEBUG [N/A] [N/A] o.f.core.internal.scanner.Scanner - Filtering out resource: db/migration/V2__create_photo_table.sql (filename: V2__create_photo_table.sql)
2026-09-01 16:50:38.303 [main] DEBUG [N/A] [N/A] o.f.core.internal.scanner.Scanner - Filtering out resource: db/migration/V1__create_users_table.sql (filename: V1__create_users_table.sql)
2026-09-01 16:50:38.303 [main] DEBUG [N/A] [N/A] o.f.core.internal.scanner.Scanner - Filtering out resource: db/migration/V4__add_index.sql (filename: V4__add_index.sql)
2026-09-01 16:50:38.303 [main] DEBUG [N/A] [N/A] o.f.core.internal.scanner.Scanner - Filtering out resource: db/migration/V3__create_analysis_table.sql (filename: V3__create_analysis_table.sql)
2026-09-01 16:50:38.334 [main] INFO  [N/A] [N/A] o.f.core.internal.command.DbValidate - Successfully validated 4 migrations (execution time 00:00.050s)
2026-09-01 16:50:38.337 [main] DEBUG [N/A] [N/A] o.f.core.internal.command.DbSchemas - Skipping creation of existing schema: "public"
2026-09-01 16:50:38.373 [main] DEBUG [N/A] [N/A] o.f.c.a.c.ClassicConfiguration - CherryPickConfigurationExtension not found
2026-09-01 16:50:38.375 [main] INFO  [N/A] [N/A] o.f.core.internal.command.DbMigrate - Current version of schema "public": 4
2026-09-01 16:50:38.377 [main] INFO  [N/A] [N/A] o.f.core.internal.command.DbMigrate - Schema "public" is up to date. No migration necessary.
2026-09-01 16:50:38.381 [main] DEBUG [N/A] [N/A] org.flywaydb.core.FlywayExecutor - Memory usage: 47 of 88M
2026-09-01 16:50:38.442 [main] DEBUG [N/A] [N/A] o.s.jdbc.datasource.DataSourceUtils - Fetching JDBC Connection from DataSource
2026-09-01 16:50:38.479 [main] INFO  [N/A] [N/A] o.h.jpa.internal.util.LogHelper - HHH000204: Processing PersistenceUnitInfo [name: default]
2026-09-01 16:50:38.538 [main] INFO  [N/A] [N/A] org.hibernate.Version - HHH000412: Hibernate ORM core version 6.2.25.Final
2026-09-01 16:50:38.541 [main] INFO  [N/A] [N/A] org.hibernate.cfg.Environment - HHH000406: Using bytecode reflection optimizer
2026-09-01 16:50:38.899 [main] INFO  [N/A] [N/A] o.s.o.j.p.SpringPersistenceUnitInfo - No LoadTimeWeaver setup: ignoring JPA class transformer
2026-09-01 16:50:39.771 [main] INFO  [N/A] [N/A] o.h.e.t.j.p.i.JtaPlatformInitiator - HHH000489: No JTA platform available (set 'hibernate.transaction.jta.platform' to enable JTA platform integration)
2026-09-01 16:50:39.777 [main] INFO  [N/A] [N/A] o.s.o.j.LocalContainerEntityManagerFactoryBean - Initialized JPA EntityManagerFactory for persistence unit 'default'
2026-09-01 16:50:39.988 [main] INFO  [N/A] [N/A] o.s.d.j.r.query.QueryEnhancerFactory - Hibernate is in classpath; If applicable, HQL parser will be used.
2026-09-01 16:50:40.464 [main] DEBUG [N/A] [N/A] r.s.s.s.filter.RateLimiterFilter - Filter 'rateLimiterFilter' configured for use
2026-09-01 16:50:40.464 [main] DEBUG [N/A] [N/A] r.s.skinscan.config.MdcLoggingFilter - Filter 'mdcLoggingFilter' configured for use
2026-09-01 16:50:40.546 [main] INFO  [N/A] [N/A] r.s.s.d.s.LocalFileStorageService - Инициализация локального хранилища фотографий с начальным путем: C:\Users\ferdi/data/uploads
2026-09-01 16:50:40.548 [main] INFO  [N/A] [N/A] r.s.s.d.s.LocalFileStorageService - Инициализация локального хранилища фотографий успешна завершена!
2026-09-01 16:50:40.601 [main] INFO  [N/A] [N/A] r.s.skinscan.config.AsyncConfig - Photo Task Executor запущен: базовое кол-во потоков=5, максимальное кол-во потоков=10, размер очереди ожидания=100
2026-09-01 16:50:40.603 [main] INFO  [N/A] [N/A] r.s.skinscan.config.AsyncConfig - Recovery Task Executor запущен
2026-09-01 16:50:40.734 [main] WARN  [N/A] [N/A] o.s.b.a.o.j.JpaBaseConfiguration$JpaWebConfiguration - spring.jpa.open-in-view is enabled by default. Therefore, database queries may be performed during view rendering. Explicitly configure spring.jpa.open-in-view to disable this warning
2026-09-01 16:50:40.745 [main] DEBUG [N/A] [N/A] o.s.s.c.a.a.c.AuthenticationConfiguration$DefaultPasswordEncoderAuthenticationManagerBuilder - No authenticationProviders and no parentAuthenticationManager defined. Returning null.
2026-09-01 16:50:40.929 [main] INFO  [N/A] [N/A] o.s.s.web.DefaultSecurityFilterChain - Will secure any request with [org.springframework.security.web.session.DisableEncodeUrlFilter@4e4ee99, org.springframework.security.web.context.request.async.WebAsyncManagerIntegrationFilter@4eaf08f4, org.springframework.security.web.context.SecurityContextHolderFilter@4ec1192f, org.springframework.security.web.header.HeaderWriterFilter@1b1434ce, org.springframework.web.filter.CorsFilter@78405f00, org.springframework.security.web.authentication.logout.LogoutFilter@7a90796c, ru.startup.skinscan.security.filter.RateLimiterFilter@66d62c59, org.springframework.security.web.authentication.www.BasicAuthenticationFilter@439c706, org.springframework.security.web.savedrequest.RequestCacheAwareFilter@3653bb61, org.springframework.security.web.servletapi.SecurityContextHolderAwareRequestFilter@10c95d9b, org.springframework.security.web.authentication.AnonymousAuthenticationFilter@295f115d, org.springframework.security.web.session.SessionManagementFilter@4f1150f5, org.springframework.security.web.access.ExceptionTranslationFilter@3aaeb65b, org.springframework.security.web.access.intercept.AuthorizationFilter@2526ecb7]
2026-09-01 16:50:41.288 [main] INFO  [N/A] [N/A] o.a.coyote.http11.Http11NioProtocol - Starting ProtocolHandler ["http-nio-8080"]
2026-09-01 16:50:41.303 [main] INFO  [N/A] [N/A] o.s.b.w.e.tomcat.TomcatWebServer - Tomcat started on port(s): 8080 (http) with context path ''
2026-09-01 16:50:41.313 [main] INFO  [N/A] [N/A] ru.startup.skinscan.Main - Started Main in 6.076 seconds (process running for 6.911)
2026-09-01 16:50:41.317 [scheduling-1] DEBUG [N/A] [N/A] r.s.s.s.PhotoRecoveryScheduler - Запуск проверки и обработки зависших фотографий
2026-09-01 16:50:41.376 [scheduling-1] DEBUG [N/A] [N/A] org.hibernate.SQL - 
    select
        p1_0.id,
        p1_0.created_at,
        p1_0.file_name,
        p1_0.file_size_bytes,
        p1_0.mime_type,
        p1_0.status,
        p1_0.storage_file_path,
        p1_0.updated_at,
        p1_0.user_id 
    from
        photo p1_0 
    where
        p1_0.status=? 
        and p1_0.created_at<cast(? as timestamp(6) with time zone)
2026-09-01 16:50:41.383 [scheduling-1] DEBUG [N/A] [N/A] r.s.s.s.PhotoRecoveryScheduler - Зависшие фотографии не найдены
2026-09-01 16:50:43.599 [http-nio-8080-exec-1] INFO  [N/A] [N/A] o.a.c.c.C.[Tomcat].[localhost].[/] - Initializing Spring DispatcherServlet 'dispatcherServlet'
2026-09-01 16:50:43.600 [http-nio-8080-exec-1] INFO  [N/A] [N/A] o.s.web.servlet.DispatcherServlet - Initializing Servlet 'dispatcherServlet'
2026-09-01 16:50:43.601 [http-nio-8080-exec-1] INFO  [N/A] [N/A] o.s.web.servlet.DispatcherServlet - Completed initialization in 1 ms
2026-09-01 16:50:43.627 [http-nio-8080-exec-1] DEBUG [N/A] [N/A] o.s.security.web.FilterChainProxy - Securing POST /skinScan/photos/upload
2026-09-01 16:50:43.660 [http-nio-8080-exec-1] DEBUG [N/A] [N/A] org.hibernate.SQL - 
    select
        u1_0.id,
        u1_0.created_at,
        u1_0.email,
        u1_0.login,
        u1_0.password,
        u1_0.phone,
        u1_0.updated_at 
    from
        users u1_0 
    where
        u1_0.login=?
2026-09-01 16:50:44.138 [http-nio-8080-exec-1] DEBUG [N/A] [N/A] org.hibernate.SQL - 
    select
        u1_0.id 
    from
        users u1_0 
    where
        u1_0.login=?
2026-09-01 16:50:44.568 [http-nio-8080-exec-1] INFO  [N/A] [N/A] r.s.s.s.s.CustomUserDetailsService - Поиск пользователя с логином: Andrey600
2026-09-01 16:50:44.570 [http-nio-8080-exec-1] DEBUG [N/A] [N/A] org.hibernate.SQL - 
    select
        u1_0.id,
        u1_0.created_at,
        u1_0.email,
        u1_0.login,
        u1_0.password,
        u1_0.phone,
        u1_0.updated_at 
    from
        users u1_0 
    where
        u1_0.login=?
2026-09-01 16:50:44.573 [http-nio-8080-exec-1] INFO  [N/A] [N/A] r.s.s.s.s.CustomUserDetailsService - Найден пользователь: Andrey600, пароль: $2a$12$82L1ISHBmtE5Mz8Sna4Kr.OxWw0qFyPc2rdTy8Pr6YSNBBPgoLaiK
2026-09-01 16:50:45.018 [http-nio-8080-exec-1] DEBUG [N/A] [N/A] o.s.s.a.d.DaoAuthenticationProvider - Authenticated user
2026-09-01 16:50:45.019 [http-nio-8080-exec-1] DEBUG [N/A] [N/A] o.s.s.w.a.w.BasicAuthenticationFilter - Set SecurityContextHolder to UsernamePasswordAuthenticationToken [Principal=org.springframework.security.core.userdetails.User [Username=Andrey600, Password=[PROTECTED], Enabled=true, AccountNonExpired=true, credentialsNonExpired=true, AccountNonLocked=true, Granted Authorities=[]], Credentials=[PROTECTED], Authenticated=true, Details=WebAuthenticationDetails [RemoteIpAddress=127.0.0.1, SessionId=null], Granted Authorities=[]]
2026-09-01 16:50:45.020 [http-nio-8080-exec-1] DEBUG [N/A] [N/A] o.s.security.web.FilterChainProxy - Secured POST /skinScan/photos/upload
2026-09-01 16:50:45.200 [http-nio-8080-exec-1] DEBUG [84cccaaa-b1f3-44d3-aae9-eba171a6767b] [NO_SESSION] r.s.s.d.s.LocalFileStorageService - Файл сохранится в директории: C:\Users\ferdi\data\uploads\805dc\2026\09\c55a82db-dff6-42d1-afce-49d77c7ed80f.jpg, с временной директорией: C:\Users\ferdi\data\uploads\805dc\2026\09\temp\.c55a82db-dff6-42d1-afce-49d77c7ed80f.jpg.tmp
2026-09-01 16:50:45.207 [http-nio-8080-exec-1] INFO  [84cccaaa-b1f3-44d3-aae9-eba171a6767b] [NO_SESSION] r.s.s.d.s.LocalFileStorageService - Файл успешно сохранен: 805dc/2026/09/c55a82db-dff6-42d1-afce-49d77c7ed80f.jpg, с размером: 33095 байт
2026-09-01 16:50:45.207 [http-nio-8080-exec-1] INFO  [84cccaaa-b1f3-44d3-aae9-eba171a6767b] [NO_SESSION] r.s.s.d.service.PhotoServiceImpl - Фото сохранено в хранилище
2026-09-01 16:50:45.221 [http-nio-8080-exec-1] DEBUG [84cccaaa-b1f3-44d3-aae9-eba171a6767b] [NO_SESSION] org.hibernate.SQL - 
    select
        p1_0.id,
        p1_0.created_at,
        p1_0.file_name,
        p1_0.file_size_bytes,
        p1_0.mime_type,
        p1_0.status,
        p1_0.storage_file_path,
        p1_0.updated_at,
        p1_0.user_id 
    from
        photo p1_0 
    where
        p1_0.id=?
2026-09-01 16:50:45.242 [http-nio-8080-exec-1] INFO  [84cccaaa-b1f3-44d3-aae9-eba171a6767b] [NO_SESSION] r.s.s.d.service.PhotoServiceImpl - Метаданные фото 5ad35b52-8bbc-4171-a5d4-9eb03f15199c сохранены в БД
2026-09-01 16:50:45.245 [http-nio-8080-exec-1] INFO  [84cccaaa-b1f3-44d3-aae9-eba171a6767b] [NO_SESSION] r.s.s.d.service.PhotoServiceImpl - Запуск асинхронной обработки фото 5ad35b52-8bbc-4171-a5d4-9eb03f15199c
2026-09-01 16:50:45.247 [PhotoProcessor-1] INFO  [N/A] [N/A] r.s.s.d.s.AsyncPhotoProcessingExecutor - Запущен асинхронный процесс с фото: 5ad35b52-8bbc-4171-a5d4-9eb03f15199c, пользователя: 64641147-39de-45f8-a11f-7f57eb2805dc
2026-09-01 16:50:45.269 [http-nio-8080-exec-1] DEBUG [84cccaaa-b1f3-44d3-aae9-eba171a6767b] [NO_SESSION] org.hibernate.SQL - 
    insert 
    into
        photo
        (created_at,file_name,file_size_bytes,mime_type,status,storage_file_path,updated_at,user_id,id) 
    values
        (?,?,?,?,?,?,?,?,?)
2026-09-01 16:50:46.257 [PhotoProcessor-1] DEBUG [N/A] [N/A] o.s.jdbc.datasource.DataSourceUtils - Setting JDBC Connection [HikariProxyConnection@707377336 wrapping org.postgresql.jdbc.PgConnection@56fda064] read-only
2026-09-01 16:50:46.260 [PhotoProcessor-1] DEBUG [N/A] [N/A] org.hibernate.SQL - 
    select
        p1_0.id,
        p1_0.created_at,
        p1_0.file_name,
        p1_0.file_size_bytes,
        p1_0.mime_type,
        p1_0.status,
        p1_0.storage_file_path,
        p1_0.updated_at,
        p1_0.user_id 
    from
        photo p1_0 
    where
        p1_0.id=?
2026-09-01 16:50:46.263 [PhotoProcessor-1] DEBUG [N/A] [N/A] o.s.jdbc.datasource.DataSourceUtils - Resetting read-only flag of JDBC Connection [HikariProxyConnection@707377336 wrapping org.postgresql.jdbc.PgConnection@56fda064]
2026-09-01 16:50:46.276 [PhotoProcessor-1] DEBUG [N/A] [N/A] org.hibernate.SQL - 
    update
        photo 
    set
        status=?,
        updated_at=cast(? as timestamp(6) with time zone) 
    where
        id=?
2026-09-01 16:50:46.279 [PhotoProcessor-1] INFO  [N/A] [N/A] r.s.s.d.s.AsyncPhotoProcessingExecutor - Сменен статус фото 5ad35b52-8bbc-4171-a5d4-9eb03f15199c на PROCESSING
2026-09-01 16:50:46.282 [PhotoProcessor-1] DEBUG [N/A] [N/A] org.hibernate.SQL - 
    select
        a1_0.id,
        a1_0.completed_at,
        a1_0.photo_id,
        a1_0.requested_at,
        a1_0.result,
        a1_0.status 
    from
        analysis a1_0 
    where
        a1_0.id=?
2026-09-01 16:50:46.295 [PhotoProcessor-1] DEBUG [N/A] [N/A] org.hibernate.SQL - 
    insert 
    into
        analysis
        (completed_at,photo_id,requested_at,result,status,id) 
    values
        (?,?,?,?,?,?)
2026-09-01 16:50:46.304 [PhotoProcessor-1] INFO  [N/A] [N/A] r.s.s.d.s.AsyncPhotoProcessingExecutor - Сформирован запрос к ML сервису для фото: 5ad35b52-8bbc-4171-a5d4-9eb03f15199c, размером: 33095 байт
2026-09-01 16:50:46.305 [PhotoProcessor-1] INFO  [N/A] [N/A] r.s.s.d.s.AsyncPhotoProcessingExecutor - Вызов ML анализа фото: 5ad35b52-8bbc-4171-a5d4-9eb03f15199c
2026-09-01 16:50:46.305 [PhotoProcessor-1] INFO  [N/A] [N/A] ru.startup.skinscan.ML.StubMLClient - Заглушка ML: Анализ фото: 5ad35b52-8bbc-4171-a5d4-9eb03f15199c
2026-09-01 16:50:49.908 [PhotoProcessor-1] INFO  [N/A] [N/A] ru.startup.skinscan.ML.StubMLClient - Заглушка ML: Фото: 5ad35b52-8bbc-4171-a5d4-9eb03f15199c обработано за 3603 ms
2026-09-01 16:50:49.910 [PhotoProcessor-1] INFO  [N/A] [N/A] r.s.s.d.s.AsyncPhotoProcessingExecutor - ML анализ фото: 5ad35b52-8bbc-4171-a5d4-9eb03f15199c, завершен за время: 3604ms
2026-09-01 16:50:49.927 [PhotoProcessor-1] DEBUG [N/A] [N/A] org.hibernate.SQL - 
    update
        analysis 
    set
        result=?,
        status=?,
        completed_at=cast(? as timestamp(6) with time zone) 
    where
        id=?
2026-09-01 16:50:49.943 [PhotoProcessor-1] DEBUG [N/A] [N/A] org.hibernate.SQL - 
    update
        photo 
    set
        status=?,
        updated_at=cast(? as timestamp(6) with time zone) 
    where
        id=?
2026-09-01 16:50:49.944 [PhotoProcessor-1] INFO  [N/A] [N/A] r.s.s.d.s.AsyncPhotoProcessingExecutor - Анализ фото 5ad35b52-8bbc-4171-a5d4-9eb03f15199c успешно завершен
2026-09-01 16:51:04.787 [SpringApplicationShutdownHook] INFO  [N/A] [N/A] o.s.o.j.LocalContainerEntityManagerFactoryBean - Closing JPA EntityManagerFactory for persistence unit 'default'
2026-09-01 16:51:04.789 [SpringApplicationShutdownHook] INFO  [N/A] [N/A] com.zaxxer.hikari.HikariDataSource - HikariPool-1 - Shutdown initiated...
2026-09-01 16:51:04.794 [SpringApplicationShutdownHook] INFO  [N/A] [N/A] com.zaxxer.hikari.HikariDataSource - HikariPool-1 - Shutdown completed.
2026-09-01 16:55:14.775 [background-preinit] INFO  [N/A] [N/A] o.h.validator.internal.util.Version - HV000001: Hibernate Validator 8.0.1.Final
2026-09-01 16:55:14.812 [main] INFO  [N/A] [N/A] ru.startup.skinscan.Main - Starting Main using Java 21.0.10 with PID 9712 (C:\Users\ferdi\IdeaProjects\SkinScan\build\classes\java\main started by ferdi in C:\Users\ferdi\IdeaProjects\SkinScan)
2026-09-01 16:55:14.812 [main] DEBUG [N/A] [N/A] ru.startup.skinscan.Main - Running with Spring Boot v3.1.12, Spring v6.0.21
2026-09-01 16:55:14.813 [main] INFO  [N/A] [N/A] ru.startup.skinscan.Main - The following 1 profile is active: "local"
2026-09-01 16:55:15.736 [main] INFO  [N/A] [N/A] o.s.d.r.c.RepositoryConfigurationDelegate - Bootstrapping Spring Data JPA repositories in DEFAULT mode.
2026-09-01 16:55:15.820 [main] INFO  [N/A] [N/A] o.s.d.r.c.RepositoryConfigurationDelegate - Finished Spring Data repository scanning in 75 ms. Found 3 JPA repository interfaces.
2026-09-01 16:55:16.439 [main] INFO  [N/A] [N/A] o.s.b.w.e.tomcat.TomcatWebServer - Tomcat initialized with port(s): 8080 (http)
2026-09-01 16:55:16.455 [main] INFO  [N/A] [N/A] o.a.coyote.http11.Http11NioProtocol - Initializing ProtocolHandler ["http-nio-8080"]
2026-09-01 16:55:16.459 [main] INFO  [N/A] [N/A] o.a.catalina.core.StandardService - Starting service [Tomcat]
2026-09-01 16:55:16.459 [main] INFO  [N/A] [N/A] o.a.catalina.core.StandardEngine - Starting Servlet engine: [Apache Tomcat/10.1.24]
2026-09-01 16:55:16.579 [main] INFO  [N/A] [N/A] o.a.c.c.C.[Tomcat].[localhost].[/] - Initializing Spring embedded WebApplicationContext
2026-09-01 16:55:16.579 [main] INFO  [N/A] [N/A] o.s.b.w.s.c.ServletWebServerApplicationContext - Root WebApplicationContext: initialization completed in 1717 ms
2026-09-01 16:55:16.597 [main] INFO  [N/A] [N/A] r.s.s.s.r.RateLimiterInMemory - RateLimiter инициализирован с интервалом очистки: 300с
2026-09-01 16:55:16.818 [main] DEBUG [N/A] [N/A] o.f.c.i.s.classpath.ClassPathScanner - Scanning for classpath resources at 'classpath:db/callback' ...
2026-09-01 16:55:16.819 [main] DEBUG [N/A] [N/A] o.f.c.i.s.classpath.ClassPathScanner - Determining location urls for classpath:db/callback using ClassLoader TomcatEmbeddedWebappClassLoader
  context: ROOT
  delegate: true
----------> Parent Classloader:
jdk.internal.loader.ClassLoaders$AppClassLoader@3fee733d
 ...
2026-09-01 16:55:16.819 [main] DEBUG [N/A] [N/A] o.f.c.i.s.classpath.ClassPathScanner - Unable to resolve location classpath:db/callback.
2026-09-01 16:55:16.819 [main] DEBUG [N/A] [N/A] o.f.c.i.s.classpath.ClassPathScanner - Scanning for classpath resources at 'classpath:db/migration' ...
2026-09-01 16:55:16.819 [main] DEBUG [N/A] [N/A] o.f.c.i.s.classpath.ClassPathScanner - Determining location urls for classpath:db/migration using ClassLoader TomcatEmbeddedWebappClassLoader
  context: ROOT
  delegate: true
----------> Parent Classloader:
jdk.internal.loader.ClassLoaders$AppClassLoader@3fee733d
 ...
2026-09-01 16:55:16.820 [main] DEBUG [N/A] [N/A] o.f.c.i.s.classpath.ClassPathScanner - Scanning URL: file:/C:/Users/ferdi/IdeaProjects/SkinScan/build/resources/main/db/migration
2026-09-01 16:55:16.821 [main] DEBUG [N/A] [N/A] o.f.c.i.s.c.FileSystemClassPathLocationScanner - Scanning starting at classpath root in filesystem: C:\Users\ferdi\IdeaProjects\SkinScan\build\resources\main\
2026-09-01 16:55:16.822 [main] DEBUG [N/A] [N/A] o.f.c.i.s.c.FileSystemClassPathLocationScanner - Scanning for resources in path: C:\Users\ferdi\IdeaProjects\SkinScan\build\resources\main\db\migration (db/migration)
2026-09-01 16:55:16.823 [main] DEBUG [N/A] [N/A] o.f.c.i.s.classpath.ClassPathScanner - Found resource: db/migration/V1__create_users_table.sql
2026-09-01 16:55:16.824 [main] DEBUG [N/A] [N/A] o.f.c.i.s.classpath.ClassPathScanner - Found resource: db/migration/V2__create_photo_table.sql
2026-09-01 16:55:16.824 [main] DEBUG [N/A] [N/A] o.f.c.i.s.classpath.ClassPathScanner - Found resource: db/migration/V3__create_analysis_table.sql
2026-09-01 16:55:16.824 [main] DEBUG [N/A] [N/A] o.f.c.i.s.classpath.ClassPathScanner - Found resource: db/migration/V4__add_index.sql
2026-09-01 16:55:16.824 [main] DEBUG [N/A] [N/A] o.f.c.i.s.classpath.ClassPathScanner - Scanning for classes at classpath:db/migration
2026-09-01 16:55:16.827 [main] DEBUG [N/A] [N/A] o.f.c.i.r.ResourceNameValidator - Validating V2__create_photo_table.sql
2026-09-01 16:55:16.832 [main] INFO  [N/A] [N/A] com.zaxxer.hikari.HikariDataSource - HikariPool-1 - Starting...
2026-09-01 16:55:16.981 [main] INFO  [N/A] [N/A] com.zaxxer.hikari.pool.HikariPool - HikariPool-1 - Added connection org.postgresql.jdbc.PgConnection@4863c8ac
2026-09-01 16:55:16.983 [main] INFO  [N/A] [N/A] com.zaxxer.hikari.HikariDataSource - HikariPool-1 - Start completed.
2026-09-01 16:55:17.003 [main] DEBUG [N/A] [N/A] o.f.c.i.r.ResourceNameValidator - Validating V1__create_users_table.sql
2026-09-01 16:55:17.004 [main] DEBUG [N/A] [N/A] o.f.c.i.r.ResourceNameValidator - Validating V4__add_index.sql
2026-09-01 16:55:17.004 [main] DEBUG [N/A] [N/A] o.f.c.i.r.ResourceNameValidator - Validating V3__create_analysis_table.sql
2026-09-01 16:55:17.010 [main] DEBUG [N/A] [N/A] o.f.c.i.d.DatabaseTypeRegister - Multiple databases found that handle url 'jdbc:postgresql://localhost:5432/skinScan': CockroachDB,PostgreSQL
2026-09-01 16:55:17.011 [main] INFO  [N/A] [N/A] org.flywaydb.core.FlywayExecutor - Database: jdbc:postgresql://localhost:5432/skinScan (PostgreSQL 18.1)
2026-09-01 16:55:17.011 [main] DEBUG [N/A] [N/A] org.flywaydb.core.FlywayExecutor - Database Type: PostgreSQL
2026-09-01 16:55:17.011 [main] DEBUG [N/A] [N/A] org.flywaydb.core.FlywayExecutor - Driver: PostgreSQL JDBC Driver 42.7.11
2026-09-01 16:55:17.011 [main] DEBUG [N/A] [N/A] org.flywaydb.core.FlywayExecutor - DDL Transactions Supported: true
2026-09-01 16:55:17.013 [main] DEBUG [N/A] [N/A] o.f.c.i.s.SchemaHistoryFactory - Schemas: 
2026-09-01 16:55:17.013 [main] DEBUG [N/A] [N/A] o.f.c.i.s.SchemaHistoryFactory - Default schema: null
2026-09-01 16:55:17.019 [main] WARN  [N/A] [N/A] o.f.c.i.database.base.Database - Flyway upgrade recommended: PostgreSQL 18.1 is newer than this version of Flyway and support has not been tested. The latest supported version of PostgreSQL is 16.
2026-09-01 16:55:17.020 [main] DEBUG [N/A] [N/A] o.f.c.i.c.SqlScriptCallbackFactory - Scanning for SQL callbacks ...
2026-09-01 16:55:17.030 [main] DEBUG [N/A] [N/A] o.f.core.internal.command.DbValidate - Validating migrations ...
2026-09-01 16:55:17.034 [main] DEBUG [N/A] [N/A] o.f.c.a.c.ClassicConfiguration - CherryPickConfigurationExtension not found
2026-09-01 16:55:17.044 [main] DEBUG [N/A] [N/A] o.f.core.internal.scanner.Scanner - Filtering out resource: db/migration/V2__create_photo_table.sql (filename: V2__create_photo_table.sql)
2026-09-01 16:55:17.045 [main] DEBUG [N/A] [N/A] o.f.core.internal.scanner.Scanner - Filtering out resource: db/migration/V1__create_users_table.sql (filename: V1__create_users_table.sql)
2026-09-01 16:55:17.046 [main] DEBUG [N/A] [N/A] o.f.core.internal.scanner.Scanner - Filtering out resource: db/migration/V4__add_index.sql (filename: V4__add_index.sql)
2026-09-01 16:55:17.046 [main] DEBUG [N/A] [N/A] o.f.core.internal.scanner.Scanner - Filtering out resource: db/migration/V3__create_analysis_table.sql (filename: V3__create_analysis_table.sql)
2026-09-01 16:55:17.047 [main] DEBUG [N/A] [N/A] o.f.core.internal.scanner.Scanner - Filtering out resource: db/migration/V2__create_photo_table.sql (filename: V2__create_photo_table.sql)
2026-09-01 16:55:17.047 [main] DEBUG [N/A] [N/A] o.f.core.internal.scanner.Scanner - Filtering out resource: db/migration/V1__create_users_table.sql (filename: V1__create_users_table.sql)
2026-09-01 16:55:17.047 [main] DEBUG [N/A] [N/A] o.f.core.internal.scanner.Scanner - Filtering out resource: db/migration/V4__add_index.sql (filename: V4__add_index.sql)
2026-09-01 16:55:17.047 [main] DEBUG [N/A] [N/A] o.f.core.internal.scanner.Scanner - Filtering out resource: db/migration/V3__create_analysis_table.sql (filename: V3__create_analysis_table.sql)
2026-09-01 16:55:17.081 [main] INFO  [N/A] [N/A] o.f.core.internal.command.DbValidate - Successfully validated 4 migrations (execution time 00:00.049s)
2026-09-01 16:55:17.085 [main] DEBUG [N/A] [N/A] o.f.core.internal.command.DbSchemas - Skipping creation of existing schema: "public"
2026-09-01 16:55:17.154 [main] DEBUG [N/A] [N/A] o.f.c.a.c.ClassicConfiguration - CherryPickConfigurationExtension not found
2026-09-01 16:55:17.155 [main] INFO  [N/A] [N/A] o.f.core.internal.command.DbMigrate - Current version of schema "public": 4
2026-09-01 16:55:17.159 [main] INFO  [N/A] [N/A] o.f.core.internal.command.DbMigrate - Schema "public" is up to date. No migration necessary.
2026-09-01 16:55:17.162 [main] DEBUG [N/A] [N/A] org.flywaydb.core.FlywayExecutor - Memory usage: 47 of 88M
2026-09-01 16:55:17.202 [main] DEBUG [N/A] [N/A] o.s.jdbc.datasource.DataSourceUtils - Fetching JDBC Connection from DataSource
2026-09-01 16:55:17.228 [main] INFO  [N/A] [N/A] o.h.jpa.internal.util.LogHelper - HHH000204: Processing PersistenceUnitInfo [name: default]
2026-09-01 16:55:17.291 [main] INFO  [N/A] [N/A] org.hibernate.Version - HHH000412: Hibernate ORM core version 6.2.25.Final
2026-09-01 16:55:17.294 [main] INFO  [N/A] [N/A] org.hibernate.cfg.Environment - HHH000406: Using bytecode reflection optimizer
2026-09-01 16:55:17.710 [main] INFO  [N/A] [N/A] o.s.o.j.p.SpringPersistenceUnitInfo - No LoadTimeWeaver setup: ignoring JPA class transformer
2026-09-01 16:55:18.807 [main] INFO  [N/A] [N/A] o.h.e.t.j.p.i.JtaPlatformInitiator - HHH000489: No JTA platform available (set 'hibernate.transaction.jta.platform' to enable JTA platform integration)
2026-09-01 16:55:18.813 [main] INFO  [N/A] [N/A] o.s.o.j.LocalContainerEntityManagerFactoryBean - Initialized JPA EntityManagerFactory for persistence unit 'default'
2026-09-01 16:55:19.069 [main] INFO  [N/A] [N/A] o.s.d.j.r.query.QueryEnhancerFactory - Hibernate is in classpath; If applicable, HQL parser will be used.
2026-09-01 16:55:19.668 [main] DEBUG [N/A] [N/A] r.s.s.s.filter.RateLimiterFilter - Filter 'rateLimiterFilter' configured for use
2026-09-01 16:55:19.668 [main] DEBUG [N/A] [N/A] r.s.skinscan.config.MdcLoggingFilter - Filter 'mdcLoggingFilter' configured for use
2026-09-01 16:55:19.758 [main] INFO  [N/A] [N/A] r.s.s.d.s.LocalFileStorageService - Инициализация локального хранилища фотографий с начальным путем: C:\Users\ferdi/data/uploads
2026-09-01 16:55:19.760 [main] INFO  [N/A] [N/A] r.s.s.d.s.LocalFileStorageService - Инициализация локального хранилища фотографий успешна завершена!
2026-09-01 16:55:19.816 [main] INFO  [N/A] [N/A] r.s.skinscan.config.AsyncConfig - Photo Task Executor запущен: базовое кол-во потоков=5, максимальное кол-во потоков=10, размер очереди ожидания=100
2026-09-01 16:55:19.819 [main] INFO  [N/A] [N/A] r.s.skinscan.config.AsyncConfig - Recovery Task Executor запущен
2026-09-01 16:55:19.950 [main] WARN  [N/A] [N/A] o.s.b.a.o.j.JpaBaseConfiguration$JpaWebConfiguration - spring.jpa.open-in-view is enabled by default. Therefore, database queries may be performed during view rendering. Explicitly configure spring.jpa.open-in-view to disable this warning
2026-09-01 16:55:19.962 [main] DEBUG [N/A] [N/A] o.s.s.c.a.a.c.AuthenticationConfiguration$DefaultPasswordEncoderAuthenticationManagerBuilder - No authenticationProviders and no parentAuthenticationManager defined. Returning null.
2026-09-01 16:55:20.150 [main] INFO  [N/A] [N/A] o.s.s.web.DefaultSecurityFilterChain - Will secure any request with [org.springframework.security.web.session.DisableEncodeUrlFilter@17f4276b, org.springframework.security.web.context.request.async.WebAsyncManagerIntegrationFilter@786125a6, org.springframework.security.web.context.SecurityContextHolderFilter@3f60ba06, org.springframework.security.web.header.HeaderWriterFilter@4ee8ea84, org.springframework.web.filter.CorsFilter@53e6b541, org.springframework.security.web.authentication.logout.LogoutFilter@4602fa2f, ru.startup.skinscan.security.filter.RateLimiterFilter@61f18997, org.springframework.security.web.authentication.www.BasicAuthenticationFilter@a6cb2c9, org.springframework.security.web.savedrequest.RequestCacheAwareFilter@4d96c290, org.springframework.security.web.servletapi.SecurityContextHolderAwareRequestFilter@186f7553, org.springframework.security.web.authentication.AnonymousAuthenticationFilter@1548dc37, org.springframework.security.web.session.SessionManagementFilter@23972e02, org.springframework.security.web.access.ExceptionTranslationFilter@5327c503, org.springframework.security.web.access.intercept.AuthorizationFilter@35ca0dac]
2026-09-01 16:55:20.479 [main] INFO  [N/A] [N/A] o.a.coyote.http11.Http11NioProtocol - Starting ProtocolHandler ["http-nio-8080"]
2026-09-01 16:55:20.510 [main] INFO  [N/A] [N/A] o.s.b.w.e.tomcat.TomcatWebServer - Tomcat started on port(s): 8080 (http) with context path ''
2026-09-01 16:55:20.526 [main] INFO  [N/A] [N/A] ru.startup.skinscan.Main - Started Main in 6.334 seconds (process running for 7.212)
2026-09-01 16:55:20.535 [scheduling-1] DEBUG [N/A] [N/A] r.s.s.s.PhotoRecoveryScheduler - Запуск проверки и обработки зависших фотографий
2026-09-01 16:55:20.658 [scheduling-1] DEBUG [N/A] [N/A] org.hibernate.SQL - 
    select
        p1_0.id,
        p1_0.created_at,
        p1_0.file_name,
        p1_0.file_size_bytes,
        p1_0.mime_type,
        p1_0.status,
        p1_0.storage_file_path,
        p1_0.updated_at,
        p1_0.user_id 
    from
        photo p1_0 
    where
        p1_0.status=? 
        and p1_0.created_at<cast(? as timestamp(6) with time zone)
2026-09-01 16:55:20.668 [scheduling-1] DEBUG [N/A] [N/A] r.s.s.s.PhotoRecoveryScheduler - Зависшие фотографии не найдены
2026-09-01 16:55:23.374 [SpringApplicationShutdownHook] INFO  [N/A] [N/A] o.s.o.j.LocalContainerEntityManagerFactoryBean - Closing JPA EntityManagerFactory for persistence unit 'default'
2026-09-01 16:55:23.378 [SpringApplicationShutdownHook] INFO  [N/A] [N/A] com.zaxxer.hikari.HikariDataSource - HikariPool-1 - Shutdown initiated...
2026-09-01 16:55:23.384 [SpringApplicationShutdownHook] INFO  [N/A] [N/A] com.zaxxer.hikari.HikariDataSource - HikariPool-1 - Shutdown completed.
2026-09-01 22:11:32.364 [background-preinit] INFO  [N/A] [N/A] o.h.validator.internal.util.Version - HV000001: Hibernate Validator 8.0.1.Final
2026-09-01 22:11:32.411 [main] INFO  [N/A] [N/A] ru.startup.skinscan.Main - Starting Main using Java 21.0.10 with PID 28796 (C:\Users\ferdi\IdeaProjects\SkinScan\build\classes\java\main started by ferdi in C:\Users\ferdi\IdeaProjects\SkinScan)
2026-09-01 22:11:32.412 [main] DEBUG [N/A] [N/A] ru.startup.skinscan.Main - Running with Spring Boot v3.1.12, Spring v6.0.21
2026-09-01 22:11:32.412 [main] INFO  [N/A] [N/A] ru.startup.skinscan.Main - The following 1 profile is active: "local"
2026-09-01 22:11:33.455 [main] INFO  [N/A] [N/A] o.s.d.r.c.RepositoryConfigurationDelegate - Bootstrapping Spring Data JPA repositories in DEFAULT mode.
2026-09-01 22:11:33.554 [main] INFO  [N/A] [N/A] o.s.d.r.c.RepositoryConfigurationDelegate - Finished Spring Data repository scanning in 76 ms. Found 3 JPA repository interfaces.
2026-09-01 22:11:34.411 [main] INFO  [N/A] [N/A] o.s.b.w.e.tomcat.TomcatWebServer - Tomcat initialized with port(s): 8080 (http)
2026-09-01 22:11:34.419 [main] INFO  [N/A] [N/A] o.a.coyote.http11.Http11NioProtocol - Initializing ProtocolHandler ["http-nio-8080"]
2026-09-01 22:11:34.421 [main] INFO  [N/A] [N/A] o.a.catalina.core.StandardService - Starting service [Tomcat]
2026-09-01 22:11:34.421 [main] INFO  [N/A] [N/A] o.a.catalina.core.StandardEngine - Starting Servlet engine: [Apache Tomcat/10.1.24]
2026-09-01 22:11:34.533 [main] INFO  [N/A] [N/A] o.a.c.c.C.[Tomcat].[localhost].[/] - Initializing Spring embedded WebApplicationContext
2026-09-01 22:11:34.536 [main] INFO  [N/A] [N/A] o.s.b.w.s.c.ServletWebServerApplicationContext - Root WebApplicationContext: initialization completed in 2069 ms
2026-09-01 22:11:34.556 [main] INFO  [N/A] [N/A] r.s.s.s.r.RateLimiterInMemory - RateLimiter инициализирован с интервалом очистки: 300с
2026-09-01 22:11:34.797 [main] DEBUG [N/A] [N/A] o.f.c.i.s.classpath.ClassPathScanner - Scanning for classpath resources at 'classpath:db/callback' ...
2026-09-01 22:11:34.797 [main] DEBUG [N/A] [N/A] o.f.c.i.s.classpath.ClassPathScanner - Determining location urls for classpath:db/callback using ClassLoader TomcatEmbeddedWebappClassLoader
  context: ROOT
  delegate: true
----------> Parent Classloader:
jdk.internal.loader.ClassLoaders$AppClassLoader@3fee733d
 ...
2026-09-01 22:11:34.798 [main] DEBUG [N/A] [N/A] o.f.c.i.s.classpath.ClassPathScanner - Unable to resolve location classpath:db/callback.
2026-09-01 22:11:34.798 [main] DEBUG [N/A] [N/A] o.f.c.i.s.classpath.ClassPathScanner - Scanning for classpath resources at 'classpath:db/migration' ...
2026-09-01 22:11:34.798 [main] DEBUG [N/A] [N/A] o.f.c.i.s.classpath.ClassPathScanner - Determining location urls for classpath:db/migration using ClassLoader TomcatEmbeddedWebappClassLoader
  context: ROOT
  delegate: true
----------> Parent Classloader:
jdk.internal.loader.ClassLoaders$AppClassLoader@3fee733d
 ...
2026-09-01 22:11:34.798 [main] DEBUG [N/A] [N/A] o.f.c.i.s.classpath.ClassPathScanner - Scanning URL: file:/C:/Users/ferdi/IdeaProjects/SkinScan/build/resources/main/db/migration
2026-09-01 22:11:34.799 [main] DEBUG [N/A] [N/A] o.f.c.i.s.c.FileSystemClassPathLocationScanner - Scanning starting at classpath root in filesystem: C:\Users\ferdi\IdeaProjects\SkinScan\build\resources\main\
2026-09-01 22:11:34.800 [main] DEBUG [N/A] [N/A] o.f.c.i.s.c.FileSystemClassPathLocationScanner - Scanning for resources in path: C:\Users\ferdi\IdeaProjects\SkinScan\build\resources\main\db\migration (db/migration)
2026-09-01 22:11:34.802 [main] DEBUG [N/A] [N/A] o.f.c.i.s.classpath.ClassPathScanner - Found resource: db/migration/V1__create_users_table.sql
2026-09-01 22:11:34.802 [main] DEBUG [N/A] [N/A] o.f.c.i.s.classpath.ClassPathScanner - Found resource: db/migration/V2__create_photo_table.sql
2026-09-01 22:11:34.802 [main] DEBUG [N/A] [N/A] o.f.c.i.s.classpath.ClassPathScanner - Found resource: db/migration/V3__create_analysis_table.sql
2026-09-01 22:11:34.802 [main] DEBUG [N/A] [N/A] o.f.c.i.s.classpath.ClassPathScanner - Found resource: db/migration/V4__add_index.sql
2026-09-01 22:11:34.802 [main] DEBUG [N/A] [N/A] o.f.c.i.s.classpath.ClassPathScanner - Scanning for classes at classpath:db/migration
2026-09-01 22:11:34.806 [main] DEBUG [N/A] [N/A] o.f.c.i.r.ResourceNameValidator - Validating V2__create_photo_table.sql
2026-09-01 22:11:34.810 [main] INFO  [N/A] [N/A] com.zaxxer.hikari.HikariDataSource - HikariPool-1 - Starting...
2026-09-01 22:11:34.993 [main] INFO  [N/A] [N/A] com.zaxxer.hikari.pool.HikariPool - HikariPool-1 - Added connection org.postgresql.jdbc.PgConnection@56fda064
2026-09-01 22:11:34.994 [main] INFO  [N/A] [N/A] com.zaxxer.hikari.HikariDataSource - HikariPool-1 - Start completed.
2026-09-01 22:11:35.024 [main] DEBUG [N/A] [N/A] o.f.c.i.r.ResourceNameValidator - Validating V1__create_users_table.sql
2026-09-01 22:11:35.024 [main] DEBUG [N/A] [N/A] o.f.c.i.r.ResourceNameValidator - Validating V4__add_index.sql
2026-09-01 22:11:35.025 [main] DEBUG [N/A] [N/A] o.f.c.i.r.ResourceNameValidator - Validating V3__create_analysis_table.sql
2026-09-01 22:11:35.033 [main] DEBUG [N/A] [N/A] o.f.c.i.d.DatabaseTypeRegister - Multiple databases found that handle url 'jdbc:postgresql://localhost:5432/skinScan': CockroachDB,PostgreSQL
2026-09-01 22:11:35.033 [main] INFO  [N/A] [N/A] org.flywaydb.core.FlywayExecutor - Database: jdbc:postgresql://localhost:5432/skinScan (PostgreSQL 18.1)
2026-09-01 22:11:35.034 [main] DEBUG [N/A] [N/A] org.flywaydb.core.FlywayExecutor - Database Type: PostgreSQL
2026-09-01 22:11:35.034 [main] DEBUG [N/A] [N/A] org.flywaydb.core.FlywayExecutor - Driver: PostgreSQL JDBC Driver 42.7.11
2026-09-01 22:11:35.034 [main] DEBUG [N/A] [N/A] org.flywaydb.core.FlywayExecutor - DDL Transactions Supported: true
2026-09-01 22:11:35.036 [main] DEBUG [N/A] [N/A] o.f.c.i.s.SchemaHistoryFactory - Schemas: 
2026-09-01 22:11:35.036 [main] DEBUG [N/A] [N/A] o.f.c.i.s.SchemaHistoryFactory - Default schema: null
2026-09-01 22:11:35.047 [main] WARN  [N/A] [N/A] o.f.c.i.database.base.Database - Flyway upgrade recommended: PostgreSQL 18.1 is newer than this version of Flyway and support has not been tested. The latest supported version of PostgreSQL is 16.
2026-09-01 22:11:35.051 [main] DEBUG [N/A] [N/A] o.f.c.i.c.SqlScriptCallbackFactory - Scanning for SQL callbacks ...
2026-09-01 22:11:35.067 [main] DEBUG [N/A] [N/A] o.f.core.internal.command.DbValidate - Validating migrations ...
2026-09-01 22:11:35.072 [main] DEBUG [N/A] [N/A] o.f.c.a.c.ClassicConfiguration - CherryPickConfigurationExtension not found
2026-09-01 22:11:35.085 [main] DEBUG [N/A] [N/A] o.f.core.internal.scanner.Scanner - Filtering out resource: db/migration/V2__create_photo_table.sql (filename: V2__create_photo_table.sql)
2026-09-01 22:11:35.086 [main] DEBUG [N/A] [N/A] o.f.core.internal.scanner.Scanner - Filtering out resource: db/migration/V1__create_users_table.sql (filename: V1__create_users_table.sql)
2026-09-01 22:11:35.087 [main] DEBUG [N/A] [N/A] o.f.core.internal.scanner.Scanner - Filtering out resource: db/migration/V4__add_index.sql (filename: V4__add_index.sql)
2026-09-01 22:11:35.087 [main] DEBUG [N/A] [N/A] o.f.core.internal.scanner.Scanner - Filtering out resource: db/migration/V3__create_analysis_table.sql (filename: V3__create_analysis_table.sql)
2026-09-01 22:11:35.089 [main] DEBUG [N/A] [N/A] o.f.core.internal.scanner.Scanner - Filtering out resource: db/migration/V2__create_photo_table.sql (filename: V2__create_photo_table.sql)
2026-09-01 22:11:35.089 [main] DEBUG [N/A] [N/A] o.f.core.internal.scanner.Scanner - Filtering out resource: db/migration/V1__create_users_table.sql (filename: V1__create_users_table.sql)
2026-09-01 22:11:35.089 [main] DEBUG [N/A] [N/A] o.f.core.internal.scanner.Scanner - Filtering out resource: db/migration/V4__add_index.sql (filename: V4__add_index.sql)
2026-09-01 22:11:35.089 [main] DEBUG [N/A] [N/A] o.f.core.internal.scanner.Scanner - Filtering out resource: db/migration/V3__create_analysis_table.sql (filename: V3__create_analysis_table.sql)
2026-09-01 22:11:35.128 [main] INFO  [N/A] [N/A] o.f.core.internal.command.DbValidate - Successfully validated 4 migrations (execution time 00:00.059s)
2026-09-01 22:11:35.131 [main] DEBUG [N/A] [N/A] o.f.core.internal.command.DbSchemas - Skipping creation of existing schema: "public"
2026-09-01 22:11:35.173 [main] DEBUG [N/A] [N/A] o.f.c.a.c.ClassicConfiguration - CherryPickConfigurationExtension not found
2026-09-01 22:11:35.176 [main] INFO  [N/A] [N/A] o.f.core.internal.command.DbMigrate - Current version of schema "public": 4
2026-09-01 22:11:35.179 [main] INFO  [N/A] [N/A] o.f.core.internal.command.DbMigrate - Schema "public" is up to date. No migration necessary.
2026-09-01 22:11:35.183 [main] DEBUG [N/A] [N/A] org.flywaydb.core.FlywayExecutor - Memory usage: 47 of 88M
2026-09-01 22:11:35.242 [main] DEBUG [N/A] [N/A] o.s.jdbc.datasource.DataSourceUtils - Fetching JDBC Connection from DataSource
2026-09-01 22:11:35.294 [main] INFO  [N/A] [N/A] o.h.jpa.internal.util.LogHelper - HHH000204: Processing PersistenceUnitInfo [name: default]
2026-09-01 22:11:35.390 [main] INFO  [N/A] [N/A] org.hibernate.Version - HHH000412: Hibernate ORM core version 6.2.25.Final
2026-09-01 22:11:35.393 [main] INFO  [N/A] [N/A] org.hibernate.cfg.Environment - HHH000406: Using bytecode reflection optimizer
2026-09-01 22:11:35.889 [main] INFO  [N/A] [N/A] o.s.o.j.p.SpringPersistenceUnitInfo - No LoadTimeWeaver setup: ignoring JPA class transformer
2026-09-01 22:11:36.735 [main] INFO  [N/A] [N/A] o.h.e.t.j.p.i.JtaPlatformInitiator - HHH000489: No JTA platform available (set 'hibernate.transaction.jta.platform' to enable JTA platform integration)
2026-09-01 22:11:36.743 [main] INFO  [N/A] [N/A] o.s.o.j.LocalContainerEntityManagerFactoryBean - Initialized JPA EntityManagerFactory for persistence unit 'default'
2026-09-01 22:11:36.914 [main] INFO  [N/A] [N/A] o.s.d.j.r.query.QueryEnhancerFactory - Hibernate is in classpath; If applicable, HQL parser will be used.
2026-09-01 22:11:37.416 [main] DEBUG [N/A] [N/A] r.s.s.s.filter.RateLimiterFilter - Filter 'rateLimiterFilter' configured for use
2026-09-01 22:11:37.416 [main] DEBUG [N/A] [N/A] r.s.skinscan.config.MdcLoggingFilter - Filter 'mdcLoggingFilter' configured for use
2026-09-01 22:11:37.501 [main] INFO  [N/A] [N/A] r.s.s.d.s.LocalFileStorageService - Инициализация локального хранилища фотографий с начальным путем: C:\Users\ferdi/data/uploads
2026-09-01 22:11:37.507 [main] INFO  [N/A] [N/A] r.s.s.d.s.LocalFileStorageService - Инициализация локального хранилища фотографий успешна завершена!
2026-09-01 22:11:37.578 [main] INFO  [N/A] [N/A] r.s.skinscan.config.AsyncConfig - Photo Task Executor запущен: базовое кол-во потоков=5, максимальное кол-во потоков=10, размер очереди ожидания=100
2026-09-01 22:11:37.582 [main] INFO  [N/A] [N/A] r.s.skinscan.config.AsyncConfig - Recovery Task Executor запущен
2026-09-01 22:11:37.742 [main] WARN  [N/A] [N/A] o.s.b.a.o.j.JpaBaseConfiguration$JpaWebConfiguration - spring.jpa.open-in-view is enabled by default. Therefore, database queries may be performed during view rendering. Explicitly configure spring.jpa.open-in-view to disable this warning
2026-09-01 22:11:37.755 [main] DEBUG [N/A] [N/A] o.s.s.c.a.a.c.AuthenticationConfiguration$DefaultPasswordEncoderAuthenticationManagerBuilder - No authenticationProviders and no parentAuthenticationManager defined. Returning null.
2026-09-01 22:11:38.002 [main] INFO  [N/A] [N/A] o.s.s.web.DefaultSecurityFilterChain - Will secure any request with [org.springframework.security.web.session.DisableEncodeUrlFilter@a6cb2c9, org.springframework.security.web.context.request.async.WebAsyncManagerIntegrationFilter@3c32f3d8, org.springframework.security.web.context.SecurityContextHolderFilter@23972e02, org.springframework.security.web.header.HeaderWriterFilter@5feceb2f, org.springframework.web.filter.CorsFilter@46700301, org.springframework.security.web.authentication.logout.LogoutFilter@375376d5, ru.startup.skinscan.security.filter.RateLimiterFilter@1131fcfd, org.springframework.security.web.authentication.www.BasicAuthenticationFilter@4eaf08f4, org.springframework.security.web.savedrequest.RequestCacheAwareFilter@10c95d9b, org.springframework.security.web.servletapi.SecurityContextHolderAwareRequestFilter@17e96b3c, org.springframework.security.web.authentication.AnonymousAuthenticationFilter@17f4276b, org.springframework.security.web.session.SessionManagementFilter@b926efa, org.springframework.security.web.access.ExceptionTranslationFilter@74c58f64, org.springframework.security.web.access.intercept.AuthorizationFilter@ab5af13]
2026-09-01 22:11:38.305 [main] INFO  [N/A] [N/A] o.a.coyote.http11.Http11NioProtocol - Starting ProtocolHandler ["http-nio-8080"]
2026-09-01 22:11:38.320 [main] INFO  [N/A] [N/A] o.s.b.w.e.tomcat.TomcatWebServer - Tomcat started on port(s): 8080 (http) with context path ''
2026-09-01 22:11:38.328 [main] INFO  [N/A] [N/A] ru.startup.skinscan.Main - Started Main in 6.624 seconds (process running for 7.561)
2026-09-01 22:11:38.334 [scheduling-1] DEBUG [N/A] [N/A] r.s.s.s.PhotoRecoveryScheduler - Запуск проверки и обработки зависших фотографий
2026-09-01 22:11:38.397 [scheduling-1] DEBUG [N/A] [N/A] org.hibernate.SQL - 
    select
        p1_0.id,
        p1_0.created_at,
        p1_0.file_name,
        p1_0.file_size_bytes,
        p1_0.mime_type,
        p1_0.status,
        p1_0.storage_file_path,
        p1_0.updated_at,
        p1_0.user_id 
    from
        photo p1_0 
    where
        p1_0.status=? 
        and p1_0.created_at<cast(? as timestamp(6) with time zone)
2026-09-01 22:11:38.407 [scheduling-1] DEBUG [N/A] [N/A] r.s.s.s.PhotoRecoveryScheduler - Зависшие фотографии не найдены
2026-09-01 22:11:50.463 [http-nio-8080-exec-1] INFO  [N/A] [N/A] o.a.c.c.C.[Tomcat].[localhost].[/] - Initializing Spring DispatcherServlet 'dispatcherServlet'
2026-09-01 22:11:50.463 [http-nio-8080-exec-1] INFO  [N/A] [N/A] o.s.web.servlet.DispatcherServlet - Initializing Servlet 'dispatcherServlet'
2026-09-01 22:11:50.466 [http-nio-8080-exec-1] INFO  [N/A] [N/A] o.s.web.servlet.DispatcherServlet - Completed initialization in 3 ms
2026-09-01 22:11:50.499 [http-nio-8080-exec-1] DEBUG [N/A] [N/A] o.s.security.web.FilterChainProxy - Securing GET /skinScan/photos
2026-09-01 22:11:50.539 [http-nio-8080-exec-1] DEBUG [N/A] [N/A] org.hibernate.SQL - 
    select
        u1_0.id,
        u1_0.created_at,
        u1_0.email,
        u1_0.login,
        u1_0.password,
        u1_0.phone,
        u1_0.updated_at 
    from
        users u1_0 
    where
        u1_0.login=?
2026-09-01 22:11:51.063 [http-nio-8080-exec-1] DEBUG [N/A] [N/A] org.hibernate.SQL - 
    select
        u1_0.id 
    from
        users u1_0 
    where
        u1_0.login=?
2026-09-01 22:11:51.552 [http-nio-8080-exec-1] INFO  [N/A] [N/A] r.s.s.s.s.CustomUserDetailsService - Поиск пользователя с логином: Andrey600
2026-09-01 22:11:51.554 [http-nio-8080-exec-1] DEBUG [N/A] [N/A] org.hibernate.SQL - 
    select
        u1_0.id,
        u1_0.created_at,
        u1_0.email,
        u1_0.login,
        u1_0.password,
        u1_0.phone,
        u1_0.updated_at 
    from
        users u1_0 
    where
        u1_0.login=?
2026-09-01 22:11:51.557 [http-nio-8080-exec-1] INFO  [N/A] [N/A] r.s.s.s.s.CustomUserDetailsService - Найден пользователь: Andrey600, пароль: $2a$12$82L1ISHBmtE5Mz8Sna4Kr.OxWw0qFyPc2rdTy8Pr6YSNBBPgoLaiK
2026-09-01 22:11:52.107 [http-nio-8080-exec-1] DEBUG [N/A] [N/A] o.s.s.a.d.DaoAuthenticationProvider - Authenticated user
2026-09-01 22:11:52.107 [http-nio-8080-exec-1] DEBUG [N/A] [N/A] o.s.s.w.a.w.BasicAuthenticationFilter - Set SecurityContextHolder to UsernamePasswordAuthenticationToken [Principal=org.springframework.security.core.userdetails.User [Username=Andrey600, Password=[PROTECTED], Enabled=true, AccountNonExpired=true, credentialsNonExpired=true, AccountNonLocked=true, Granted Authorities=[]], Credentials=[PROTECTED], Authenticated=true, Details=WebAuthenticationDetails [RemoteIpAddress=127.0.0.1, SessionId=null], Granted Authorities=[]]
2026-09-01 22:11:52.109 [http-nio-8080-exec-1] DEBUG [N/A] [N/A] o.s.security.web.FilterChainProxy - Secured GET /skinScan/photos
2026-09-01 22:11:52.131 [http-nio-8080-exec-1] DEBUG [d0f5b4b9-b1e7-4ce4-93d1-5e4e40195753] [NO_SESSION] org.hibernate.SQL - 
    select
        p1_0.id,
        p1_0.created_at,
        p1_0.file_name,
        p1_0.file_size_bytes,
        p1_0.mime_type,
        p1_0.status,
        p1_0.storage_file_path,
        p1_0.updated_at,
        p1_0.user_id 
    from
        photo p1_0 
    where
        p1_0.user_id=?
2026-09-01 22:11:52.134 [http-nio-8080-exec-1] INFO  [d0f5b4b9-b1e7-4ce4-93d1-5e4e40195753] [NO_SESSION] r.s.s.d.service.PhotoServiceImpl - Получены все метаданные фоток пользователя 64641147-39de-45f8-a11f-7f57eb2805dc
2026-09-01 22:11:52.134 [http-nio-8080-exec-1] WARN  [d0f5b4b9-b1e7-4ce4-93d1-5e4e40195753] [NO_SESSION] r.s.s.d.s.LocalFileStorageService - Подписанный URLs для локального хранилища не поддерживается, обычный URL для пути: 805dc/2026/09/c55a82db-dff6-42d1-afce-49d77c7ed80f.jpg
2026-09-01 22:11:52.135 [http-nio-8080-exec-1] DEBUG [d0f5b4b9-b1e7-4ce4-93d1-5e4e40195753] [NO_SESSION] org.hibernate.SQL - 
    select
        p1_0.id,
        p1_0.created_at,
        p1_0.file_name,
        p1_0.file_size_bytes,
        p1_0.mime_type,
        p1_0.status,
        p1_0.storage_file_path,
        p1_0.updated_at,
        p1_0.user_id 
    from
        photo p1_0 
    where
        p1_0.file_name=?
2026-09-01 22:11:52.137 [http-nio-8080-exec-1] INFO  [d0f5b4b9-b1e7-4ce4-93d1-5e4e40195753] [NO_SESSION] r.s.s.d.service.PhotoServiceImpl - Получено id 5ad35b52-8bbc-4171-a5d4-9eb03f15199c фото с именем skin3.jpg
2026-09-01 22:11:52.137 [http-nio-8080-exec-1] INFO  [d0f5b4b9-b1e7-4ce4-93d1-5e4e40195753] [NO_SESSION] r.s.s.d.service.PhotoServiceImpl - Получены URL для всех фото пользователя 64641147-39de-45f8-a11f-7f57eb2805dc
2026-09-01 22:11:52.140 [http-nio-8080-exec-1] DEBUG [d0f5b4b9-b1e7-4ce4-93d1-5e4e40195753] [NO_SESSION] o.s.jdbc.datasource.DataSourceUtils - Setting JDBC Connection [HikariProxyConnection@1892380510 wrapping org.postgresql.jdbc.PgConnection@56fda064] read-only
2026-09-01 22:11:52.148 [http-nio-8080-exec-1] DEBUG [d0f5b4b9-b1e7-4ce4-93d1-5e4e40195753] [NO_SESSION] o.s.jdbc.datasource.DataSourceUtils - Resetting read-only flag of JDBC Connection [HikariProxyConnection@1892380510 wrapping org.postgresql.jdbc.PgConnection@56fda064]
2026-09-01 22:11:52.149 [http-nio-8080-exec-1] INFO  [d0f5b4b9-b1e7-4ce4-93d1-5e4e40195753] [NO_SESSION] r.s.s.d.service.PhotoServiceImpl - Метаданные фото из БД 5ad35b52-8bbc-4171-a5d4-9eb03f15199c получены
2026-09-01 22:13:38.414 [scheduling-1] DEBUG [N/A] [N/A] r.s.s.s.PhotoRecoveryScheduler - Запуск проверки и обработки зависших фотографий
2026-09-01 22:13:38.428 [scheduling-1] DEBUG [N/A] [N/A] org.hibernate.SQL - 
    select
        p1_0.id,
        p1_0.created_at,
        p1_0.file_name,
        p1_0.file_size_bytes,
        p1_0.mime_type,
        p1_0.status,
        p1_0.storage_file_path,
        p1_0.updated_at,
        p1_0.user_id 
    from
        photo p1_0 
    where
        p1_0.status=? 
        and p1_0.created_at<cast(? as timestamp(6) with time zone)
2026-09-01 22:13:38.434 [scheduling-1] DEBUG [N/A] [N/A] r.s.s.s.PhotoRecoveryScheduler - Зависшие фотографии не найдены
2026-09-01 22:15:38.450 [scheduling-1] DEBUG [N/A] [N/A] r.s.s.s.PhotoRecoveryScheduler - Запуск проверки и обработки зависших фотографий
2026-09-01 22:15:38.458 [scheduling-1] DEBUG [N/A] [N/A] org.hibernate.SQL - 
    select
        p1_0.id,
        p1_0.created_at,
        p1_0.file_name,
        p1_0.file_size_bytes,
        p1_0.mime_type,
        p1_0.status,
        p1_0.storage_file_path,
        p1_0.updated_at,
        p1_0.user_id 
    from
        photo p1_0 
    where
        p1_0.status=? 
        and p1_0.created_at<cast(? as timestamp(6) with time zone)
2026-09-01 22:15:38.462 [scheduling-1] DEBUG [N/A] [N/A] r.s.s.s.PhotoRecoveryScheduler - Зависшие фотографии не найдены
2026-09-01 22:16:30.537 [SpringApplicationShutdownHook] INFO  [N/A] [N/A] o.s.o.j.LocalContainerEntityManagerFactoryBean - Closing JPA EntityManagerFactory for persistence unit 'default'
2026-09-01 22:16:30.539 [SpringApplicationShutdownHook] INFO  [N/A] [N/A] com.zaxxer.hikari.HikariDataSource - HikariPool-1 - Shutdown initiated...
2026-09-01 22:16:30.543 [SpringApplicationShutdownHook] INFO  [N/A] [N/A] com.zaxxer.hikari.HikariDataSource - HikariPool-1 - Shutdown completed.
2026-09-01 22:17:01.677 [background-preinit] INFO  [N/A] [N/A] o.h.validator.internal.util.Version - HV000001: Hibernate Validator 8.0.1.Final
2026-09-01 22:17:01.716 [main] INFO  [N/A] [N/A] ru.startup.skinscan.Main - Starting Main using Java 21.0.10 with PID 30384 (C:\Users\ferdi\IdeaProjects\SkinScan\build\classes\java\main started by ferdi in C:\Users\ferdi\IdeaProjects\SkinScan)
2026-09-01 22:17:01.716 [main] DEBUG [N/A] [N/A] ru.startup.skinscan.Main - Running with Spring Boot v3.1.12, Spring v6.0.21
2026-09-01 22:17:01.716 [main] INFO  [N/A] [N/A] ru.startup.skinscan.Main - The following 1 profile is active: "local"
2026-09-01 22:17:02.666 [main] INFO  [N/A] [N/A] o.s.d.r.c.RepositoryConfigurationDelegate - Bootstrapping Spring Data JPA repositories in DEFAULT mode.
2026-09-01 22:17:02.748 [main] INFO  [N/A] [N/A] o.s.d.r.c.RepositoryConfigurationDelegate - Finished Spring Data repository scanning in 72 ms. Found 3 JPA repository interfaces.
2026-09-01 22:17:03.360 [main] INFO  [N/A] [N/A] o.s.b.w.e.tomcat.TomcatWebServer - Tomcat initialized with port(s): 8080 (http)
2026-09-01 22:17:03.368 [main] INFO  [N/A] [N/A] o.a.coyote.http11.Http11NioProtocol - Initializing ProtocolHandler ["http-nio-8080"]
2026-09-01 22:17:03.370 [main] INFO  [N/A] [N/A] o.a.catalina.core.StandardService - Starting service [Tomcat]
2026-09-01 22:17:03.371 [main] INFO  [N/A] [N/A] o.a.catalina.core.StandardEngine - Starting Servlet engine: [Apache Tomcat/10.1.24]
2026-09-01 22:17:03.476 [main] INFO  [N/A] [N/A] o.a.c.c.C.[Tomcat].[localhost].[/] - Initializing Spring embedded WebApplicationContext
2026-09-01 22:17:03.477 [main] INFO  [N/A] [N/A] o.s.b.w.s.c.ServletWebServerApplicationContext - Root WebApplicationContext: initialization completed in 1702 ms
2026-09-01 22:17:03.496 [main] INFO  [N/A] [N/A] r.s.s.s.r.RateLimiterInMemory - RateLimiter инициализирован с интервалом очистки: 300с
2026-09-01 22:17:03.712 [main] DEBUG [N/A] [N/A] o.f.c.i.s.classpath.ClassPathScanner - Scanning for classpath resources at 'classpath:db/callback' ...
2026-09-01 22:17:03.713 [main] DEBUG [N/A] [N/A] o.f.c.i.s.classpath.ClassPathScanner - Determining location urls for classpath:db/callback using ClassLoader TomcatEmbeddedWebappClassLoader
  context: ROOT
  delegate: true
----------> Parent Classloader:
jdk.internal.loader.ClassLoaders$AppClassLoader@3fee733d
 ...
2026-09-01 22:17:03.713 [main] DEBUG [N/A] [N/A] o.f.c.i.s.classpath.ClassPathScanner - Unable to resolve location classpath:db/callback.
2026-09-01 22:17:03.713 [main] DEBUG [N/A] [N/A] o.f.c.i.s.classpath.ClassPathScanner - Scanning for classpath resources at 'classpath:db/migration' ...
2026-09-01 22:17:03.713 [main] DEBUG [N/A] [N/A] o.f.c.i.s.classpath.ClassPathScanner - Determining location urls for classpath:db/migration using ClassLoader TomcatEmbeddedWebappClassLoader
  context: ROOT
  delegate: true
----------> Parent Classloader:
jdk.internal.loader.ClassLoaders$AppClassLoader@3fee733d
 ...
2026-09-01 22:17:03.714 [main] DEBUG [N/A] [N/A] o.f.c.i.s.classpath.ClassPathScanner - Scanning URL: file:/C:/Users/ferdi/IdeaProjects/SkinScan/build/resources/main/db/migration
2026-09-01 22:17:03.715 [main] DEBUG [N/A] [N/A] o.f.c.i.s.c.FileSystemClassPathLocationScanner - Scanning starting at classpath root in filesystem: C:\Users\ferdi\IdeaProjects\SkinScan\build\resources\main\
2026-09-01 22:17:03.716 [main] DEBUG [N/A] [N/A] o.f.c.i.s.c.FileSystemClassPathLocationScanner - Scanning for resources in path: C:\Users\ferdi\IdeaProjects\SkinScan\build\resources\main\db\migration (db/migration)
2026-09-01 22:17:03.718 [main] DEBUG [N/A] [N/A] o.f.c.i.s.classpath.ClassPathScanner - Found resource: db/migration/V1__create_users_table.sql
2026-09-01 22:17:03.718 [main] DEBUG [N/A] [N/A] o.f.c.i.s.classpath.ClassPathScanner - Found resource: db/migration/V2__create_photo_table.sql
2026-09-01 22:17:03.718 [main] DEBUG [N/A] [N/A] o.f.c.i.s.classpath.ClassPathScanner - Found resource: db/migration/V3__create_analysis_table.sql
2026-09-01 22:17:03.718 [main] DEBUG [N/A] [N/A] o.f.c.i.s.classpath.ClassPathScanner - Found resource: db/migration/V4__add_index.sql
2026-09-01 22:17:03.718 [main] DEBUG [N/A] [N/A] o.f.c.i.s.classpath.ClassPathScanner - Scanning for classes at classpath:db/migration
2026-09-01 22:17:03.721 [main] DEBUG [N/A] [N/A] o.f.c.i.r.ResourceNameValidator - Validating V2__create_photo_table.sql
2026-09-01 22:17:03.726 [main] INFO  [N/A] [N/A] com.zaxxer.hikari.HikariDataSource - HikariPool-1 - Starting...
2026-09-01 22:17:03.883 [main] INFO  [N/A] [N/A] com.zaxxer.hikari.pool.HikariPool - HikariPool-1 - Added connection org.postgresql.jdbc.PgConnection@4863c8ac
2026-09-01 22:17:03.884 [main] INFO  [N/A] [N/A] com.zaxxer.hikari.HikariDataSource - HikariPool-1 - Start completed.
2026-09-01 22:17:03.906 [main] DEBUG [N/A] [N/A] o.f.c.i.r.ResourceNameValidator - Validating V1__create_users_table.sql
2026-09-01 22:17:03.906 [main] DEBUG [N/A] [N/A] o.f.c.i.r.ResourceNameValidator - Validating V4__add_index.sql
2026-09-01 22:17:03.906 [main] DEBUG [N/A] [N/A] o.f.c.i.r.ResourceNameValidator - Validating V3__create_analysis_table.sql
2026-09-01 22:17:03.914 [main] DEBUG [N/A] [N/A] o.f.c.i.d.DatabaseTypeRegister - Multiple databases found that handle url 'jdbc:postgresql://localhost:5432/skinScan': CockroachDB,PostgreSQL
2026-09-01 22:17:03.914 [main] INFO  [N/A] [N/A] org.flywaydb.core.FlywayExecutor - Database: jdbc:postgresql://localhost:5432/skinScan (PostgreSQL 18.1)
2026-09-01 22:17:03.914 [main] DEBUG [N/A] [N/A] org.flywaydb.core.FlywayExecutor - Database Type: PostgreSQL
2026-09-01 22:17:03.914 [main] DEBUG [N/A] [N/A] org.flywaydb.core.FlywayExecutor - Driver: PostgreSQL JDBC Driver 42.7.11
2026-09-01 22:17:03.914 [main] DEBUG [N/A] [N/A] org.flywaydb.core.FlywayExecutor - DDL Transactions Supported: true
2026-09-01 22:17:03.915 [main] DEBUG [N/A] [N/A] o.f.c.i.s.SchemaHistoryFactory - Schemas: 
2026-09-01 22:17:03.916 [main] DEBUG [N/A] [N/A] o.f.c.i.s.SchemaHistoryFactory - Default schema: null
2026-09-01 22:17:03.927 [main] WARN  [N/A] [N/A] o.f.c.i.database.base.Database - Flyway upgrade recommended: PostgreSQL 18.1 is newer than this version of Flyway and support has not been tested. The latest supported version of PostgreSQL is 16.
2026-09-01 22:17:03.929 [main] DEBUG [N/A] [N/A] o.f.c.i.c.SqlScriptCallbackFactory - Scanning for SQL callbacks ...
2026-09-01 22:17:03.943 [main] DEBUG [N/A] [N/A] o.f.core.internal.command.DbValidate - Validating migrations ...
2026-09-01 22:17:03.946 [main] DEBUG [N/A] [N/A] o.f.c.a.c.ClassicConfiguration - CherryPickConfigurationExtension not found
2026-09-01 22:17:03.959 [main] DEBUG [N/A] [N/A] o.f.core.internal.scanner.Scanner - Filtering out resource: db/migration/V2__create_photo_table.sql (filename: V2__create_photo_table.sql)
2026-09-01 22:17:03.960 [main] DEBUG [N/A] [N/A] o.f.core.internal.scanner.Scanner - Filtering out resource: db/migration/V1__create_users_table.sql (filename: V1__create_users_table.sql)
2026-09-01 22:17:03.961 [main] DEBUG [N/A] [N/A] o.f.core.internal.scanner.Scanner - Filtering out resource: db/migration/V4__add_index.sql (filename: V4__add_index.sql)
2026-09-01 22:17:03.961 [main] DEBUG [N/A] [N/A] o.f.core.internal.scanner.Scanner - Filtering out resource: db/migration/V3__create_analysis_table.sql (filename: V3__create_analysis_table.sql)
2026-09-01 22:17:03.962 [main] DEBUG [N/A] [N/A] o.f.core.internal.scanner.Scanner - Filtering out resource: db/migration/V2__create_photo_table.sql (filename: V2__create_photo_table.sql)
2026-09-01 22:17:03.963 [main] DEBUG [N/A] [N/A] o.f.core.internal.scanner.Scanner - Filtering out resource: db/migration/V1__create_users_table.sql (filename: V1__create_users_table.sql)
2026-09-01 22:17:03.963 [main] DEBUG [N/A] [N/A] o.f.core.internal.scanner.Scanner - Filtering out resource: db/migration/V4__add_index.sql (filename: V4__add_index.sql)
2026-09-01 22:17:03.963 [main] DEBUG [N/A] [N/A] o.f.core.internal.scanner.Scanner - Filtering out resource: db/migration/V3__create_analysis_table.sql (filename: V3__create_analysis_table.sql)
2026-09-01 22:17:03.995 [main] INFO  [N/A] [N/A] o.f.core.internal.command.DbValidate - Successfully validated 4 migrations (execution time 00:00.050s)
2026-09-01 22:17:04.000 [main] DEBUG [N/A] [N/A] o.f.core.internal.command.DbSchemas - Skipping creation of existing schema: "public"
2026-09-01 22:17:04.059 [main] DEBUG [N/A] [N/A] o.f.c.a.c.ClassicConfiguration - CherryPickConfigurationExtension not found
2026-09-01 22:17:04.061 [main] INFO  [N/A] [N/A] o.f.core.internal.command.DbMigrate - Current version of schema "public": 4
2026-09-01 22:17:04.064 [main] INFO  [N/A] [N/A] o.f.core.internal.command.DbMigrate - Schema "public" is up to date. No migration necessary.
2026-09-01 22:17:04.067 [main] DEBUG [N/A] [N/A] org.flywaydb.core.FlywayExecutor - Memory usage: 43 of 88M
2026-09-01 22:17:04.113 [main] DEBUG [N/A] [N/A] o.s.jdbc.datasource.DataSourceUtils - Fetching JDBC Connection from DataSource
2026-09-01 22:17:04.154 [main] INFO  [N/A] [N/A] o.h.jpa.internal.util.LogHelper - HHH000204: Processing PersistenceUnitInfo [name: default]
2026-09-01 22:17:04.220 [main] INFO  [N/A] [N/A] org.hibernate.Version - HHH000412: Hibernate ORM core version 6.2.25.Final
2026-09-01 22:17:04.225 [main] INFO  [N/A] [N/A] org.hibernate.cfg.Environment - HHH000406: Using bytecode reflection optimizer
2026-09-01 22:17:04.628 [main] INFO  [N/A] [N/A] o.s.o.j.p.SpringPersistenceUnitInfo - No LoadTimeWeaver setup: ignoring JPA class transformer
2026-09-01 22:17:05.693 [main] INFO  [N/A] [N/A] o.h.e.t.j.p.i.JtaPlatformInitiator - HHH000489: No JTA platform available (set 'hibernate.transaction.jta.platform' to enable JTA platform integration)
2026-09-01 22:17:05.701 [main] INFO  [N/A] [N/A] o.s.o.j.LocalContainerEntityManagerFactoryBean - Initialized JPA EntityManagerFactory for persistence unit 'default'
2026-09-01 22:17:05.912 [main] INFO  [N/A] [N/A] o.s.d.j.r.query.QueryEnhancerFactory - Hibernate is in classpath; If applicable, HQL parser will be used.
2026-09-01 22:17:06.539 [main] DEBUG [N/A] [N/A] r.s.s.s.filter.RateLimiterFilter - Filter 'rateLimiterFilter' configured for use
2026-09-01 22:17:06.539 [main] DEBUG [N/A] [N/A] r.s.skinscan.config.MdcLoggingFilter - Filter 'mdcLoggingFilter' configured for use
2026-09-01 22:17:06.610 [main] INFO  [N/A] [N/A] r.s.s.d.s.LocalFileStorageService - Инициализация локального хранилища фотографий с начальным путем: C:\Users\ferdi/data/uploads
2026-09-01 22:17:06.612 [main] INFO  [N/A] [N/A] r.s.s.d.s.LocalFileStorageService - Инициализация локального хранилища фотографий успешна завершена!
2026-09-01 22:17:06.671 [main] INFO  [N/A] [N/A] r.s.skinscan.config.AsyncConfig - Photo Task Executor запущен: базовое кол-во потоков=5, максимальное кол-во потоков=10, размер очереди ожидания=100
2026-09-01 22:17:06.675 [main] INFO  [N/A] [N/A] r.s.skinscan.config.AsyncConfig - Recovery Task Executor запущен
2026-09-01 22:17:06.806 [main] WARN  [N/A] [N/A] o.s.b.a.o.j.JpaBaseConfiguration$JpaWebConfiguration - spring.jpa.open-in-view is enabled by default. Therefore, database queries may be performed during view rendering. Explicitly configure spring.jpa.open-in-view to disable this warning
2026-09-01 22:17:06.826 [main] DEBUG [N/A] [N/A] o.s.s.c.a.a.c.AuthenticationConfiguration$DefaultPasswordEncoderAuthenticationManagerBuilder - No authenticationProviders and no parentAuthenticationManager defined. Returning null.
2026-09-01 22:17:07.046 [main] INFO  [N/A] [N/A] o.s.s.web.DefaultSecurityFilterChain - Will secure any request with [org.springframework.security.web.session.DisableEncodeUrlFilter@3c32f3d8, org.springframework.security.web.context.request.async.WebAsyncManagerIntegrationFilter@46700301, org.springframework.security.web.context.SecurityContextHolderFilter@3bea7134, org.springframework.security.web.header.HeaderWriterFilter@5327c503, org.springframework.web.filter.CorsFilter@17f4276b, org.springframework.security.web.authentication.logout.LogoutFilter@7dd3f20e, ru.startup.skinscan.security.filter.RateLimiterFilter@46d2be66, org.springframework.security.web.authentication.www.BasicAuthenticationFilter@78405f00, org.springframework.security.web.savedrequest.RequestCacheAwareFilter@3f60ba06, org.springframework.security.web.servletapi.SecurityContextHolderAwareRequestFilter@2d63534d, org.springframework.security.web.authentication.AnonymousAuthenticationFilter@786125a6, org.springframework.security.web.session.SessionManagementFilter@3653bb61, org.springframework.security.web.access.ExceptionTranslationFilter@65640109, org.springframework.security.web.access.intercept.AuthorizationFilter@2f2e75ae]
2026-09-01 22:17:07.345 [main] INFO  [N/A] [N/A] o.a.coyote.http11.Http11NioProtocol - Starting ProtocolHandler ["http-nio-8080"]
2026-09-01 22:17:07.359 [main] INFO  [N/A] [N/A] o.s.b.w.e.tomcat.TomcatWebServer - Tomcat started on port(s): 8080 (http) with context path ''
2026-09-01 22:17:07.369 [main] INFO  [N/A] [N/A] ru.startup.skinscan.Main - Started Main in 6.418 seconds (process running for 7.435)
2026-09-01 22:17:07.375 [scheduling-1] DEBUG [N/A] [N/A] r.s.s.s.PhotoRecoveryScheduler - Запуск проверки и обработки зависших фотографий
2026-09-01 22:17:07.463 [scheduling-1] DEBUG [N/A] [N/A] org.hibernate.SQL - 
    select
        p1_0.id,
        p1_0.created_at,
        p1_0.file_name,
        p1_0.file_size_bytes,
        p1_0.mime_type,
        p1_0.status,
        p1_0.storage_file_path,
        p1_0.updated_at,
        p1_0.user_id 
    from
        photo p1_0 
    where
        p1_0.status=? 
        and p1_0.created_at<cast(? as timestamp(6) with time zone)
2026-09-01 22:17:07.470 [scheduling-1] DEBUG [N/A] [N/A] r.s.s.s.PhotoRecoveryScheduler - Зависшие фотографии не найдены
2026-09-01 22:17:10.392 [http-nio-8080-exec-1] INFO  [N/A] [N/A] o.a.c.c.C.[Tomcat].[localhost].[/] - Initializing Spring DispatcherServlet 'dispatcherServlet'
2026-09-01 22:17:10.393 [http-nio-8080-exec-1] INFO  [N/A] [N/A] o.s.web.servlet.DispatcherServlet - Initializing Servlet 'dispatcherServlet'
2026-09-01 22:17:10.394 [http-nio-8080-exec-1] INFO  [N/A] [N/A] o.s.web.servlet.DispatcherServlet - Completed initialization in 1 ms
2026-09-01 22:17:10.423 [http-nio-8080-exec-1] DEBUG [N/A] [N/A] o.s.security.web.FilterChainProxy - Securing GET /skinScan/photos
2026-09-01 22:17:10.467 [http-nio-8080-exec-1] DEBUG [N/A] [N/A] org.hibernate.SQL - 
    select
        u1_0.id,
        u1_0.created_at,
        u1_0.email,
        u1_0.login,
        u1_0.password,
        u1_0.phone,
        u1_0.updated_at 
    from
        users u1_0 
    where
        u1_0.login=?
2026-09-01 22:17:11.063 [http-nio-8080-exec-1] DEBUG [N/A] [N/A] org.hibernate.SQL - 
    select
        u1_0.id 
    from
        users u1_0 
    where
        u1_0.login=?
2026-09-01 22:17:11.520 [http-nio-8080-exec-1] INFO  [N/A] [N/A] r.s.s.s.s.CustomUserDetailsService - Поиск пользователя с логином: Andrey600
2026-09-01 22:17:11.522 [http-nio-8080-exec-1] DEBUG [N/A] [N/A] org.hibernate.SQL - 
    select
        u1_0.id,
        u1_0.created_at,
        u1_0.email,
        u1_0.login,
        u1_0.password,
        u1_0.phone,
        u1_0.updated_at 
    from
        users u1_0 
    where
        u1_0.login=?
2026-09-01 22:17:11.525 [http-nio-8080-exec-1] INFO  [N/A] [N/A] r.s.s.s.s.CustomUserDetailsService - Найден пользователь: Andrey600, пароль: $2a$12$82L1ISHBmtE5Mz8Sna4Kr.OxWw0qFyPc2rdTy8Pr6YSNBBPgoLaiK
2026-09-01 22:17:11.955 [http-nio-8080-exec-1] DEBUG [N/A] [N/A] o.s.s.a.d.DaoAuthenticationProvider - Authenticated user
2026-09-01 22:17:11.956 [http-nio-8080-exec-1] DEBUG [N/A] [N/A] o.s.s.w.a.w.BasicAuthenticationFilter - Set SecurityContextHolder to UsernamePasswordAuthenticationToken [Principal=org.springframework.security.core.userdetails.User [Username=Andrey600, Password=[PROTECTED], Enabled=true, AccountNonExpired=true, credentialsNonExpired=true, AccountNonLocked=true, Granted Authorities=[]], Credentials=[PROTECTED], Authenticated=true, Details=WebAuthenticationDetails [RemoteIpAddress=127.0.0.1, SessionId=null], Granted Authorities=[]]
2026-09-01 22:17:11.959 [http-nio-8080-exec-1] DEBUG [N/A] [N/A] o.s.security.web.FilterChainProxy - Secured GET /skinScan/photos
2026-09-01 22:17:11.986 [http-nio-8080-exec-1] DEBUG [0f412e27-2604-42c8-bbed-af50cef2dc2e] [NO_SESSION] org.hibernate.SQL - 
    select
        p1_0.id,
        p1_0.created_at,
        p1_0.file_name,
        p1_0.file_size_bytes,
        p1_0.mime_type,
        p1_0.status,
        p1_0.storage_file_path,
        p1_0.updated_at,
        p1_0.user_id 
    from
        photo p1_0 
    where
        p1_0.user_id=?
2026-09-01 22:17:11.988 [http-nio-8080-exec-1] INFO  [0f412e27-2604-42c8-bbed-af50cef2dc2e] [NO_SESSION] r.s.s.d.service.PhotoServiceImpl - Получены все метаданные фоток пользователя 64641147-39de-45f8-a11f-7f57eb2805dc
2026-09-01 22:17:11.989 [http-nio-8080-exec-1] WARN  [0f412e27-2604-42c8-bbed-af50cef2dc2e] [NO_SESSION] r.s.s.d.s.LocalFileStorageService - Подписанный URLs для локального хранилища не поддерживается, обычный URL для пути: 805dc/2026/09/c55a82db-dff6-42d1-afce-49d77c7ed80f.jpg
2026-09-01 22:17:11.992 [http-nio-8080-exec-1] DEBUG [0f412e27-2604-42c8-bbed-af50cef2dc2e] [NO_SESSION] org.hibernate.SQL - 
    select
        p1_0.id,
        p1_0.created_at,
        p1_0.file_name,
        p1_0.file_size_bytes,
        p1_0.mime_type,
        p1_0.status,
        p1_0.storage_file_path,
        p1_0.updated_at,
        p1_0.user_id 
    from
        photo p1_0 
    where
        p1_0.file_name=?
2026-09-01 22:17:11.994 [http-nio-8080-exec-1] INFO  [0f412e27-2604-42c8-bbed-af50cef2dc2e] [NO_SESSION] r.s.s.d.service.PhotoServiceImpl - Получено id 5ad35b52-8bbc-4171-a5d4-9eb03f15199c фото с именем skin3.jpg
2026-09-01 22:17:11.994 [http-nio-8080-exec-1] INFO  [0f412e27-2604-42c8-bbed-af50cef2dc2e] [NO_SESSION] r.s.s.d.service.PhotoServiceImpl - Получены URL для всех фото пользователя 64641147-39de-45f8-a11f-7f57eb2805dc
2026-09-01 22:17:11.998 [http-nio-8080-exec-1] DEBUG [0f412e27-2604-42c8-bbed-af50cef2dc2e] [NO_SESSION] o.s.jdbc.datasource.DataSourceUtils - Setting JDBC Connection [HikariProxyConnection@2097156479 wrapping org.postgresql.jdbc.PgConnection@4863c8ac] read-only
2026-09-01 22:17:12.006 [http-nio-8080-exec-1] DEBUG [0f412e27-2604-42c8-bbed-af50cef2dc2e] [NO_SESSION] o.s.jdbc.datasource.DataSourceUtils - Resetting read-only flag of JDBC Connection [HikariProxyConnection@2097156479 wrapping org.postgresql.jdbc.PgConnection@4863c8ac]
2026-09-01 22:17:12.006 [http-nio-8080-exec-1] INFO  [0f412e27-2604-42c8-bbed-af50cef2dc2e] [NO_SESSION] r.s.s.d.service.PhotoServiceImpl - Метаданные фото из БД 5ad35b52-8bbc-4171-a5d4-9eb03f15199c получены
2026-09-01 22:18:16.684 [http-nio-8080-exec-3] DEBUG [N/A] [N/A] o.s.security.web.FilterChainProxy - Securing GET /skinScan/photos/805dc/2026/09/c55a82db-dff6-42d1-afce-49d77c7ed80f.jpg
2026-09-01 22:18:23.900 [http-nio-8080-exec-4] DEBUG [N/A] [N/A] o.s.security.web.FilterChainProxy - Securing GET /skinScan/photos/805dc/2026/09/c55a82db-dff6-42d1-afce-49d77c7ed80f.jpg
2026-09-01 22:18:23.903 [http-nio-8080-exec-4] DEBUG [N/A] [N/A] org.hibernate.SQL - 
    select
        u1_0.id,
        u1_0.created_at,
        u1_0.email,
        u1_0.login,
        u1_0.password,
        u1_0.phone,
        u1_0.updated_at 
    from
        users u1_0 
    where
        u1_0.login=?
2026-09-01 22:18:24.373 [http-nio-8080-exec-4] DEBUG [N/A] [N/A] org.hibernate.SQL - 
    select
        u1_0.id 
    from
        users u1_0 
    where
        u1_0.login=?
2026-09-01 22:18:24.375 [http-nio-8080-exec-4] INFO  [N/A] [N/A] r.s.s.s.s.CustomUserDetailsService - Поиск пользователя с логином: Andrey600
2026-09-01 22:18:24.376 [http-nio-8080-exec-4] DEBUG [N/A] [N/A] org.hibernate.SQL - 
    select
        u1_0.id,
        u1_0.created_at,
        u1_0.email,
        u1_0.login,
        u1_0.password,
        u1_0.phone,
        u1_0.updated_at 
    from
        users u1_0 
    where
        u1_0.login=?
2026-09-01 22:18:24.377 [http-nio-8080-exec-4] INFO  [N/A] [N/A] r.s.s.s.s.CustomUserDetailsService - Найден пользователь: Andrey600, пароль: $2a$12$82L1ISHBmtE5Mz8Sna4Kr.OxWw0qFyPc2rdTy8Pr6YSNBBPgoLaiK
2026-09-01 22:18:25.007 [http-nio-8080-exec-4] DEBUG [N/A] [N/A] o.s.s.a.d.DaoAuthenticationProvider - Authenticated user
2026-09-01 22:18:25.007 [http-nio-8080-exec-4] DEBUG [N/A] [N/A] o.s.s.w.a.w.BasicAuthenticationFilter - Set SecurityContextHolder to UsernamePasswordAuthenticationToken [Principal=org.springframework.security.core.userdetails.User [Username=Andrey600, Password=[PROTECTED], Enabled=true, AccountNonExpired=true, credentialsNonExpired=true, AccountNonLocked=true, Granted Authorities=[]], Credentials=[PROTECTED], Authenticated=true, Details=WebAuthenticationDetails [RemoteIpAddress=127.0.0.1, SessionId=null], Granted Authorities=[]]
2026-09-01 22:18:25.008 [http-nio-8080-exec-4] DEBUG [N/A] [N/A] o.s.security.web.FilterChainProxy - Secured GET /skinScan/photos/805dc/2026/09/c55a82db-dff6-42d1-afce-49d77c7ed80f.jpg
2026-09-01 22:18:25.029 [http-nio-8080-exec-4] DEBUG [N/A] [N/A] o.s.security.web.FilterChainProxy - Securing GET /error
2026-09-01 22:18:25.031 [http-nio-8080-exec-4] DEBUG [N/A] [N/A] o.s.security.web.FilterChainProxy - Secured GET /error
2026-09-01 22:18:40.503 [http-nio-8080-exec-5] DEBUG [N/A] [N/A] o.s.security.web.FilterChainProxy - Securing GET /skinScan/photos/805dc/2026/09/c55a82db-dff6-42d1-afce-49d77c7ed80f.jpg
2026-09-01 22:18:40.806 [http-nio-8080-exec-6] DEBUG [N/A] [N/A] o.s.security.web.FilterChainProxy - Securing GET /favicon.ico
2026-09-01 22:19:07.480 [scheduling-1] DEBUG [N/A] [N/A] r.s.s.s.PhotoRecoveryScheduler - Запуск проверки и обработки зависших фотографий
2026-09-01 22:19:07.485 [scheduling-1] DEBUG [N/A] [N/A] org.hibernate.SQL - 
    select
        p1_0.id,
        p1_0.created_at,
        p1_0.file_name,
        p1_0.file_size_bytes,
        p1_0.mime_type,
        p1_0.status,
        p1_0.storage_file_path,
        p1_0.updated_at,
        p1_0.user_id 
    from
        photo p1_0 
    where
        p1_0.status=? 
        and p1_0.created_at<cast(? as timestamp(6) with time zone)
2026-09-01 22:19:07.490 [scheduling-1] DEBUG [N/A] [N/A] r.s.s.s.PhotoRecoveryScheduler - Зависшие фотографии не найдены
2026-09-01 22:20:40.664 [http-nio-8080-exec-9] DEBUG [N/A] [N/A] o.s.security.web.FilterChainProxy - Securing GET /skinScan/photos
2026-09-01 22:20:40.666 [http-nio-8080-exec-9] DEBUG [N/A] [N/A] org.hibernate.SQL - 
    select
        u1_0.id,
        u1_0.created_at,
        u1_0.email,
        u1_0.login,
        u1_0.password,
        u1_0.phone,
        u1_0.updated_at 
    from
        users u1_0 
    where
        u1_0.login=?
2026-09-01 22:20:41.109 [http-nio-8080-exec-9] DEBUG [N/A] [N/A] org.hibernate.SQL - 
    select
        u1_0.id 
    from
        users u1_0 
    where
        u1_0.login=?
2026-09-01 22:20:41.111 [http-nio-8080-exec-9] INFO  [N/A] [N/A] r.s.s.s.s.CustomUserDetailsService - Поиск пользователя с логином: Andrey600
2026-09-01 22:20:41.112 [http-nio-8080-exec-9] DEBUG [N/A] [N/A] org.hibernate.SQL - 
    select
        u1_0.id,
        u1_0.created_at,
        u1_0.email,
        u1_0.login,
        u1_0.password,
        u1_0.phone,
        u1_0.updated_at 
    from
        users u1_0 
    where
        u1_0.login=?
2026-09-01 22:20:41.117 [http-nio-8080-exec-9] INFO  [N/A] [N/A] r.s.s.s.s.CustomUserDetailsService - Найден пользователь: Andrey600, пароль: $2a$12$82L1ISHBmtE5Mz8Sna4Kr.OxWw0qFyPc2rdTy8Pr6YSNBBPgoLaiK
2026-09-01 22:20:41.585 [http-nio-8080-exec-9] DEBUG [N/A] [N/A] o.s.s.a.d.DaoAuthenticationProvider - Authenticated user
2026-09-01 22:20:41.586 [http-nio-8080-exec-9] DEBUG [N/A] [N/A] o.s.s.w.a.w.BasicAuthenticationFilter - Set SecurityContextHolder to UsernamePasswordAuthenticationToken [Principal=org.springframework.security.core.userdetails.User [Username=Andrey600, Password=[PROTECTED], Enabled=true, AccountNonExpired=true, credentialsNonExpired=true, AccountNonLocked=true, Granted Authorities=[]], Credentials=[PROTECTED], Authenticated=true, Details=WebAuthenticationDetails [RemoteIpAddress=127.0.0.1, SessionId=null], Granted Authorities=[]]
2026-09-01 22:20:41.586 [http-nio-8080-exec-9] DEBUG [N/A] [N/A] o.s.security.web.FilterChainProxy - Secured GET /skinScan/photos
2026-09-01 22:20:41.588 [http-nio-8080-exec-9] DEBUG [b8cc2e00-c657-44e7-95d6-8847f4f201a6] [NO_SESSION] org.hibernate.SQL - 
    select
        p1_0.id,
        p1_0.created_at,
        p1_0.file_name,
        p1_0.file_size_bytes,
        p1_0.mime_type,
        p1_0.status,
        p1_0.storage_file_path,
        p1_0.updated_at,
        p1_0.user_id 
    from
        photo p1_0 
    where
        p1_0.user_id=?
2026-09-01 22:20:41.590 [http-nio-8080-exec-9] INFO  [b8cc2e00-c657-44e7-95d6-8847f4f201a6] [NO_SESSION] r.s.s.d.service.PhotoServiceImpl - Получены все метаданные фоток пользователя 64641147-39de-45f8-a11f-7f57eb2805dc
2026-09-01 22:20:41.590 [http-nio-8080-exec-9] WARN  [b8cc2e00-c657-44e7-95d6-8847f4f201a6] [NO_SESSION] r.s.s.d.s.LocalFileStorageService - Подписанный URLs для локального хранилища не поддерживается, обычный URL для пути: 805dc/2026/09/c55a82db-dff6-42d1-afce-49d77c7ed80f.jpg
2026-09-01 22:20:41.591 [http-nio-8080-exec-9] DEBUG [b8cc2e00-c657-44e7-95d6-8847f4f201a6] [NO_SESSION] org.hibernate.SQL - 
    select
        p1_0.id,
        p1_0.created_at,
        p1_0.file_name,
        p1_0.file_size_bytes,
        p1_0.mime_type,
        p1_0.status,
        p1_0.storage_file_path,
        p1_0.updated_at,
        p1_0.user_id 
    from
        photo p1_0 
    where
        p1_0.file_name=?
2026-09-01 22:20:41.592 [http-nio-8080-exec-9] INFO  [b8cc2e00-c657-44e7-95d6-8847f4f201a6] [NO_SESSION] r.s.s.d.service.PhotoServiceImpl - Получено id 5ad35b52-8bbc-4171-a5d4-9eb03f15199c фото с именем skin3.jpg
2026-09-01 22:20:41.592 [http-nio-8080-exec-9] INFO  [b8cc2e00-c657-44e7-95d6-8847f4f201a6] [NO_SESSION] r.s.s.d.service.PhotoServiceImpl - Получены URL для всех фото пользователя 64641147-39de-45f8-a11f-7f57eb2805dc
2026-09-01 22:20:41.592 [http-nio-8080-exec-9] DEBUG [b8cc2e00-c657-44e7-95d6-8847f4f201a6] [NO_SESSION] o.s.jdbc.datasource.DataSourceUtils - Setting JDBC Connection [HikariProxyConnection@1681683179 wrapping org.postgresql.jdbc.PgConnection@4863c8ac] read-only
2026-09-01 22:20:41.593 [http-nio-8080-exec-9] DEBUG [b8cc2e00-c657-44e7-95d6-8847f4f201a6] [NO_SESSION] o.s.jdbc.datasource.DataSourceUtils - Resetting read-only flag of JDBC Connection [HikariProxyConnection@1681683179 wrapping org.postgresql.jdbc.PgConnection@4863c8ac]
2026-09-01 22:20:41.593 [http-nio-8080-exec-9] INFO  [b8cc2e00-c657-44e7-95d6-8847f4f201a6] [NO_SESSION] r.s.s.d.service.PhotoServiceImpl - Метаданные фото из БД 5ad35b52-8bbc-4171-a5d4-9eb03f15199c получены
2026-09-01 22:21:07.506 [scheduling-1] DEBUG [N/A] [N/A] r.s.s.s.PhotoRecoveryScheduler - Запуск проверки и обработки зависших фотографий
2026-09-01 22:21:07.508 [scheduling-1] DEBUG [N/A] [N/A] org.hibernate.SQL - 
    select
        p1_0.id,
        p1_0.created_at,
        p1_0.file_name,
        p1_0.file_size_bytes,
        p1_0.mime_type,
        p1_0.status,
        p1_0.storage_file_path,
        p1_0.updated_at,
        p1_0.user_id 
    from
        photo p1_0 
    where
        p1_0.status=? 
        and p1_0.created_at<cast(? as timestamp(6) with time zone)
2026-09-01 22:21:07.510 [scheduling-1] DEBUG [N/A] [N/A] r.s.s.s.PhotoRecoveryScheduler - Зависшие фотографии не найдены
2026-09-01 22:22:28.505 [SpringApplicationShutdownHook] INFO  [N/A] [N/A] o.s.o.j.LocalContainerEntityManagerFactoryBean - Closing JPA EntityManagerFactory for persistence unit 'default'
2026-09-01 22:22:28.507 [SpringApplicationShutdownHook] INFO  [N/A] [N/A] com.zaxxer.hikari.HikariDataSource - HikariPool-1 - Shutdown initiated...
2026-09-01 22:22:28.511 [SpringApplicationShutdownHook] INFO  [N/A] [N/A] com.zaxxer.hikari.HikariDataSource - HikariPool-1 - Shutdown completed.
2026-09-01 22:22:39.145 [background-preinit] INFO  [N/A] [N/A] o.h.validator.internal.util.Version - HV000001: Hibernate Validator 8.0.1.Final
2026-09-01 22:22:39.181 [main] INFO  [N/A] [N/A] ru.startup.skinscan.Main - Starting Main using Java 21.0.10 with PID 21096 (C:\Users\ferdi\IdeaProjects\SkinScan\build\classes\java\main started by ferdi in C:\Users\ferdi\IdeaProjects\SkinScan)
2026-09-01 22:22:39.181 [main] DEBUG [N/A] [N/A] ru.startup.skinscan.Main - Running with Spring Boot v3.1.12, Spring v6.0.21
2026-09-01 22:22:39.181 [main] INFO  [N/A] [N/A] ru.startup.skinscan.Main - The following 1 profile is active: "local"
2026-09-01 22:22:40.112 [main] INFO  [N/A] [N/A] o.s.d.r.c.RepositoryConfigurationDelegate - Bootstrapping Spring Data JPA repositories in DEFAULT mode.
2026-09-01 22:22:40.196 [main] INFO  [N/A] [N/A] o.s.d.r.c.RepositoryConfigurationDelegate - Finished Spring Data repository scanning in 74 ms. Found 3 JPA repository interfaces.
2026-09-01 22:22:40.792 [main] INFO  [N/A] [N/A] o.s.b.w.e.tomcat.TomcatWebServer - Tomcat initialized with port(s): 8080 (http)
2026-09-01 22:22:40.808 [main] INFO  [N/A] [N/A] o.a.coyote.http11.Http11NioProtocol - Initializing ProtocolHandler ["http-nio-8080"]
2026-09-01 22:22:40.811 [main] INFO  [N/A] [N/A] o.a.catalina.core.StandardService - Starting service [Tomcat]
2026-09-01 22:22:40.812 [main] INFO  [N/A] [N/A] o.a.catalina.core.StandardEngine - Starting Servlet engine: [Apache Tomcat/10.1.24]
2026-09-01 22:22:40.959 [main] INFO  [N/A] [N/A] o.a.c.c.C.[Tomcat].[localhost].[/] - Initializing Spring embedded WebApplicationContext
2026-09-01 22:22:40.959 [main] INFO  [N/A] [N/A] o.s.b.w.s.c.ServletWebServerApplicationContext - Root WebApplicationContext: initialization completed in 1727 ms
2026-09-01 22:22:40.991 [main] INFO  [N/A] [N/A] r.s.s.s.r.RateLimiterInMemory - RateLimiter инициализирован с интервалом очистки: 300с
2026-09-01 22:22:41.274 [main] DEBUG [N/A] [N/A] o.f.c.i.s.classpath.ClassPathScanner - Scanning for classpath resources at 'classpath:db/callback' ...
2026-09-01 22:22:41.274 [main] DEBUG [N/A] [N/A] o.f.c.i.s.classpath.ClassPathScanner - Determining location urls for classpath:db/callback using ClassLoader TomcatEmbeddedWebappClassLoader
  context: ROOT
  delegate: true
----------> Parent Classloader:
jdk.internal.loader.ClassLoaders$AppClassLoader@3fee733d
 ...
2026-09-01 22:22:41.275 [main] DEBUG [N/A] [N/A] o.f.c.i.s.classpath.ClassPathScanner - Unable to resolve location classpath:db/callback.
2026-09-01 22:22:41.275 [main] DEBUG [N/A] [N/A] o.f.c.i.s.classpath.ClassPathScanner - Scanning for classpath resources at 'classpath:db/migration' ...
2026-09-01 22:22:41.275 [main] DEBUG [N/A] [N/A] o.f.c.i.s.classpath.ClassPathScanner - Determining location urls for classpath:db/migration using ClassLoader TomcatEmbeddedWebappClassLoader
  context: ROOT
  delegate: true
----------> Parent Classloader:
jdk.internal.loader.ClassLoaders$AppClassLoader@3fee733d
 ...
2026-09-01 22:22:41.275 [main] DEBUG [N/A] [N/A] o.f.c.i.s.classpath.ClassPathScanner - Scanning URL: file:/C:/Users/ferdi/IdeaProjects/SkinScan/build/resources/main/db/migration
2026-09-01 22:22:41.276 [main] DEBUG [N/A] [N/A] o.f.c.i.s.c.FileSystemClassPathLocationScanner - Scanning starting at classpath root in filesystem: C:\Users\ferdi\IdeaProjects\SkinScan\build\resources\main\
2026-09-01 22:22:41.277 [main] DEBUG [N/A] [N/A] o.f.c.i.s.c.FileSystemClassPathLocationScanner - Scanning for resources in path: C:\Users\ferdi\IdeaProjects\SkinScan\build\resources\main\db\migration (db/migration)
2026-09-01 22:22:41.278 [main] DEBUG [N/A] [N/A] o.f.c.i.s.classpath.ClassPathScanner - Found resource: db/migration/V1__create_users_table.sql
2026-09-01 22:22:41.278 [main] DEBUG [N/A] [N/A] o.f.c.i.s.classpath.ClassPathScanner - Found resource: db/migration/V2__create_photo_table.sql
2026-09-01 22:22:41.278 [main] DEBUG [N/A] [N/A] o.f.c.i.s.classpath.ClassPathScanner - Found resource: db/migration/V3__create_analysis_table.sql
2026-09-01 22:22:41.278 [main] DEBUG [N/A] [N/A] o.f.c.i.s.classpath.ClassPathScanner - Found resource: db/migration/V4__add_index.sql
2026-09-01 22:22:41.279 [main] DEBUG [N/A] [N/A] o.f.c.i.s.classpath.ClassPathScanner - Scanning for classes at classpath:db/migration
2026-09-01 22:22:41.281 [main] DEBUG [N/A] [N/A] o.f.c.i.r.ResourceNameValidator - Validating V2__create_photo_table.sql
2026-09-01 22:22:41.285 [main] INFO  [N/A] [N/A] com.zaxxer.hikari.HikariDataSource - HikariPool-1 - Starting...
2026-09-01 22:22:41.430 [main] INFO  [N/A] [N/A] com.zaxxer.hikari.pool.HikariPool - HikariPool-1 - Added connection org.postgresql.jdbc.PgConnection@4863c8ac
2026-09-01 22:22:41.432 [main] INFO  [N/A] [N/A] com.zaxxer.hikari.HikariDataSource - HikariPool-1 - Start completed.
2026-09-01 22:22:41.465 [main] DEBUG [N/A] [N/A] o.f.c.i.r.ResourceNameValidator - Validating V1__create_users_table.sql
2026-09-01 22:22:41.466 [main] DEBUG [N/A] [N/A] o.f.c.i.r.ResourceNameValidator - Validating V4__add_index.sql
2026-09-01 22:22:41.466 [main] DEBUG [N/A] [N/A] o.f.c.i.r.ResourceNameValidator - Validating V3__create_analysis_table.sql
2026-09-01 22:22:41.475 [main] DEBUG [N/A] [N/A] o.f.c.i.d.DatabaseTypeRegister - Multiple databases found that handle url 'jdbc:postgresql://localhost:5432/skinScan': CockroachDB,PostgreSQL
2026-09-01 22:22:41.476 [main] INFO  [N/A] [N/A] org.flywaydb.core.FlywayExecutor - Database: jdbc:postgresql://localhost:5432/skinScan (PostgreSQL 18.1)
2026-09-01 22:22:41.476 [main] DEBUG [N/A] [N/A] org.flywaydb.core.FlywayExecutor - Database Type: PostgreSQL
2026-09-01 22:22:41.476 [main] DEBUG [N/A] [N/A] org.flywaydb.core.FlywayExecutor - Driver: PostgreSQL JDBC Driver 42.7.11
2026-09-01 22:22:41.476 [main] DEBUG [N/A] [N/A] org.flywaydb.core.FlywayExecutor - DDL Transactions Supported: true
2026-09-01 22:22:41.478 [main] DEBUG [N/A] [N/A] o.f.c.i.s.SchemaHistoryFactory - Schemas: 
2026-09-01 22:22:41.478 [main] DEBUG [N/A] [N/A] o.f.c.i.s.SchemaHistoryFactory - Default schema: null
2026-09-01 22:22:41.490 [main] WARN  [N/A] [N/A] o.f.c.i.database.base.Database - Flyway upgrade recommended: PostgreSQL 18.1 is newer than this version of Flyway and support has not been tested. The latest supported version of PostgreSQL is 16.
2026-09-01 22:22:41.493 [main] DEBUG [N/A] [N/A] o.f.c.i.c.SqlScriptCallbackFactory - Scanning for SQL callbacks ...
2026-09-01 22:22:41.508 [main] DEBUG [N/A] [N/A] o.f.core.internal.command.DbValidate - Validating migrations ...
2026-09-01 22:22:41.513 [main] DEBUG [N/A] [N/A] o.f.c.a.c.ClassicConfiguration - CherryPickConfigurationExtension not found
2026-09-01 22:22:41.523 [main] DEBUG [N/A] [N/A] o.f.core.internal.scanner.Scanner - Filtering out resource: db/migration/V2__create_photo_table.sql (filename: V2__create_photo_table.sql)
2026-09-01 22:22:41.524 [main] DEBUG [N/A] [N/A] o.f.core.internal.scanner.Scanner - Filtering out resource: db/migration/V1__create_users_table.sql (filename: V1__create_users_table.sql)
2026-09-01 22:22:41.524 [main] DEBUG [N/A] [N/A] o.f.core.internal.scanner.Scanner - Filtering out resource: db/migration/V4__add_index.sql (filename: V4__add_index.sql)
2026-09-01 22:22:41.524 [main] DEBUG [N/A] [N/A] o.f.core.internal.scanner.Scanner - Filtering out resource: db/migration/V3__create_analysis_table.sql (filename: V3__create_analysis_table.sql)
2026-09-01 22:22:41.527 [main] DEBUG [N/A] [N/A] o.f.core.internal.scanner.Scanner - Filtering out resource: db/migration/V2__create_photo_table.sql (filename: V2__create_photo_table.sql)
2026-09-01 22:22:41.527 [main] DEBUG [N/A] [N/A] o.f.core.internal.scanner.Scanner - Filtering out resource: db/migration/V1__create_users_table.sql (filename: V1__create_users_table.sql)
2026-09-01 22:22:41.527 [main] DEBUG [N/A] [N/A] o.f.core.internal.scanner.Scanner - Filtering out resource: db/migration/V4__add_index.sql (filename: V4__add_index.sql)
2026-09-01 22:22:41.527 [main] DEBUG [N/A] [N/A] o.f.core.internal.scanner.Scanner - Filtering out resource: db/migration/V3__create_analysis_table.sql (filename: V3__create_analysis_table.sql)
2026-09-01 22:22:41.568 [main] INFO  [N/A] [N/A] o.f.core.internal.command.DbValidate - Successfully validated 4 migrations (execution time 00:00.057s)
2026-09-01 22:22:41.573 [main] DEBUG [N/A] [N/A] o.f.core.internal.command.DbSchemas - Skipping creation of existing schema: "public"
2026-09-01 22:22:41.631 [main] DEBUG [N/A] [N/A] o.f.c.a.c.ClassicConfiguration - CherryPickConfigurationExtension not found
2026-09-01 22:22:41.634 [main] INFO  [N/A] [N/A] o.f.core.internal.command.DbMigrate - Current version of schema "public": 4
2026-09-01 22:22:41.637 [main] INFO  [N/A] [N/A] o.f.core.internal.command.DbMigrate - Schema "public" is up to date. No migration necessary.
2026-09-01 22:22:41.643 [main] DEBUG [N/A] [N/A] org.flywaydb.core.FlywayExecutor - Memory usage: 47 of 80M
2026-09-01 22:22:41.716 [main] DEBUG [N/A] [N/A] o.s.jdbc.datasource.DataSourceUtils - Fetching JDBC Connection from DataSource
2026-09-01 22:22:41.770 [main] INFO  [N/A] [N/A] o.h.jpa.internal.util.LogHelper - HHH000204: Processing PersistenceUnitInfo [name: default]
2026-09-01 22:22:41.839 [main] INFO  [N/A] [N/A] org.hibernate.Version - HHH000412: Hibernate ORM core version 6.2.25.Final
2026-09-01 22:22:41.842 [main] INFO  [N/A] [N/A] org.hibernate.cfg.Environment - HHH000406: Using bytecode reflection optimizer
2026-09-01 22:22:42.997 [main] INFO  [N/A] [N/A] o.s.o.j.p.SpringPersistenceUnitInfo - No LoadTimeWeaver setup: ignoring JPA class transformer
2026-09-01 22:22:44.544 [main] INFO  [N/A] [N/A] o.h.e.t.j.p.i.JtaPlatformInitiator - HHH000489: No JTA platform available (set 'hibernate.transaction.jta.platform' to enable JTA platform integration)
2026-09-01 22:22:44.553 [main] INFO  [N/A] [N/A] o.s.o.j.LocalContainerEntityManagerFactoryBean - Initialized JPA EntityManagerFactory for persistence unit 'default'
2026-09-01 22:22:44.897 [main] INFO  [N/A] [N/A] o.s.d.j.r.query.QueryEnhancerFactory - Hibernate is in classpath; If applicable, HQL parser will be used.
2026-09-01 22:22:45.604 [main] DEBUG [N/A] [N/A] r.s.s.s.filter.RateLimiterFilter - Filter 'rateLimiterFilter' configured for use
2026-09-01 22:22:45.605 [main] DEBUG [N/A] [N/A] r.s.skinscan.config.MdcLoggingFilter - Filter 'mdcLoggingFilter' configured for use
2026-09-01 22:22:45.712 [main] INFO  [N/A] [N/A] r.s.s.d.s.LocalFileStorageService - Инициализация локального хранилища фотографий с начальным путем: C:\Users\ferdi/data/uploads
2026-09-01 22:22:45.714 [main] INFO  [N/A] [N/A] r.s.s.d.s.LocalFileStorageService - Инициализация локального хранилища фотографий успешна завершена!
2026-09-01 22:22:45.822 [main] INFO  [N/A] [N/A] r.s.skinscan.config.AsyncConfig - Photo Task Executor запущен: базовое кол-во потоков=5, максимальное кол-во потоков=10, размер очереди ожидания=100
2026-09-01 22:22:45.829 [main] INFO  [N/A] [N/A] r.s.skinscan.config.AsyncConfig - Recovery Task Executor запущен
2026-09-01 22:22:45.986 [main] WARN  [N/A] [N/A] o.s.b.a.o.j.JpaBaseConfiguration$JpaWebConfiguration - spring.jpa.open-in-view is enabled by default. Therefore, database queries may be performed during view rendering. Explicitly configure spring.jpa.open-in-view to disable this warning
2026-09-01 22:22:45.996 [main] DEBUG [N/A] [N/A] o.s.s.c.a.a.c.AuthenticationConfiguration$DefaultPasswordEncoderAuthenticationManagerBuilder - No authenticationProviders and no parentAuthenticationManager defined. Returning null.
2026-09-01 22:22:46.206 [main] INFO  [N/A] [N/A] o.s.s.web.DefaultSecurityFilterChain - Will secure any request with [org.springframework.security.web.session.DisableEncodeUrlFilter@78405f00, org.springframework.security.web.context.request.async.WebAsyncManagerIntegrationFilter@295f115d, org.springframework.security.web.context.SecurityContextHolderFilter@3653bb61, org.springframework.security.web.header.HeaderWriterFilter@74c58f64, org.springframework.web.filter.CorsFilter@a6cb2c9, org.springframework.security.web.authentication.logout.LogoutFilter@5135b8a3, ru.startup.skinscan.security.filter.RateLimiterFilter@2c2dfde3, org.springframework.security.web.authentication.www.BasicAuthenticationFilter@73344f4a, org.springframework.security.web.savedrequest.RequestCacheAwareFilter@23972e02, org.springframework.security.web.servletapi.SecurityContextHolderAwareRequestFilter@251d64d6, org.springframework.security.web.authentication.AnonymousAuthenticationFilter@3c32f3d8, org.springframework.security.web.session.SessionManagementFilter@46e2a773, org.springframework.security.web.access.ExceptionTranslationFilter@1b1434ce, org.springframework.security.web.access.intercept.AuthorizationFilter@490dc900]
2026-09-01 22:22:46.810 [main] INFO  [N/A] [N/A] o.a.coyote.http11.Http11NioProtocol - Starting ProtocolHandler ["http-nio-8080"]
2026-09-01 22:22:46.829 [main] INFO  [N/A] [N/A] o.s.b.w.e.tomcat.TomcatWebServer - Tomcat started on port(s): 8080 (http) with context path ''
2026-09-01 22:22:46.840 [main] INFO  [N/A] [N/A] ru.startup.skinscan.Main - Started Main in 8.274 seconds (process running for 9.119)
2026-09-01 22:22:46.846 [scheduling-1] DEBUG [N/A] [N/A] r.s.s.s.PhotoRecoveryScheduler - Запуск проверки и обработки зависших фотографий
2026-09-01 22:22:46.928 [scheduling-1] DEBUG [N/A] [N/A] org.hibernate.SQL - 
    select
        p1_0.id,
        p1_0.created_at,
        p1_0.file_name,
        p1_0.file_size_bytes,
        p1_0.mime_type,
        p1_0.status,
        p1_0.storage_file_path,
        p1_0.updated_at,
        p1_0.user_id 
    from
        photo p1_0 
    where
        p1_0.status=? 
        and p1_0.created_at<cast(? as timestamp(6) with time zone)
2026-09-01 22:22:46.955 [scheduling-1] DEBUG [N/A] [N/A] r.s.s.s.PhotoRecoveryScheduler - Зависшие фотографии не найдены
2026-09-01 22:23:06.458 [http-nio-8080-exec-1] INFO  [N/A] [N/A] o.a.c.c.C.[Tomcat].[localhost].[/] - Initializing Spring DispatcherServlet 'dispatcherServlet'
2026-09-01 22:23:06.459 [http-nio-8080-exec-1] INFO  [N/A] [N/A] o.s.web.servlet.DispatcherServlet - Initializing Servlet 'dispatcherServlet'
2026-09-01 22:23:06.460 [http-nio-8080-exec-1] INFO  [N/A] [N/A] o.s.web.servlet.DispatcherServlet - Completed initialization in 1 ms
2026-09-01 22:23:06.489 [http-nio-8080-exec-1] DEBUG [N/A] [N/A] o.s.security.web.FilterChainProxy - Securing GET /skinScan/photos
2026-09-01 22:23:06.539 [http-nio-8080-exec-1] DEBUG [N/A] [N/A] org.hibernate.SQL - 
    select
        u1_0.id,
        u1_0.created_at,
        u1_0.email,
        u1_0.login,
        u1_0.password,
        u1_0.phone,
        u1_0.updated_at 
    from
        users u1_0 
    where
        u1_0.login=?
2026-09-01 22:23:07.137 [http-nio-8080-exec-1] DEBUG [N/A] [N/A] org.hibernate.SQL - 
    select
        u1_0.id 
    from
        users u1_0 
    where
        u1_0.login=?
2026-09-01 22:23:07.613 [http-nio-8080-exec-1] INFO  [N/A] [N/A] r.s.s.s.s.CustomUserDetailsService - Поиск пользователя с логином: Andrey600
2026-09-01 22:23:07.614 [http-nio-8080-exec-1] DEBUG [N/A] [N/A] org.hibernate.SQL - 
    select
        u1_0.id,
        u1_0.created_at,
        u1_0.email,
        u1_0.login,
        u1_0.password,
        u1_0.phone,
        u1_0.updated_at 
    from
        users u1_0 
    where
        u1_0.login=?
2026-09-01 22:23:07.616 [http-nio-8080-exec-1] INFO  [N/A] [N/A] r.s.s.s.s.CustomUserDetailsService - Найден пользователь: Andrey600, пароль: $2a$12$82L1ISHBmtE5Mz8Sna4Kr.OxWw0qFyPc2rdTy8Pr6YSNBBPgoLaiK
2026-09-01 22:23:08.030 [http-nio-8080-exec-1] DEBUG [N/A] [N/A] o.s.s.a.d.DaoAuthenticationProvider - Authenticated user
2026-09-01 22:23:08.031 [http-nio-8080-exec-1] DEBUG [N/A] [N/A] o.s.s.w.a.w.BasicAuthenticationFilter - Set SecurityContextHolder to UsernamePasswordAuthenticationToken [Principal=org.springframework.security.core.userdetails.User [Username=Andrey600, Password=[PROTECTED], Enabled=true, AccountNonExpired=true, credentialsNonExpired=true, AccountNonLocked=true, Granted Authorities=[]], Credentials=[PROTECTED], Authenticated=true, Details=WebAuthenticationDetails [RemoteIpAddress=127.0.0.1, SessionId=null], Granted Authorities=[]]
2026-09-01 22:23:08.033 [http-nio-8080-exec-1] DEBUG [N/A] [N/A] o.s.security.web.FilterChainProxy - Secured GET /skinScan/photos
2026-09-01 22:23:08.067 [http-nio-8080-exec-1] DEBUG [c9694375-c365-45a8-ad52-c8fc6ee50293] [NO_SESSION] org.hibernate.SQL - 
    select
        p1_0.id,
        p1_0.created_at,
        p1_0.file_name,
        p1_0.file_size_bytes,
        p1_0.mime_type,
        p1_0.status,
        p1_0.storage_file_path,
        p1_0.updated_at,
        p1_0.user_id 
    from
        photo p1_0 
    where
        p1_0.user_id=?
2026-09-01 22:23:08.070 [http-nio-8080-exec-1] INFO  [c9694375-c365-45a8-ad52-c8fc6ee50293] [NO_SESSION] r.s.s.d.service.PhotoServiceImpl - Получены все метаданные фоток пользователя 64641147-39de-45f8-a11f-7f57eb2805dc
2026-09-01 22:23:08.070 [http-nio-8080-exec-1] WARN  [c9694375-c365-45a8-ad52-c8fc6ee50293] [NO_SESSION] r.s.s.d.s.LocalFileStorageService - Подписанный URLs для локального хранилища не поддерживается, обычный URL для пути: 805dc/2026/09/c55a82db-dff6-42d1-afce-49d77c7ed80f.jpg
2026-09-01 22:23:08.075 [http-nio-8080-exec-1] DEBUG [c9694375-c365-45a8-ad52-c8fc6ee50293] [NO_SESSION] org.hibernate.SQL - 
    select
        p1_0.id,
        p1_0.created_at,
        p1_0.file_name,
        p1_0.file_size_bytes,
        p1_0.mime_type,
        p1_0.status,
        p1_0.storage_file_path,
        p1_0.updated_at,
        p1_0.user_id 
    from
        photo p1_0 
    where
        p1_0.file_name=?
2026-09-01 22:23:08.078 [http-nio-8080-exec-1] INFO  [c9694375-c365-45a8-ad52-c8fc6ee50293] [NO_SESSION] r.s.s.d.service.PhotoServiceImpl - Получено id 5ad35b52-8bbc-4171-a5d4-9eb03f15199c фото с именем skin3.jpg
2026-09-01 22:23:08.078 [http-nio-8080-exec-1] INFO  [c9694375-c365-45a8-ad52-c8fc6ee50293] [NO_SESSION] r.s.s.d.service.PhotoServiceImpl - Получены URL для всех фото пользователя 64641147-39de-45f8-a11f-7f57eb2805dc
2026-09-01 22:23:08.085 [http-nio-8080-exec-1] DEBUG [c9694375-c365-45a8-ad52-c8fc6ee50293] [NO_SESSION] o.s.jdbc.datasource.DataSourceUtils - Setting JDBC Connection [HikariProxyConnection@219661931 wrapping org.postgresql.jdbc.PgConnection@4863c8ac] read-only
2026-09-01 22:23:08.094 [http-nio-8080-exec-1] DEBUG [c9694375-c365-45a8-ad52-c8fc6ee50293] [NO_SESSION] o.s.jdbc.datasource.DataSourceUtils - Resetting read-only flag of JDBC Connection [HikariProxyConnection@219661931 wrapping org.postgresql.jdbc.PgConnection@4863c8ac]
2026-09-01 22:23:08.095 [http-nio-8080-exec-1] INFO  [c9694375-c365-45a8-ad52-c8fc6ee50293] [NO_SESSION] r.s.s.d.service.PhotoServiceImpl - Метаданные фото из БД 5ad35b52-8bbc-4171-a5d4-9eb03f15199c получены
2026-09-01 22:24:46.976 [scheduling-1] DEBUG [N/A] [N/A] r.s.s.s.PhotoRecoveryScheduler - Запуск проверки и обработки зависших фотографий
2026-09-01 22:24:46.983 [scheduling-1] DEBUG [N/A] [N/A] org.hibernate.SQL - 
    select
        p1_0.id,
        p1_0.created_at,
        p1_0.file_name,
        p1_0.file_size_bytes,
        p1_0.mime_type,
        p1_0.status,
        p1_0.storage_file_path,
        p1_0.updated_at,
        p1_0.user_id 
    from
        photo p1_0 
    where
        p1_0.status=? 
        and p1_0.created_at<cast(? as timestamp(6) with time zone)
2026-09-01 22:24:46.987 [scheduling-1] DEBUG [N/A] [N/A] r.s.s.s.PhotoRecoveryScheduler - Зависшие фотографии не найдены
2026-09-01 22:25:51.746 [http-nio-8080-exec-4] DEBUG [N/A] [N/A] o.s.security.web.FilterChainProxy - Securing GET /skinScan/photos/name/skin3.jpg
2026-09-01 22:25:51.749 [http-nio-8080-exec-4] DEBUG [N/A] [N/A] org.hibernate.SQL - 
    select
        u1_0.id,
        u1_0.created_at,
        u1_0.email,
        u1_0.login,
        u1_0.password,
        u1_0.phone,
        u1_0.updated_at 
    from
        users u1_0 
    where
        u1_0.login=?
2026-09-01 22:25:52.143 [http-nio-8080-exec-4] DEBUG [N/A] [N/A] org.hibernate.SQL - 
    select
        u1_0.id 
    from
        users u1_0 
    where
        u1_0.login=?
2026-09-01 22:25:52.144 [http-nio-8080-exec-4] INFO  [N/A] [N/A] r.s.s.s.s.CustomUserDetailsService - Поиск пользователя с логином: Andrey600
2026-09-01 22:25:52.145 [http-nio-8080-exec-4] DEBUG [N/A] [N/A] org.hibernate.SQL - 
    select
        u1_0.id,
        u1_0.created_at,
        u1_0.email,
        u1_0.login,
        u1_0.password,
        u1_0.phone,
        u1_0.updated_at 
    from
        users u1_0 
    where
        u1_0.login=?
2026-09-01 22:25:52.146 [http-nio-8080-exec-4] INFO  [N/A] [N/A] r.s.s.s.s.CustomUserDetailsService - Найден пользователь: Andrey600, пароль: $2a$12$82L1ISHBmtE5Mz8Sna4Kr.OxWw0qFyPc2rdTy8Pr6YSNBBPgoLaiK
2026-09-01 22:25:52.623 [http-nio-8080-exec-4] DEBUG [N/A] [N/A] o.s.s.a.d.DaoAuthenticationProvider - Authenticated user
2026-09-01 22:25:52.624 [http-nio-8080-exec-4] DEBUG [N/A] [N/A] o.s.s.w.a.w.BasicAuthenticationFilter - Set SecurityContextHolder to UsernamePasswordAuthenticationToken [Principal=org.springframework.security.core.userdetails.User [Username=Andrey600, Password=[PROTECTED], Enabled=true, AccountNonExpired=true, credentialsNonExpired=true, AccountNonLocked=true, Granted Authorities=[]], Credentials=[PROTECTED], Authenticated=true, Details=WebAuthenticationDetails [RemoteIpAddress=127.0.0.1, SessionId=null], Granted Authorities=[]]
2026-09-01 22:25:52.625 [http-nio-8080-exec-4] DEBUG [N/A] [N/A] o.s.security.web.FilterChainProxy - Secured GET /skinScan/photos/name/skin3.jpg
2026-09-01 22:25:52.631 [http-nio-8080-exec-4] DEBUG [cd22ad3c-161f-4dd8-b7cc-2ddfbad825db] [NO_SESSION] org.hibernate.SQL - 
    select
        p1_0.id,
        p1_0.created_at,
        p1_0.file_name,
        p1_0.file_size_bytes,
        p1_0.mime_type,
        p1_0.status,
        p1_0.storage_file_path,
        p1_0.updated_at,
        p1_0.user_id 
    from
        photo p1_0 
    where
        p1_0.file_name=?
2026-09-01 22:25:52.633 [http-nio-8080-exec-4] INFO  [cd22ad3c-161f-4dd8-b7cc-2ddfbad825db] [NO_SESSION] r.s.s.d.service.PhotoServiceImpl - Получено id 5ad35b52-8bbc-4171-a5d4-9eb03f15199c фото с именем skin3.jpg
2026-09-01 22:25:52.634 [http-nio-8080-exec-4] DEBUG [cd22ad3c-161f-4dd8-b7cc-2ddfbad825db] [NO_SESSION] o.s.jdbc.datasource.DataSourceUtils - Setting JDBC Connection [HikariProxyConnection@1290525323 wrapping org.postgresql.jdbc.PgConnection@4863c8ac] read-only
2026-09-01 22:25:52.635 [http-nio-8080-exec-4] DEBUG [cd22ad3c-161f-4dd8-b7cc-2ddfbad825db] [NO_SESSION] o.s.jdbc.datasource.DataSourceUtils - Resetting read-only flag of JDBC Connection [HikariProxyConnection@1290525323 wrapping org.postgresql.jdbc.PgConnection@4863c8ac]
2026-09-01 22:25:52.635 [http-nio-8080-exec-4] INFO  [cd22ad3c-161f-4dd8-b7cc-2ddfbad825db] [NO_SESSION] r.s.s.d.service.PhotoServiceImpl - Метаданные фото из БД 5ad35b52-8bbc-4171-a5d4-9eb03f15199c получены
2026-09-01 22:25:52.635 [http-nio-8080-exec-4] WARN  [cd22ad3c-161f-4dd8-b7cc-2ddfbad825db] [NO_SESSION] r.s.s.d.s.LocalFileStorageService - Подписанный URLs для локального хранилища не поддерживается, обычный URL для пути: 805dc/2026/09/c55a82db-dff6-42d1-afce-49d77c7ed80f.jpg
2026-09-01 22:25:52.635 [http-nio-8080-exec-4] INFO  [cd22ad3c-161f-4dd8-b7cc-2ddfbad825db] [NO_SESSION] r.s.s.d.service.PhotoServiceImpl - Сгенерирован подписанный URL для фото 5ad35b52-8bbc-4171-a5d4-9eb03f15199c: время действия 5 минут
2026-09-01 22:25:52.635 [http-nio-8080-exec-4] DEBUG [cd22ad3c-161f-4dd8-b7cc-2ddfbad825db] [NO_SESSION] o.s.jdbc.datasource.DataSourceUtils - Setting JDBC Connection [HikariProxyConnection@1290525323 wrapping org.postgresql.jdbc.PgConnection@4863c8ac] read-only
2026-09-01 22:25:52.636 [http-nio-8080-exec-4] DEBUG [cd22ad3c-161f-4dd8-b7cc-2ddfbad825db] [NO_SESSION] o.s.jdbc.datasource.DataSourceUtils - Resetting read-only flag of JDBC Connection [HikariProxyConnection@1290525323 wrapping org.postgresql.jdbc.PgConnection@4863c8ac]
2026-09-01 22:25:52.636 [http-nio-8080-exec-4] INFO  [cd22ad3c-161f-4dd8-b7cc-2ddfbad825db] [NO_SESSION] r.s.s.d.service.PhotoServiceImpl - Метаданные фото из БД 5ad35b52-8bbc-4171-a5d4-9eb03f15199c получены
2026-09-01 22:26:40.489 [http-nio-8080-exec-5] DEBUG [N/A] [N/A] o.s.security.web.FilterChainProxy - Securing GET /skinScan/photos/5ad35b52-8bbc-4171-a5d4-9eb03f15199c
2026-09-01 22:26:40.491 [http-nio-8080-exec-5] DEBUG [N/A] [N/A] org.hibernate.SQL - 
    select
        u1_0.id,
        u1_0.created_at,
        u1_0.email,
        u1_0.login,
        u1_0.password,
        u1_0.phone,
        u1_0.updated_at 
    from
        users u1_0 
    where
        u1_0.login=?
2026-09-01 22:26:41.060 [http-nio-8080-exec-5] DEBUG [N/A] [N/A] org.hibernate.SQL - 
    select
        u1_0.id 
    from
        users u1_0 
    where
        u1_0.login=?
2026-09-01 22:26:41.063 [http-nio-8080-exec-5] INFO  [N/A] [N/A] r.s.s.s.s.CustomUserDetailsService - Поиск пользователя с логином: Andrey600
2026-09-01 22:26:41.064 [http-nio-8080-exec-5] DEBUG [N/A] [N/A] org.hibernate.SQL - 
    select
        u1_0.id,
        u1_0.created_at,
        u1_0.email,
        u1_0.login,
        u1_0.password,
        u1_0.phone,
        u1_0.updated_at 
    from
        users u1_0 
    where
        u1_0.login=?
2026-09-01 22:26:41.067 [http-nio-8080-exec-5] INFO  [N/A] [N/A] r.s.s.s.s.CustomUserDetailsService - Найден пользователь: Andrey600, пароль: $2a$12$82L1ISHBmtE5Mz8Sna4Kr.OxWw0qFyPc2rdTy8Pr6YSNBBPgoLaiK
2026-09-01 22:26:41.532 [http-nio-8080-exec-5] DEBUG [N/A] [N/A] o.s.s.a.d.DaoAuthenticationProvider - Authenticated user
2026-09-01 22:26:41.532 [http-nio-8080-exec-5] DEBUG [N/A] [N/A] o.s.s.w.a.w.BasicAuthenticationFilter - Set SecurityContextHolder to UsernamePasswordAuthenticationToken [Principal=org.springframework.security.core.userdetails.User [Username=Andrey600, Password=[PROTECTED], Enabled=true, AccountNonExpired=true, credentialsNonExpired=true, AccountNonLocked=true, Granted Authorities=[]], Credentials=[PROTECTED], Authenticated=true, Details=WebAuthenticationDetails [RemoteIpAddress=127.0.0.1, SessionId=null], Granted Authorities=[]]
2026-09-01 22:26:41.533 [http-nio-8080-exec-5] DEBUG [N/A] [N/A] o.s.security.web.FilterChainProxy - Secured GET /skinScan/photos/5ad35b52-8bbc-4171-a5d4-9eb03f15199c
2026-09-01 22:26:41.535 [http-nio-8080-exec-5] DEBUG [d7a2e6a3-5a9e-4bb2-b021-f885eb4c6633] [NO_SESSION] o.s.jdbc.datasource.DataSourceUtils - Setting JDBC Connection [HikariProxyConnection@2128683446 wrapping org.postgresql.jdbc.PgConnection@4863c8ac] read-only
2026-09-01 22:26:41.538 [http-nio-8080-exec-5] DEBUG [d7a2e6a3-5a9e-4bb2-b021-f885eb4c6633] [NO_SESSION] org.hibernate.SQL - 
    select
        p1_0.id,
        p1_0.created_at,
        p1_0.file_name,
        p1_0.file_size_bytes,
        p1_0.mime_type,
        p1_0.status,
        p1_0.storage_file_path,
        p1_0.updated_at,
        p1_0.user_id 
    from
        photo p1_0 
    where
        p1_0.id=?
2026-09-01 22:26:41.541 [http-nio-8080-exec-5] DEBUG [d7a2e6a3-5a9e-4bb2-b021-f885eb4c6633] [NO_SESSION] o.s.jdbc.datasource.DataSourceUtils - Resetting read-only flag of JDBC Connection [HikariProxyConnection@2128683446 wrapping org.postgresql.jdbc.PgConnection@4863c8ac]
2026-09-01 22:26:41.541 [http-nio-8080-exec-5] INFO  [d7a2e6a3-5a9e-4bb2-b021-f885eb4c6633] [NO_SESSION] r.s.s.d.service.PhotoServiceImpl - Метаданные фото из БД 5ad35b52-8bbc-4171-a5d4-9eb03f15199c получены
2026-09-01 22:26:41.541 [http-nio-8080-exec-5] WARN  [d7a2e6a3-5a9e-4bb2-b021-f885eb4c6633] [NO_SESSION] r.s.s.d.s.LocalFileStorageService - Подписанный URLs для локального хранилища не поддерживается, обычный URL для пути: 805dc/2026/09/c55a82db-dff6-42d1-afce-49d77c7ed80f.jpg
2026-09-01 22:26:41.541 [http-nio-8080-exec-5] INFO  [d7a2e6a3-5a9e-4bb2-b021-f885eb4c6633] [NO_SESSION] r.s.s.d.service.PhotoServiceImpl - Сгенерирован подписанный URL для фото 5ad35b52-8bbc-4171-a5d4-9eb03f15199c: время действия 5 минут
2026-09-01 22:26:41.542 [http-nio-8080-exec-5] DEBUG [d7a2e6a3-5a9e-4bb2-b021-f885eb4c6633] [NO_SESSION] o.s.jdbc.datasource.DataSourceUtils - Setting JDBC Connection [HikariProxyConnection@2128683446 wrapping org.postgresql.jdbc.PgConnection@4863c8ac] read-only
2026-09-01 22:26:41.542 [http-nio-8080-exec-5] DEBUG [d7a2e6a3-5a9e-4bb2-b021-f885eb4c6633] [NO_SESSION] o.s.jdbc.datasource.DataSourceUtils - Resetting read-only flag of JDBC Connection [HikariProxyConnection@2128683446 wrapping org.postgresql.jdbc.PgConnection@4863c8ac]
2026-09-01 22:26:41.542 [http-nio-8080-exec-5] INFO  [d7a2e6a3-5a9e-4bb2-b021-f885eb4c6633] [NO_SESSION] r.s.s.d.service.PhotoServiceImpl - Метаданные фото из БД 5ad35b52-8bbc-4171-a5d4-9eb03f15199c получены
2026-09-01 22:26:46.994 [scheduling-1] DEBUG [N/A] [N/A] r.s.s.s.PhotoRecoveryScheduler - Запуск проверки и обработки зависших фотографий
2026-09-01 22:26:46.999 [scheduling-1] DEBUG [N/A] [N/A] org.hibernate.SQL - 
    select
        p1_0.id,
        p1_0.created_at,
        p1_0.file_name,
        p1_0.file_size_bytes,
        p1_0.mime_type,
        p1_0.status,
        p1_0.storage_file_path,
        p1_0.updated_at,
        p1_0.user_id 
    from
        photo p1_0 
    where
        p1_0.status=? 
        and p1_0.created_at<cast(? as timestamp(6) with time zone)
2026-09-01 22:26:47.004 [scheduling-1] DEBUG [N/A] [N/A] r.s.s.s.PhotoRecoveryScheduler - Зависшие фотографии не найдены
2026-09-01 22:27:05.964 [http-nio-8080-exec-3] DEBUG [N/A] [N/A] o.s.security.web.FilterChainProxy - Securing POST /skinScan/photos/upload
2026-09-01 22:27:05.966 [http-nio-8080-exec-3] DEBUG [N/A] [N/A] org.hibernate.SQL - 
    select
        u1_0.id,
        u1_0.created_at,
        u1_0.email,
        u1_0.login,
        u1_0.password,
        u1_0.phone,
        u1_0.updated_at 
    from
        users u1_0 
    where
        u1_0.login=?
2026-09-01 22:27:06.334 [http-nio-8080-exec-3] DEBUG [N/A] [N/A] org.hibernate.SQL - 
    select
        u1_0.id 
    from
        users u1_0 
    where
        u1_0.login=?
2026-09-01 22:27:06.335 [http-nio-8080-exec-3] INFO  [N/A] [N/A] r.s.s.s.s.CustomUserDetailsService - Поиск пользователя с логином: Andrey600
2026-09-01 22:27:06.335 [http-nio-8080-exec-3] DEBUG [N/A] [N/A] org.hibernate.SQL - 
    select
        u1_0.id,
        u1_0.created_at,
        u1_0.email,
        u1_0.login,
        u1_0.password,
        u1_0.phone,
        u1_0.updated_at 
    from
        users u1_0 
    where
        u1_0.login=?
2026-09-01 22:27:06.337 [http-nio-8080-exec-3] INFO  [N/A] [N/A] r.s.s.s.s.CustomUserDetailsService - Найден пользователь: Andrey600, пароль: $2a$12$82L1ISHBmtE5Mz8Sna4Kr.OxWw0qFyPc2rdTy8Pr6YSNBBPgoLaiK
2026-09-01 22:27:06.745 [http-nio-8080-exec-3] DEBUG [N/A] [N/A] o.s.s.a.d.DaoAuthenticationProvider - Authenticated user
2026-09-01 22:27:06.745 [http-nio-8080-exec-3] DEBUG [N/A] [N/A] o.s.s.w.a.w.BasicAuthenticationFilter - Set SecurityContextHolder to UsernamePasswordAuthenticationToken [Principal=org.springframework.security.core.userdetails.User [Username=Andrey600, Password=[PROTECTED], Enabled=true, AccountNonExpired=true, credentialsNonExpired=true, AccountNonLocked=true, Granted Authorities=[]], Credentials=[PROTECTED], Authenticated=true, Details=WebAuthenticationDetails [RemoteIpAddress=127.0.0.1, SessionId=null], Granted Authorities=[]]
2026-09-01 22:27:06.745 [http-nio-8080-exec-3] DEBUG [N/A] [N/A] o.s.security.web.FilterChainProxy - Secured POST /skinScan/photos/upload
2026-09-01 22:27:06.826 [http-nio-8080-exec-3] DEBUG [c005c1c6-ff8d-41ac-83a9-fc0232646a12] [NO_SESSION] r.s.s.d.s.LocalFileStorageService - Файл сохранится в директории: C:\Users\ferdi\data\uploads\805dc\2026\09\2e9b5cce-35d7-4141-8cca-64e9c9e22a6e.jpg, с временной директорией: C:\Users\ferdi\data\uploads\805dc\2026\09\temp\.2e9b5cce-35d7-4141-8cca-64e9c9e22a6e.jpg.tmp
2026-09-01 22:27:06.832 [http-nio-8080-exec-3] INFO  [c005c1c6-ff8d-41ac-83a9-fc0232646a12] [NO_SESSION] r.s.s.d.s.LocalFileStorageService - Файл успешно сохранен: 805dc/2026/09/2e9b5cce-35d7-4141-8cca-64e9c9e22a6e.jpg, с размером: 33095 байт
2026-09-01 22:27:06.832 [http-nio-8080-exec-3] INFO  [c005c1c6-ff8d-41ac-83a9-fc0232646a12] [NO_SESSION] r.s.s.d.service.PhotoServiceImpl - Фото сохранено в хранилище
2026-09-01 22:27:06.839 [http-nio-8080-exec-3] DEBUG [c005c1c6-ff8d-41ac-83a9-fc0232646a12] [NO_SESSION] org.hibernate.SQL - 
    select
        p1_0.id,
        p1_0.created_at,
        p1_0.file_name,
        p1_0.file_size_bytes,
        p1_0.mime_type,
        p1_0.status,
        p1_0.storage_file_path,
        p1_0.updated_at,
        p1_0.user_id 
    from
        photo p1_0 
    where
        p1_0.id=?
2026-09-01 22:27:06.847 [http-nio-8080-exec-3] INFO  [c005c1c6-ff8d-41ac-83a9-fc0232646a12] [NO_SESSION] r.s.s.d.service.PhotoServiceImpl - Метаданные фото 6190af82-0929-4f2d-bbd1-5e1b75ba5476 сохранены в БД
2026-09-01 22:27:06.848 [http-nio-8080-exec-3] INFO  [c005c1c6-ff8d-41ac-83a9-fc0232646a12] [NO_SESSION] r.s.s.d.service.PhotoServiceImpl - Запуск асинхронной обработки фото 6190af82-0929-4f2d-bbd1-5e1b75ba5476
2026-09-01 22:27:06.849 [PhotoProcessor-1] INFO  [N/A] [N/A] r.s.s.d.s.AsyncPhotoProcessingExecutor - Запущен асинхронный процесс с фото: 6190af82-0929-4f2d-bbd1-5e1b75ba5476, пользователя: 64641147-39de-45f8-a11f-7f57eb2805dc
2026-09-01 22:27:06.862 [http-nio-8080-exec-3] DEBUG [c005c1c6-ff8d-41ac-83a9-fc0232646a12] [NO_SESSION] org.hibernate.SQL - 
    insert 
    into
        photo
        (created_at,file_name,file_size_bytes,mime_type,status,storage_file_path,updated_at,user_id,id) 
    values
        (?,?,?,?,?,?,?,?,?)
2026-09-01 22:27:07.853 [PhotoProcessor-1] DEBUG [N/A] [N/A] o.s.jdbc.datasource.DataSourceUtils - Setting JDBC Connection [HikariProxyConnection@1278022566 wrapping org.postgresql.jdbc.PgConnection@4863c8ac] read-only
2026-09-01 22:27:07.856 [PhotoProcessor-1] DEBUG [N/A] [N/A] org.hibernate.SQL - 
    select
        p1_0.id,
        p1_0.created_at,
        p1_0.file_name,
        p1_0.file_size_bytes,
        p1_0.mime_type,
        p1_0.status,
        p1_0.storage_file_path,
        p1_0.updated_at,
        p1_0.user_id 
    from
        photo p1_0 
    where
        p1_0.id=?
2026-09-01 22:27:07.862 [PhotoProcessor-1] DEBUG [N/A] [N/A] o.s.jdbc.datasource.DataSourceUtils - Resetting read-only flag of JDBC Connection [HikariProxyConnection@1278022566 wrapping org.postgresql.jdbc.PgConnection@4863c8ac]
2026-09-01 22:27:07.882 [PhotoProcessor-1] DEBUG [N/A] [N/A] org.hibernate.SQL - 
    update
        photo 
    set
        status=?,
        updated_at=cast(? as timestamp(6) with time zone) 
    where
        id=?
2026-09-01 22:27:07.885 [PhotoProcessor-1] INFO  [N/A] [N/A] r.s.s.d.s.AsyncPhotoProcessingExecutor - Сменен статус фото 6190af82-0929-4f2d-bbd1-5e1b75ba5476 на PROCESSING
2026-09-01 22:27:07.888 [PhotoProcessor-1] DEBUG [N/A] [N/A] org.hibernate.SQL - 
    select
        a1_0.id,
        a1_0.completed_at,
        a1_0.photo_id,
        a1_0.requested_at,
        a1_0.result,
        a1_0.status 
    from
        analysis a1_0 
    where
        a1_0.id=?
2026-09-01 22:27:07.902 [PhotoProcessor-1] DEBUG [N/A] [N/A] org.hibernate.SQL - 
    insert 
    into
        analysis
        (completed_at,photo_id,requested_at,result,status,id) 
    values
        (?,?,?,?,?,?)
2026-09-01 22:27:07.915 [PhotoProcessor-1] INFO  [N/A] [N/A] r.s.s.d.s.AsyncPhotoProcessingExecutor - Сформирован запрос к ML сервису для фото: 6190af82-0929-4f2d-bbd1-5e1b75ba5476, размером: 33095 байт
2026-09-01 22:27:07.915 [PhotoProcessor-1] INFO  [N/A] [N/A] r.s.s.d.s.AsyncPhotoProcessingExecutor - Вызов ML анализа фото: 6190af82-0929-4f2d-bbd1-5e1b75ba5476
2026-09-01 22:27:07.915 [PhotoProcessor-1] INFO  [N/A] [N/A] ru.startup.skinscan.ML.StubMLClient - Заглушка ML: Анализ фото: 6190af82-0929-4f2d-bbd1-5e1b75ba5476
2026-09-01 22:27:12.838 [PhotoProcessor-1] INFO  [N/A] [N/A] ru.startup.skinscan.ML.StubMLClient - Заглушка ML: Фото: 6190af82-0929-4f2d-bbd1-5e1b75ba5476 обработано за 4923 ms
2026-09-01 22:27:12.838 [PhotoProcessor-1] INFO  [N/A] [N/A] r.s.s.d.s.AsyncPhotoProcessingExecutor - ML анализ фото: 6190af82-0929-4f2d-bbd1-5e1b75ba5476, завершен за время: 4923ms
2026-09-01 22:27:12.841 [PhotoProcessor-1] DEBUG [N/A] [N/A] org.hibernate.SQL - 
    update
        analysis 
    set
        result=?,
        status=?,
        completed_at=cast(? as timestamp(6) with time zone) 
    where
        id=?
2026-09-01 22:27:12.849 [PhotoProcessor-1] DEBUG [N/A] [N/A] org.hibernate.SQL - 
    update
        photo 
    set
        status=?,
        updated_at=cast(? as timestamp(6) with time zone) 
    where
        id=?
2026-09-01 22:27:12.850 [PhotoProcessor-1] INFO  [N/A] [N/A] r.s.s.d.s.AsyncPhotoProcessingExecutor - Анализ фото 6190af82-0929-4f2d-bbd1-5e1b75ba5476 успешно завершен
2026-09-01 22:28:14.491 [http-nio-8080-exec-7] DEBUG [N/A] [N/A] o.s.security.web.FilterChainProxy - Securing GET /skinScan/photos
2026-09-01 22:28:14.493 [http-nio-8080-exec-7] DEBUG [N/A] [N/A] org.hibernate.SQL - 
    select
        u1_0.id,
        u1_0.created_at,
        u1_0.email,
        u1_0.login,
        u1_0.password,
        u1_0.phone,
        u1_0.updated_at 
    from
        users u1_0 
    where
        u1_0.login=?
2026-09-01 22:28:14.958 [http-nio-8080-exec-7] DEBUG [N/A] [N/A] org.hibernate.SQL - 
    select
        u1_0.id 
    from
        users u1_0 
    where
        u1_0.login=?
2026-09-01 22:28:14.960 [http-nio-8080-exec-7] INFO  [N/A] [N/A] r.s.s.s.s.CustomUserDetailsService - Поиск пользователя с логином: Andrey600
2026-09-01 22:28:14.962 [http-nio-8080-exec-7] DEBUG [N/A] [N/A] org.hibernate.SQL - 
    select
        u1_0.id,
        u1_0.created_at,
        u1_0.email,
        u1_0.login,
        u1_0.password,
        u1_0.phone,
        u1_0.updated_at 
    from
        users u1_0 
    where
        u1_0.login=?
2026-09-01 22:28:14.964 [http-nio-8080-exec-7] INFO  [N/A] [N/A] r.s.s.s.s.CustomUserDetailsService - Найден пользователь: Andrey600, пароль: $2a$12$82L1ISHBmtE5Mz8Sna4Kr.OxWw0qFyPc2rdTy8Pr6YSNBBPgoLaiK
2026-09-01 22:28:15.454 [http-nio-8080-exec-7] DEBUG [N/A] [N/A] o.s.s.a.d.DaoAuthenticationProvider - Authenticated user
2026-09-01 22:28:15.455 [http-nio-8080-exec-7] DEBUG [N/A] [N/A] o.s.s.w.a.w.BasicAuthenticationFilter - Set SecurityContextHolder to UsernamePasswordAuthenticationToken [Principal=org.springframework.security.core.userdetails.User [Username=Andrey600, Password=[PROTECTED], Enabled=true, AccountNonExpired=true, credentialsNonExpired=true, AccountNonLocked=true, Granted Authorities=[]], Credentials=[PROTECTED], Authenticated=true, Details=WebAuthenticationDetails [RemoteIpAddress=127.0.0.1, SessionId=null], Granted Authorities=[]]
2026-09-01 22:28:15.455 [http-nio-8080-exec-7] DEBUG [N/A] [N/A] o.s.security.web.FilterChainProxy - Secured GET /skinScan/photos
2026-09-01 22:28:15.457 [http-nio-8080-exec-7] DEBUG [7ad6820c-3afa-4216-addb-1e7acd656d83] [NO_SESSION] org.hibernate.SQL - 
    select
        p1_0.id,
        p1_0.created_at,
        p1_0.file_name,
        p1_0.file_size_bytes,
        p1_0.mime_type,
        p1_0.status,
        p1_0.storage_file_path,
        p1_0.updated_at,
        p1_0.user_id 
    from
        photo p1_0 
    where
        p1_0.user_id=?
2026-09-01 22:28:15.458 [http-nio-8080-exec-7] INFO  [7ad6820c-3afa-4216-addb-1e7acd656d83] [NO_SESSION] r.s.s.d.service.PhotoServiceImpl - Получены все метаданные фоток пользователя 64641147-39de-45f8-a11f-7f57eb2805dc
2026-09-01 22:28:15.459 [http-nio-8080-exec-7] WARN  [7ad6820c-3afa-4216-addb-1e7acd656d83] [NO_SESSION] r.s.s.d.s.LocalFileStorageService - Подписанный URLs для локального хранилища не поддерживается, обычный URL для пути: 805dc/2026/09/c55a82db-dff6-42d1-afce-49d77c7ed80f.jpg
2026-09-01 22:28:15.460 [http-nio-8080-exec-7] DEBUG [7ad6820c-3afa-4216-addb-1e7acd656d83] [NO_SESSION] org.hibernate.SQL - 
    select
        p1_0.id,
        p1_0.created_at,
        p1_0.file_name,
        p1_0.file_size_bytes,
        p1_0.mime_type,
        p1_0.status,
        p1_0.storage_file_path,
        p1_0.updated_at,
        p1_0.user_id 
    from
        photo p1_0 
    where
        p1_0.file_name=?
2026-09-01 22:28:15.469 [http-nio-8080-exec-7] ERROR [N/A] [N/A] o.a.c.c.C.[.[.[.[dispatcherServlet] - Servlet.service() for servlet [dispatcherServlet] in context with path [] threw exception [Request processing failed: org.springframework.dao.IncorrectResultSizeDataAccessException: query did not return a unique result: 2] with root cause
jakarta.persistence.NonUniqueResultException: query did not return a unique result: 2
	at org.hibernate.internal.ExceptionConverterImpl.convert(ExceptionConverterImpl.java:128)
	at org.hibernate.query.spi.AbstractSelectionQuery.getSingleResult(AbstractSelectionQuery.java:482)
	at org.springframework.data.jpa.repository.query.JpaQueryExecution$SingleEntityExecution.doExecute(JpaQueryExecution.java:223)
	at org.springframework.data.jpa.repository.query.JpaQueryExecution.execute(JpaQueryExecution.java:92)
	at org.springframework.data.jpa.repository.query.AbstractJpaQuery.doExecute(AbstractJpaQuery.java:149)
	at org.springframework.data.jpa.repository.query.AbstractJpaQuery.execute(AbstractJpaQuery.java:137)
	at org.springframework.data.repository.core.support.RepositoryMethodInvoker.doInvoke(RepositoryMethodInvoker.java:136)
	at org.springframework.data.repository.core.support.RepositoryMethodInvoker.invoke(RepositoryMethodInvoker.java:120)
	at org.springframework.data.repository.core.support.QueryExecutorMethodInterceptor.doInvoke(QueryExecutorMethodInterceptor.java:164)
	at org.springframework.data.repository.core.support.QueryExecutorMethodInterceptor.invoke(QueryExecutorMethodInterceptor.java:143)
	at org.springframework.aop.framework.ReflectiveMethodInvocation.proceed(ReflectiveMethodInvocation.java:184)
	at org.springframework.data.projection.DefaultMethodInvokingMethodInterceptor.invoke(DefaultMethodInvokingMethodInterceptor.java:70)
	at org.springframework.aop.framework.ReflectiveMethodInvocation.proceed(ReflectiveMethodInvocation.java:184)
	at org.springframework.transaction.interceptor.TransactionInterceptor$1.proceedWithInvocation(TransactionInterceptor.java:123)
	at org.springframework.transaction.interceptor.TransactionAspectSupport.invokeWithinTransaction(TransactionAspectSupport.java:391)
	at org.springframework.transaction.interceptor.TransactionInterceptor.invoke(TransactionInterceptor.java:119)
	at org.springframework.aop.framework.ReflectiveMethodInvocation.proceed(ReflectiveMethodInvocation.java:184)
	at org.springframework.dao.support.PersistenceExceptionTranslationInterceptor.invoke(PersistenceExceptionTranslationInterceptor.java:137)
	at org.springframework.aop.framework.ReflectiveMethodInvocation.proceed(ReflectiveMethodInvocation.java:184)
	at org.springframework.data.jpa.repository.support.CrudMethodMetadataPostProcessor$CrudMethodMetadataPopulatingMethodInterceptor.invoke(CrudMethodMetadataPostProcessor.java:135)
	at org.springframework.aop.framework.ReflectiveMethodInvocation.proceed(ReflectiveMethodInvocation.java:184)
	at org.springframework.aop.interceptor.ExposeInvocationInterceptor.invoke(ExposeInvocationInterceptor.java:97)
	at org.springframework.aop.framework.ReflectiveMethodInvocation.proceed(ReflectiveMethodInvocation.java:184)
	at org.springframework.aop.framework.JdkDynamicAopProxy.invoke(JdkDynamicAopProxy.java:244)
	at jdk.proxy2/jdk.proxy2.$Proxy146.findByName(Unknown Source)
	at ru.startup.skinscan.domain.service.PhotoServiceImpl.getPhotoIdByNameFile(PhotoServiceImpl.java:78)
	at ru.startup.skinscan.domain.service.PhotoServiceImpl.getAllPhotoAccessUrl(PhotoServiceImpl.java:126)
	at java.base/jdk.internal.reflect.DirectMethodHandleAccessor.invoke(DirectMethodHandleAccessor.java:103)
	at java.base/java.lang.reflect.Method.invoke(Method.java:580)
	at org.springframework.aop.support.AopUtils.invokeJoinpointUsingReflection(AopUtils.java:343)
	at org.springframework.aop.framework.CglibAopProxy$DynamicAdvisedInterceptor.intercept(CglibAopProxy.java:699)
	at ru.startup.skinscan.domain.service.PhotoServiceImpl$$SpringCGLIB$$0.getAllPhotoAccessUrl(<generated>)
	at ru.startup.skinscan.web.controller.PhotoControllerImpl.getAllPhotos(PhotoControllerImpl.java:49)
	at java.base/jdk.internal.reflect.DirectMethodHandleAccessor.invoke(DirectMethodHandleAccessor.java:103)
	at java.base/java.lang.reflect.Method.invoke(Method.java:580)
	at org.springframework.web.method.support.InvocableHandlerMethod.doInvoke(InvocableHandlerMethod.java:205)
	at org.springframework.web.method.support.InvocableHandlerMethod.invokeForRequest(InvocableHandlerMethod.java:150)
	at org.springframework.web.servlet.mvc.method.annotation.ServletInvocableHandlerMethod.invokeAndHandle(ServletInvocableHandlerMethod.java:118)
	at org.springframework.web.servlet.mvc.method.annotation.RequestMappingHandlerAdapter.invokeHandlerMethod(RequestMappingHandlerAdapter.java:892)
	at org.springframework.web.servlet.mvc.method.annotation.RequestMappingHandlerAdapter.handleInternal(RequestMappingHandlerAdapter.java:798)
	at org.springframework.web.servlet.mvc.method.AbstractHandlerMethodAdapter.handle(AbstractHandlerMethodAdapter.java:87)
	at org.springframework.web.servlet.DispatcherServlet.doDispatch(DispatcherServlet.java:1081)
	at org.springframework.web.servlet.DispatcherServlet.doService(DispatcherServlet.java:974)
	at org.springframework.web.servlet.FrameworkServlet.processRequest(FrameworkServlet.java:1014)
	at org.springframework.web.servlet.FrameworkServlet.doGet(FrameworkServlet.java:903)
	at jakarta.servlet.http.HttpServlet.service(HttpServlet.java:564)
	at org.springframework.web.servlet.FrameworkServlet.service(FrameworkServlet.java:885)
	at jakarta.servlet.http.HttpServlet.service(HttpServlet.java:658)
	at org.apache.catalina.core.ApplicationFilterChain.internalDoFilter(ApplicationFilterChain.java:195)
	at org.apache.catalina.core.ApplicationFilterChain.doFilter(ApplicationFilterChain.java:140)
	at org.apache.tomcat.websocket.server.WsFilter.doFilter(WsFilter.java:51)
	at org.apache.catalina.core.ApplicationFilterChain.internalDoFilter(ApplicationFilterChain.java:164)
	at org.apache.catalina.core.ApplicationFilterChain.doFilter(ApplicationFilterChain.java:140)
	at org.springframework.web.filter.OncePerRequestFilter.doFilter(OncePerRequestFilter.java:110)
	at org.apache.catalina.core.ApplicationFilterChain.internalDoFilter(ApplicationFilterChain.java:164)
	at org.apache.catalina.core.ApplicationFilterChain.doFilter(ApplicationFilterChain.java:140)
	at ru.startup.skinscan.config.MdcLoggingFilter.doFilterInternal(MdcLoggingFilter.java:54)
	at org.springframework.web.filter.OncePerRequestFilter.doFilter(OncePerRequestFilter.java:116)
	at org.apache.catalina.core.ApplicationFilterChain.internalDoFilter(ApplicationFilterChain.java:164)
	at org.apache.catalina.core.ApplicationFilterChain.doFilter(ApplicationFilterChain.java:140)
	at org.springframework.web.filter.CompositeFilter$VirtualFilterChain.doFilter(CompositeFilter.java:108)
	at org.springframework.security.web.FilterChainProxy.lambda$doFilterInternal$3(FilterChainProxy.java:231)
	at org.springframework.security.web.FilterChainProxy$VirtualFilterChain.doFilter(FilterChainProxy.java:365)
	at org.springframework.security.web.access.intercept.AuthorizationFilter.doFilter(AuthorizationFilter.java:100)
	at org.springframework.security.web.FilterChainProxy$VirtualFilterChain.doFilter(FilterChainProxy.java:374)
	at org.springframework.security.web.access.ExceptionTranslationFilter.doFilter(ExceptionTranslationFilter.java:126)
	at org.springframework.security.web.access.ExceptionTranslationFilter.doFilter(ExceptionTranslationFilter.java:120)
	at org.springframework.security.web.FilterChainProxy$VirtualFilterChain.doFilter(FilterChainProxy.java:374)
	at org.springframework.security.web.session.SessionManagementFilter.doFilter(SessionManagementFilter.java:131)
	at org.springframework.security.web.session.SessionManagementFilter.doFilter(SessionManagementFilter.java:85)
	at org.springframework.security.web.FilterChainProxy$VirtualFilterChain.doFilter(FilterChainProxy.java:374)
	at org.springframework.security.web.authentication.AnonymousAuthenticationFilter.doFilter(AnonymousAuthenticationFilter.java:100)
	at org.springframework.security.web.FilterChainProxy$VirtualFilterChain.doFilter(FilterChainProxy.java:374)
	at org.springframework.security.web.servletapi.SecurityContextHolderAwareRequestFilter.doFilter(SecurityContextHolderAwareRequestFilter.java:179)
	at org.springframework.security.web.FilterChainProxy$VirtualFilterChain.doFilter(FilterChainProxy.java:374)
	at org.springframework.security.web.savedrequest.RequestCacheAwareFilter.doFilter(RequestCacheAwareFilter.java:63)
	at org.springframework.security.web.FilterChainProxy$VirtualFilterChain.doFilter(FilterChainProxy.java:374)
	at org.springframework.security.web.authentication.www.BasicAuthenticationFilter.doFilterInternal(BasicAuthenticationFilter.java:200)
	at org.springframework.web.filter.OncePerRequestFilter.doFilter(OncePerRequestFilter.java:116)
	at org.springframework.security.web.FilterChainProxy$VirtualFilterChain.doFilter(FilterChainProxy.java:374)
	at ru.startup.skinscan.security.filter.RateLimiterFilter.doFilterInternal(RateLimiterFilter.java:82)
	at org.springframework.web.filter.OncePerRequestFilter.doFilter(OncePerRequestFilter.java:116)
	at org.springframework.security.web.FilterChainProxy$VirtualFilterChain.doFilter(FilterChainProxy.java:374)
	at org.springframework.security.web.authentication.logout.LogoutFilter.doFilter(LogoutFilter.java:107)
	at org.springframework.security.web.authentication.logout.LogoutFilter.doFilter(LogoutFilter.java:93)
	at org.springframework.security.web.FilterChainProxy$VirtualFilterChain.doFilter(FilterChainProxy.java:374)
	at org.springframework.web.filter.CorsFilter.doFilterInternal(CorsFilter.java:91)
	at org.springframework.web.filter.OncePerRequestFilter.doFilter(OncePerRequestFilter.java:116)
	at org.springframework.security.web.FilterChainProxy$VirtualFilterChain.doFilter(FilterChainProxy.java:374)
	at org.springframework.security.web.header.HeaderWriterFilter.doHeadersAfter(HeaderWriterFilter.java:90)
	at org.springframework.security.web.header.HeaderWriterFilter.doFilterInternal(HeaderWriterFilter.java:75)
	at org.springframework.web.filter.OncePerRequestFilter.doFilter(OncePerRequestFilter.java:116)
	at org.springframework.security.web.FilterChainProxy$VirtualFilterChain.doFilter(FilterChainProxy.java:374)
	at org.springframework.security.web.context.SecurityContextHolderFilter.doFilter(SecurityContextHolderFilter.java:82)
	at org.springframework.security.web.context.SecurityContextHolderFilter.doFilter(SecurityContextHolderFilter.java:69)
	at org.springframework.security.web.FilterChainProxy$VirtualFilterChain.doFilter(FilterChainProxy.java:374)
	at org.springframework.security.web.context.request.async.WebAsyncManagerIntegrationFilter.doFilterInternal(WebAsyncManagerIntegrationFilter.java:62)
	at org.springframework.web.filter.OncePerRequestFilter.doFilter(OncePerRequestFilter.java:116)
	at org.springframework.security.web.FilterChainProxy$VirtualFilterChain.doFilter(FilterChainProxy.java:374)
	at org.springframework.security.web.session.DisableEncodeUrlFilter.doFilterInternal(DisableEncodeUrlFilter.java:42)
	at org.springframework.web.filter.OncePerRequestFilter.doFilter(OncePerRequestFilter.java:116)
	at org.springframework.security.web.FilterChainProxy$VirtualFilterChain.doFilter(FilterChainProxy.java:374)
	at org.springframework.security.web.FilterChainProxy.doFilterInternal(FilterChainProxy.java:233)
	at org.springframework.security.web.FilterChainProxy.doFilter(FilterChainProxy.java:191)
	at org.springframework.web.filter.CompositeFilter$VirtualFilterChain.doFilter(CompositeFilter.java:113)
	at org.springframework.web.servlet.handler.HandlerMappingIntrospector.lambda$createCacheFilter$3(HandlerMappingIntrospector.java:195)
	at org.springframework.web.filter.CompositeFilter$VirtualFilterChain.doFilter(CompositeFilter.java:113)
	at org.springframework.web.filter.CompositeFilter.doFilter(CompositeFilter.java:74)
	at org.springframework.security.config.annotation.web.configuration.WebMvcSecurityConfiguration$CompositeFilterChainProxy.doFilter(WebMvcSecurityConfiguration.java:230)
	at org.springframework.web.filter.DelegatingFilterProxy.invokeDelegate(DelegatingFilterProxy.java:352)
	at org.springframework.web.filter.DelegatingFilterProxy.doFilter(DelegatingFilterProxy.java:268)
	at org.apache.catalina.core.ApplicationFilterChain.internalDoFilter(ApplicationFilterChain.java:164)
	at org.apache.catalina.core.ApplicationFilterChain.doFilter(ApplicationFilterChain.java:140)
	at org.springframework.web.filter.RequestContextFilter.doFilterInternal(RequestContextFilter.java:100)
	at org.springframework.web.filter.OncePerRequestFilter.doFilter(OncePerRequestFilter.java:116)
	at org.apache.catalina.core.ApplicationFilterChain.internalDoFilter(ApplicationFilterChain.java:164)
	at org.apache.catalina.core.ApplicationFilterChain.doFilter(ApplicationFilterChain.java:140)
	at org.springframework.web.filter.FormContentFilter.doFilterInternal(FormContentFilter.java:93)
	at org.springframework.web.filter.OncePerRequestFilter.doFilter(OncePerRequestFilter.java:116)
	at org.apache.catalina.core.ApplicationFilterChain.internalDoFilter(ApplicationFilterChain.java:164)
	at org.apache.catalina.core.ApplicationFilterChain.doFilter(ApplicationFilterChain.java:140)
	at org.springframework.web.filter.CharacterEncodingFilter.doFilterInternal(CharacterEncodingFilter.java:201)
	at org.springframework.web.filter.OncePerRequestFilter.doFilter(OncePerRequestFilter.java:116)
	at org.apache.catalina.core.ApplicationFilterChain.internalDoFilter(ApplicationFilterChain.java:164)
	at org.apache.catalina.core.ApplicationFilterChain.doFilter(ApplicationFilterChain.java:140)
	at org.apache.catalina.core.StandardWrapperValve.invoke(StandardWrapperValve.java:167)
	at org.apache.catalina.core.StandardContextValve.invoke(StandardContextValve.java:90)
	at org.apache.catalina.authenticator.AuthenticatorBase.invoke(AuthenticatorBase.java:482)
	at org.apache.catalina.core.StandardHostValve.invoke(StandardHostValve.java:115)
	at org.apache.catalina.valves.ErrorReportValve.invoke(ErrorReportValve.java:93)
	at org.apache.catalina.core.StandardEngineValve.invoke(StandardEngineValve.java:74)
	at org.apache.catalina.connector.CoyoteAdapter.service(CoyoteAdapter.java:344)
	at org.apache.coyote.http11.Http11Processor.service(Http11Processor.java:389)
	at org.apache.coyote.AbstractProcessorLight.process(AbstractProcessorLight.java:63)
	at org.apache.coyote.AbstractProtocol$ConnectionHandler.process(AbstractProtocol.java:896)
	at org.apache.tomcat.util.net.NioEndpoint$SocketProcessor.doRun(NioEndpoint.java:1741)
	at org.apache.tomcat.util.net.SocketProcessorBase.run(SocketProcessorBase.java:52)
	at org.apache.tomcat.util.threads.ThreadPoolExecutor.runWorker(ThreadPoolExecutor.java:1190)
	at org.apache.tomcat.util.threads.ThreadPoolExecutor$Worker.run(ThreadPoolExecutor.java:659)
	at org.apache.tomcat.util.threads.TaskThread$WrappingRunnable.run(TaskThread.java:63)
	at java.base/java.lang.Thread.run(Thread.java:1583)
2026-09-01 22:28:15.480 [http-nio-8080-exec-7] DEBUG [N/A] [N/A] o.s.security.web.FilterChainProxy - Securing GET /error
2026-09-01 22:28:15.480 [http-nio-8080-exec-7] DEBUG [N/A] [N/A] o.s.security.web.FilterChainProxy - Secured GET /error
2026-09-01 22:28:21.115 [SpringApplicationShutdownHook] INFO  [N/A] [N/A] o.s.o.j.LocalContainerEntityManagerFactoryBean - Closing JPA EntityManagerFactory for persistence unit 'default'
2026-09-01 22:28:21.117 [SpringApplicationShutdownHook] INFO  [N/A] [N/A] com.zaxxer.hikari.HikariDataSource - HikariPool-1 - Shutdown initiated...
2026-09-01 22:28:21.121 [SpringApplicationShutdownHook] INFO  [N/A] [N/A] com.zaxxer.hikari.HikariDataSource - HikariPool-1 - Shutdown completed.
2026-09-01 22:45:53.646 [background-preinit] INFO  [N/A] [N/A] o.h.validator.internal.util.Version - HV000001: Hibernate Validator 8.0.1.Final
2026-09-01 22:45:53.694 [main] INFO  [N/A] [N/A] ru.startup.skinscan.Main - Starting Main using Java 21.0.10 with PID 16192 (C:\Users\ferdi\IdeaProjects\SkinScan\build\classes\java\main started by ferdi in C:\Users\ferdi\IdeaProjects\SkinScan)
2026-09-01 22:45:53.694 [main] DEBUG [N/A] [N/A] ru.startup.skinscan.Main - Running with Spring Boot v3.1.12, Spring v6.0.21
2026-09-01 22:45:53.695 [main] INFO  [N/A] [N/A] ru.startup.skinscan.Main - The following 1 profile is active: "local"
2026-09-01 22:45:54.610 [main] INFO  [N/A] [N/A] o.s.d.r.c.RepositoryConfigurationDelegate - Bootstrapping Spring Data JPA repositories in DEFAULT mode.
2026-09-01 22:45:54.691 [main] INFO  [N/A] [N/A] o.s.d.r.c.RepositoryConfigurationDelegate - Finished Spring Data repository scanning in 66 ms. Found 3 JPA repository interfaces.
2026-09-01 22:45:55.375 [main] INFO  [N/A] [N/A] o.s.b.w.e.tomcat.TomcatWebServer - Tomcat initialized with port(s): 8080 (http)
2026-09-01 22:45:55.385 [main] INFO  [N/A] [N/A] o.a.coyote.http11.Http11NioProtocol - Initializing ProtocolHandler ["http-nio-8080"]
2026-09-01 22:45:55.387 [main] INFO  [N/A] [N/A] o.a.catalina.core.StandardService - Starting service [Tomcat]
2026-09-01 22:45:55.388 [main] INFO  [N/A] [N/A] o.a.catalina.core.StandardEngine - Starting Servlet engine: [Apache Tomcat/10.1.24]
2026-09-01 22:45:55.519 [main] INFO  [N/A] [N/A] o.a.c.c.C.[Tomcat].[localhost].[/] - Initializing Spring embedded WebApplicationContext
2026-09-01 22:45:55.520 [main] INFO  [N/A] [N/A] o.s.b.w.s.c.ServletWebServerApplicationContext - Root WebApplicationContext: initialization completed in 1767 ms
2026-09-01 22:45:55.543 [main] INFO  [N/A] [N/A] r.s.s.s.r.RateLimiterInMemory - RateLimiter инициализирован с интервалом очистки: 300с
2026-09-01 22:45:55.745 [main] DEBUG [N/A] [N/A] o.f.c.i.s.classpath.ClassPathScanner - Scanning for classpath resources at 'classpath:db/callback' ...
2026-09-01 22:45:55.745 [main] DEBUG [N/A] [N/A] o.f.c.i.s.classpath.ClassPathScanner - Determining location urls for classpath:db/callback using ClassLoader TomcatEmbeddedWebappClassLoader
  context: ROOT
  delegate: true
----------> Parent Classloader:
jdk.internal.loader.ClassLoaders$AppClassLoader@3fee733d
 ...
2026-09-01 22:45:55.746 [main] DEBUG [N/A] [N/A] o.f.c.i.s.classpath.ClassPathScanner - Unable to resolve location classpath:db/callback.
2026-09-01 22:45:55.746 [main] DEBUG [N/A] [N/A] o.f.c.i.s.classpath.ClassPathScanner - Scanning for classpath resources at 'classpath:db/migration' ...
2026-09-01 22:45:55.746 [main] DEBUG [N/A] [N/A] o.f.c.i.s.classpath.ClassPathScanner - Determining location urls for classpath:db/migration using ClassLoader TomcatEmbeddedWebappClassLoader
  context: ROOT
  delegate: true
----------> Parent Classloader:
jdk.internal.loader.ClassLoaders$AppClassLoader@3fee733d
 ...
2026-09-01 22:45:55.747 [main] DEBUG [N/A] [N/A] o.f.c.i.s.classpath.ClassPathScanner - Scanning URL: file:/C:/Users/ferdi/IdeaProjects/SkinScan/build/resources/main/db/migration
2026-09-01 22:45:55.748 [main] DEBUG [N/A] [N/A] o.f.c.i.s.c.FileSystemClassPathLocationScanner - Scanning starting at classpath root in filesystem: C:\Users\ferdi\IdeaProjects\SkinScan\build\resources\main\
2026-09-01 22:45:55.749 [main] DEBUG [N/A] [N/A] o.f.c.i.s.c.FileSystemClassPathLocationScanner - Scanning for resources in path: C:\Users\ferdi\IdeaProjects\SkinScan\build\resources\main\db\migration (db/migration)
2026-09-01 22:45:55.750 [main] DEBUG [N/A] [N/A] o.f.c.i.s.classpath.ClassPathScanner - Found resource: db/migration/V1__create_users_table.sql
2026-09-01 22:45:55.750 [main] DEBUG [N/A] [N/A] o.f.c.i.s.classpath.ClassPathScanner - Found resource: db/migration/V2__create_photo_table.sql
2026-09-01 22:45:55.750 [main] DEBUG [N/A] [N/A] o.f.c.i.s.classpath.ClassPathScanner - Found resource: db/migration/V3__create_analysis_table.sql
2026-09-01 22:45:55.750 [main] DEBUG [N/A] [N/A] o.f.c.i.s.classpath.ClassPathScanner - Found resource: db/migration/V4__add_index.sql
2026-09-01 22:45:55.751 [main] DEBUG [N/A] [N/A] o.f.c.i.s.classpath.ClassPathScanner - Scanning for classes at classpath:db/migration
2026-09-01 22:45:55.753 [main] DEBUG [N/A] [N/A] o.f.c.i.r.ResourceNameValidator - Validating V2__create_photo_table.sql
2026-09-01 22:45:55.756 [main] INFO  [N/A] [N/A] com.zaxxer.hikari.HikariDataSource - HikariPool-1 - Starting...
2026-09-01 22:45:55.954 [main] INFO  [N/A] [N/A] com.zaxxer.hikari.pool.HikariPool - HikariPool-1 - Added connection org.postgresql.jdbc.PgConnection@362a561e
2026-09-01 22:45:55.955 [main] INFO  [N/A] [N/A] com.zaxxer.hikari.HikariDataSource - HikariPool-1 - Start completed.
2026-09-01 22:45:55.983 [main] DEBUG [N/A] [N/A] o.f.c.i.r.ResourceNameValidator - Validating V1__create_users_table.sql
2026-09-01 22:45:55.984 [main] DEBUG [N/A] [N/A] o.f.c.i.r.ResourceNameValidator - Validating V4__add_index.sql
2026-09-01 22:45:55.984 [main] DEBUG [N/A] [N/A] o.f.c.i.r.ResourceNameValidator - Validating V3__create_analysis_table.sql
2026-09-01 22:45:55.992 [main] DEBUG [N/A] [N/A] o.f.c.i.d.DatabaseTypeRegister - Multiple databases found that handle url 'jdbc:postgresql://localhost:5432/skinScan': CockroachDB,PostgreSQL
2026-09-01 22:45:55.993 [main] INFO  [N/A] [N/A] org.flywaydb.core.FlywayExecutor - Database: jdbc:postgresql://localhost:5432/skinScan (PostgreSQL 18.1)
2026-09-01 22:45:55.993 [main] DEBUG [N/A] [N/A] org.flywaydb.core.FlywayExecutor - Database Type: PostgreSQL
2026-09-01 22:45:55.993 [main] DEBUG [N/A] [N/A] org.flywaydb.core.FlywayExecutor - Driver: PostgreSQL JDBC Driver 42.7.11
2026-09-01 22:45:55.994 [main] DEBUG [N/A] [N/A] org.flywaydb.core.FlywayExecutor - DDL Transactions Supported: true
2026-09-01 22:45:55.995 [main] DEBUG [N/A] [N/A] o.f.c.i.s.SchemaHistoryFactory - Schemas: 
2026-09-01 22:45:55.995 [main] DEBUG [N/A] [N/A] o.f.c.i.s.SchemaHistoryFactory - Default schema: null
2026-09-01 22:45:56.006 [main] WARN  [N/A] [N/A] o.f.c.i.database.base.Database - Flyway upgrade recommended: PostgreSQL 18.1 is newer than this version of Flyway and support has not been tested. The latest supported version of PostgreSQL is 16.
2026-09-01 22:45:56.008 [main] DEBUG [N/A] [N/A] o.f.c.i.c.SqlScriptCallbackFactory - Scanning for SQL callbacks ...
2026-09-01 22:45:56.023 [main] DEBUG [N/A] [N/A] o.f.core.internal.command.DbValidate - Validating migrations ...
2026-09-01 22:45:56.026 [main] DEBUG [N/A] [N/A] o.f.c.a.c.ClassicConfiguration - CherryPickConfigurationExtension not found
2026-09-01 22:45:56.039 [main] DEBUG [N/A] [N/A] o.f.core.internal.scanner.Scanner - Filtering out resource: db/migration/V2__create_photo_table.sql (filename: V2__create_photo_table.sql)
2026-09-01 22:45:56.039 [main] DEBUG [N/A] [N/A] o.f.core.internal.scanner.Scanner - Filtering out resource: db/migration/V1__create_users_table.sql (filename: V1__create_users_table.sql)
2026-09-01 22:45:56.039 [main] DEBUG [N/A] [N/A] o.f.core.internal.scanner.Scanner - Filtering out resource: db/migration/V4__add_index.sql (filename: V4__add_index.sql)
2026-09-01 22:45:56.039 [main] DEBUG [N/A] [N/A] o.f.core.internal.scanner.Scanner - Filtering out resource: db/migration/V3__create_analysis_table.sql (filename: V3__create_analysis_table.sql)
2026-09-01 22:45:56.040 [main] DEBUG [N/A] [N/A] o.f.core.internal.scanner.Scanner - Filtering out resource: db/migration/V2__create_photo_table.sql (filename: V2__create_photo_table.sql)
2026-09-01 22:45:56.041 [main] DEBUG [N/A] [N/A] o.f.core.internal.scanner.Scanner - Filtering out resource: db/migration/V1__create_users_table.sql (filename: V1__create_users_table.sql)
2026-09-01 22:45:56.041 [main] DEBUG [N/A] [N/A] o.f.core.internal.scanner.Scanner - Filtering out resource: db/migration/V4__add_index.sql (filename: V4__add_index.sql)
2026-09-01 22:45:56.041 [main] DEBUG [N/A] [N/A] o.f.core.internal.scanner.Scanner - Filtering out resource: db/migration/V3__create_analysis_table.sql (filename: V3__create_analysis_table.sql)
2026-09-01 22:45:56.076 [main] INFO  [N/A] [N/A] o.f.core.internal.command.DbValidate - Successfully validated 4 migrations (execution time 00:00.051s)
2026-09-01 22:45:56.079 [main] DEBUG [N/A] [N/A] o.f.core.internal.command.DbSchemas - Skipping creation of existing schema: "public"
2026-09-01 22:45:56.239 [main] DEBUG [N/A] [N/A] o.f.c.a.c.ClassicConfiguration - CherryPickConfigurationExtension not found
2026-09-01 22:45:56.241 [main] INFO  [N/A] [N/A] o.f.core.internal.command.DbMigrate - Current version of schema "public": 4
2026-09-01 22:45:56.244 [main] INFO  [N/A] [N/A] o.f.core.internal.command.DbMigrate - Schema "public" is up to date. No migration necessary.
2026-09-01 22:45:56.249 [main] DEBUG [N/A] [N/A] org.flywaydb.core.FlywayExecutor - Memory usage: 45 of 88M
2026-09-01 22:45:56.301 [main] DEBUG [N/A] [N/A] o.s.jdbc.datasource.DataSourceUtils - Fetching JDBC Connection from DataSource
2026-09-01 22:45:56.326 [main] INFO  [N/A] [N/A] o.h.jpa.internal.util.LogHelper - HHH000204: Processing PersistenceUnitInfo [name: default]
2026-09-01 22:45:56.370 [main] INFO  [N/A] [N/A] org.hibernate.Version - HHH000412: Hibernate ORM core version 6.2.25.Final
2026-09-01 22:45:56.373 [main] INFO  [N/A] [N/A] org.hibernate.cfg.Environment - HHH000406: Using bytecode reflection optimizer
2026-09-01 22:45:56.790 [main] INFO  [N/A] [N/A] o.s.o.j.p.SpringPersistenceUnitInfo - No LoadTimeWeaver setup: ignoring JPA class transformer
2026-09-01 22:45:58.043 [main] INFO  [N/A] [N/A] o.h.e.t.j.p.i.JtaPlatformInitiator - HHH000489: No JTA platform available (set 'hibernate.transaction.jta.platform' to enable JTA platform integration)
2026-09-01 22:45:58.048 [main] INFO  [N/A] [N/A] o.s.o.j.LocalContainerEntityManagerFactoryBean - Initialized JPA EntityManagerFactory for persistence unit 'default'
2026-09-01 22:45:58.203 [main] INFO  [N/A] [N/A] o.s.d.j.r.query.QueryEnhancerFactory - Hibernate is in classpath; If applicable, HQL parser will be used.
2026-09-01 22:45:58.715 [main] DEBUG [N/A] [N/A] r.s.s.s.filter.RateLimiterFilter - Filter 'rateLimiterFilter' configured for use
2026-09-01 22:45:58.715 [main] DEBUG [N/A] [N/A] r.s.skinscan.config.MdcLoggingFilter - Filter 'mdcLoggingFilter' configured for use
2026-09-01 22:45:58.796 [main] INFO  [N/A] [N/A] r.s.s.d.s.LocalFileStorageService - Инициализация локального хранилища фотографий с начальным путем: C:\Users\ferdi/data/uploads
2026-09-01 22:45:58.799 [main] INFO  [N/A] [N/A] r.s.s.d.s.LocalFileStorageService - Инициализация локального хранилища фотографий успешна завершена!
2026-09-01 22:45:58.850 [main] INFO  [N/A] [N/A] r.s.skinscan.config.AsyncConfig - Photo Task Executor запущен: базовое кол-во потоков=5, максимальное кол-во потоков=10, размер очереди ожидания=100
2026-09-01 22:45:58.852 [main] INFO  [N/A] [N/A] r.s.skinscan.config.AsyncConfig - Recovery Task Executor запущен
2026-09-01 22:45:58.969 [main] WARN  [N/A] [N/A] o.s.b.a.o.j.JpaBaseConfiguration$JpaWebConfiguration - spring.jpa.open-in-view is enabled by default. Therefore, database queries may be performed during view rendering. Explicitly configure spring.jpa.open-in-view to disable this warning
2026-09-01 22:45:58.985 [main] DEBUG [N/A] [N/A] o.s.s.c.a.a.c.AuthenticationConfiguration$DefaultPasswordEncoderAuthenticationManagerBuilder - No authenticationProviders and no parentAuthenticationManager defined. Returning null.
2026-09-01 22:45:59.200 [main] INFO  [N/A] [N/A] o.s.s.web.DefaultSecurityFilterChain - Will secure any request with [org.springframework.security.web.session.DisableEncodeUrlFilter@39aa595, org.springframework.security.web.context.request.async.WebAsyncManagerIntegrationFilter@6cad2d5f, org.springframework.security.web.context.SecurityContextHolderFilter@19b89a23, org.springframework.security.web.header.HeaderWriterFilter@2c226db0, org.springframework.web.filter.CorsFilter@3d707885, org.springframework.security.web.authentication.logout.LogoutFilter@d3effcb, ru.startup.skinscan.security.filter.RateLimiterFilter@42210d27, org.springframework.security.web.authentication.www.BasicAuthenticationFilter@339b9869, org.springframework.security.web.savedrequest.RequestCacheAwareFilter@1835b24b, org.springframework.security.web.servletapi.SecurityContextHolderAwareRequestFilter@6717f504, org.springframework.security.web.authentication.AnonymousAuthenticationFilter@3c41b4b, org.springframework.security.web.session.SessionManagementFilter@4b87ea3c, org.springframework.security.web.access.ExceptionTranslationFilter@50cfe725, org.springframework.security.web.access.intercept.AuthorizationFilter@4f8e6101]
2026-09-01 22:45:59.516 [main] INFO  [N/A] [N/A] o.a.coyote.http11.Http11NioProtocol - Starting ProtocolHandler ["http-nio-8080"]
2026-09-01 22:45:59.532 [main] INFO  [N/A] [N/A] o.s.b.w.e.tomcat.TomcatWebServer - Tomcat started on port(s): 8080 (http) with context path ''
2026-09-01 22:45:59.540 [main] INFO  [N/A] [N/A] ru.startup.skinscan.Main - Started Main in 6.45 seconds (process running for 7.307)
2026-09-01 22:45:59.547 [scheduling-1] DEBUG [N/A] [N/A] r.s.s.s.PhotoRecoveryScheduler - Запуск проверки и обработки зависших фотографий
2026-09-01 22:45:59.611 [scheduling-1] DEBUG [N/A] [N/A] org.hibernate.SQL - 
    select
        p1_0.id,
        p1_0.created_at,
        p1_0.file_name,
        p1_0.file_size_bytes,
        p1_0.mime_type,
        p1_0.status,
        p1_0.storage_file_path,
        p1_0.updated_at,
        p1_0.user_id 
    from
        photo p1_0 
    where
        p1_0.status=? 
        and p1_0.created_at<cast(? as timestamp(6) with time zone)
2026-09-01 22:45:59.621 [scheduling-1] DEBUG [N/A] [N/A] r.s.s.s.PhotoRecoveryScheduler - Зависшие фотографии не найдены
2026-09-01 22:46:04.587 [http-nio-8080-exec-1] INFO  [N/A] [N/A] o.a.c.c.C.[Tomcat].[localhost].[/] - Initializing Spring DispatcherServlet 'dispatcherServlet'
2026-09-01 22:46:04.587 [http-nio-8080-exec-1] INFO  [N/A] [N/A] o.s.web.servlet.DispatcherServlet - Initializing Servlet 'dispatcherServlet'
2026-09-01 22:46:04.588 [http-nio-8080-exec-1] INFO  [N/A] [N/A] o.s.web.servlet.DispatcherServlet - Completed initialization in 1 ms
2026-09-01 22:46:04.606 [http-nio-8080-exec-1] DEBUG [N/A] [N/A] o.s.security.web.FilterChainProxy - Securing GET /skinScan/photos
2026-09-01 22:46:04.638 [http-nio-8080-exec-1] DEBUG [N/A] [N/A] org.hibernate.SQL - 
    select
        u1_0.id,
        u1_0.created_at,
        u1_0.email,
        u1_0.login,
        u1_0.password,
        u1_0.phone,
        u1_0.updated_at 
    from
        users u1_0 
    where
        u1_0.login=?
2026-09-01 22:46:05.227 [http-nio-8080-exec-1] DEBUG [N/A] [N/A] org.hibernate.SQL - 
    select
        u1_0.id 
    from
        users u1_0 
    where
        u1_0.login=?
2026-09-01 22:46:05.716 [http-nio-8080-exec-1] INFO  [N/A] [N/A] r.s.s.s.s.CustomUserDetailsService - Поиск пользователя с логином: Andrey600
2026-09-01 22:46:05.718 [http-nio-8080-exec-1] DEBUG [N/A] [N/A] org.hibernate.SQL - 
    select
        u1_0.id,
        u1_0.created_at,
        u1_0.email,
        u1_0.login,
        u1_0.password,
        u1_0.phone,
        u1_0.updated_at 
    from
        users u1_0 
    where
        u1_0.login=?
2026-09-01 22:46:05.720 [http-nio-8080-exec-1] INFO  [N/A] [N/A] r.s.s.s.s.CustomUserDetailsService - Найден пользователь: Andrey600, пароль: $2a$12$82L1ISHBmtE5Mz8Sna4Kr.OxWw0qFyPc2rdTy8Pr6YSNBBPgoLaiK
2026-09-01 22:46:06.279 [http-nio-8080-exec-1] DEBUG [N/A] [N/A] o.s.s.a.d.DaoAuthenticationProvider - Authenticated user
2026-09-01 22:46:06.280 [http-nio-8080-exec-1] DEBUG [N/A] [N/A] o.s.s.w.a.w.BasicAuthenticationFilter - Set SecurityContextHolder to UsernamePasswordAuthenticationToken [Principal=org.springframework.security.core.userdetails.User [Username=Andrey600, Password=[PROTECTED], Enabled=true, AccountNonExpired=true, credentialsNonExpired=true, AccountNonLocked=true, Granted Authorities=[]], Credentials=[PROTECTED], Authenticated=true, Details=WebAuthenticationDetails [RemoteIpAddress=127.0.0.1, SessionId=null], Granted Authorities=[]]
2026-09-01 22:46:06.284 [http-nio-8080-exec-1] DEBUG [N/A] [N/A] o.s.security.web.FilterChainProxy - Secured GET /skinScan/photos
2026-09-01 22:46:06.312 [http-nio-8080-exec-1] DEBUG [b0ec861e-c963-486d-b9af-63a72dbb6338] [NO_SESSION] org.hibernate.SQL - 
    select
        p1_0.id,
        p1_0.created_at,
        p1_0.file_name,
        p1_0.file_size_bytes,
        p1_0.mime_type,
        p1_0.status,
        p1_0.storage_file_path,
        p1_0.updated_at,
        p1_0.user_id 
    from
        photo p1_0 
    where
        p1_0.user_id=?
2026-09-01 22:46:06.314 [http-nio-8080-exec-1] INFO  [b0ec861e-c963-486d-b9af-63a72dbb6338] [NO_SESSION] r.s.s.d.service.PhotoServiceImpl - Получены все метаданные фоток пользователя 64641147-39de-45f8-a11f-7f57eb2805dc
2026-09-01 22:46:06.314 [http-nio-8080-exec-1] INFO  [b0ec861e-c963-486d-b9af-63a72dbb6338] [NO_SESSION] r.s.s.d.service.PhotoServiceImpl - Получены URL для всех фото пользователя 64641147-39de-45f8-a11f-7f57eb2805dc
2026-09-01 22:46:10.483 [http-nio-8080-exec-3] DEBUG [N/A] [N/A] o.s.security.web.FilterChainProxy - Securing GET /skinScan/photos/name/skin3.jpg
2026-09-01 22:46:10.486 [http-nio-8080-exec-3] DEBUG [N/A] [N/A] org.hibernate.SQL - 
    select
        u1_0.id,
        u1_0.created_at,
        u1_0.email,
        u1_0.login,
        u1_0.password,
        u1_0.phone,
        u1_0.updated_at 
    from
        users u1_0 
    where
        u1_0.login=?
2026-09-01 22:46:10.928 [http-nio-8080-exec-3] DEBUG [N/A] [N/A] org.hibernate.SQL - 
    select
        u1_0.id 
    from
        users u1_0 
    where
        u1_0.login=?
2026-09-01 22:46:10.929 [http-nio-8080-exec-3] INFO  [N/A] [N/A] r.s.s.s.s.CustomUserDetailsService - Поиск пользователя с логином: Andrey600
2026-09-01 22:46:10.930 [http-nio-8080-exec-3] DEBUG [N/A] [N/A] org.hibernate.SQL - 
    select
        u1_0.id,
        u1_0.created_at,
        u1_0.email,
        u1_0.login,
        u1_0.password,
        u1_0.phone,
        u1_0.updated_at 
    from
        users u1_0 
    where
        u1_0.login=?
2026-09-01 22:46:10.931 [http-nio-8080-exec-3] INFO  [N/A] [N/A] r.s.s.s.s.CustomUserDetailsService - Найден пользователь: Andrey600, пароль: $2a$12$82L1ISHBmtE5Mz8Sna4Kr.OxWw0qFyPc2rdTy8Pr6YSNBBPgoLaiK
2026-09-01 22:46:11.307 [http-nio-8080-exec-3] DEBUG [N/A] [N/A] o.s.s.a.d.DaoAuthenticationProvider - Authenticated user
2026-09-01 22:46:11.308 [http-nio-8080-exec-3] DEBUG [N/A] [N/A] o.s.s.w.a.w.BasicAuthenticationFilter - Set SecurityContextHolder to UsernamePasswordAuthenticationToken [Principal=org.springframework.security.core.userdetails.User [Username=Andrey600, Password=[PROTECTED], Enabled=true, AccountNonExpired=true, credentialsNonExpired=true, AccountNonLocked=true, Granted Authorities=[]], Credentials=[PROTECTED], Authenticated=true, Details=WebAuthenticationDetails [RemoteIpAddress=127.0.0.1, SessionId=null], Granted Authorities=[]]
2026-09-01 22:46:11.308 [http-nio-8080-exec-3] DEBUG [N/A] [N/A] o.s.security.web.FilterChainProxy - Secured GET /skinScan/photos/name/skin3.jpg
2026-09-01 22:46:11.312 [http-nio-8080-exec-3] DEBUG [67b31024-c744-4670-95e0-c3bbf779b2b9] [NO_SESSION] org.hibernate.SQL - 
    select
        p1_0.id,
        p1_0.created_at,
        p1_0.file_name,
        p1_0.file_size_bytes,
        p1_0.mime_type,
        p1_0.status,
        p1_0.storage_file_path,
        p1_0.updated_at,
        p1_0.user_id 
    from
        photo p1_0 
    where
        p1_0.file_name=?
2026-09-01 22:46:16.752 [http-nio-8080-exec-2] DEBUG [N/A] [N/A] o.s.security.web.FilterChainProxy - Securing POST /skinScan/photos/upload
2026-09-01 22:46:16.753 [http-nio-8080-exec-2] DEBUG [N/A] [N/A] org.hibernate.SQL - 
    select
        u1_0.id,
        u1_0.created_at,
        u1_0.email,
        u1_0.login,
        u1_0.password,
        u1_0.phone,
        u1_0.updated_at 
    from
        users u1_0 
    where
        u1_0.login=?
2026-09-01 22:46:17.185 [http-nio-8080-exec-2] DEBUG [N/A] [N/A] org.hibernate.SQL - 
    select
        u1_0.id 
    from
        users u1_0 
    where
        u1_0.login=?
2026-09-01 22:46:17.187 [http-nio-8080-exec-2] INFO  [N/A] [N/A] r.s.s.s.s.CustomUserDetailsService - Поиск пользователя с логином: Andrey600
2026-09-01 22:46:17.188 [http-nio-8080-exec-2] DEBUG [N/A] [N/A] org.hibernate.SQL - 
    select
        u1_0.id,
        u1_0.created_at,
        u1_0.email,
        u1_0.login,
        u1_0.password,
        u1_0.phone,
        u1_0.updated_at 
    from
        users u1_0 
    where
        u1_0.login=?
2026-09-01 22:46:17.190 [http-nio-8080-exec-2] INFO  [N/A] [N/A] r.s.s.s.s.CustomUserDetailsService - Найден пользователь: Andrey600, пароль: $2a$12$82L1ISHBmtE5Mz8Sna4Kr.OxWw0qFyPc2rdTy8Pr6YSNBBPgoLaiK
2026-09-01 22:46:17.679 [http-nio-8080-exec-2] DEBUG [N/A] [N/A] o.s.s.a.d.DaoAuthenticationProvider - Authenticated user
2026-09-01 22:46:17.679 [http-nio-8080-exec-2] DEBUG [N/A] [N/A] o.s.s.w.a.w.BasicAuthenticationFilter - Set SecurityContextHolder to UsernamePasswordAuthenticationToken [Principal=org.springframework.security.core.userdetails.User [Username=Andrey600, Password=[PROTECTED], Enabled=true, AccountNonExpired=true, credentialsNonExpired=true, AccountNonLocked=true, Granted Authorities=[]], Credentials=[PROTECTED], Authenticated=true, Details=WebAuthenticationDetails [RemoteIpAddress=127.0.0.1, SessionId=null], Granted Authorities=[]]
2026-09-01 22:46:17.680 [http-nio-8080-exec-2] DEBUG [N/A] [N/A] o.s.security.web.FilterChainProxy - Secured POST /skinScan/photos/upload
2026-09-01 22:46:17.819 [http-nio-8080-exec-2] DEBUG [b8e02443-48ae-43e3-9203-a0b08fd1bfe4] [NO_SESSION] org.hibernate.SQL - 
    select
        p1_0.id,
        p1_0.created_at,
        p1_0.file_name,
        p1_0.file_size_bytes,
        p1_0.mime_type,
        p1_0.status,
        p1_0.storage_file_path,
        p1_0.updated_at,
        p1_0.user_id 
    from
        photo p1_0 
    where
        p1_0.file_name=?
2026-09-01 22:46:17.835 [http-nio-8080-exec-2] DEBUG [b8e02443-48ae-43e3-9203-a0b08fd1bfe4] [NO_SESSION] r.s.s.d.s.LocalFileStorageService - Файл сохранится в директории: C:\Users\ferdi\data\uploads\805dc\2026\09\2fd1fff1-8f55-48d0-aa2c-37d3adf0d185.jpg, с временной директорией: C:\Users\ferdi\data\uploads\805dc\2026\09\temp\.2fd1fff1-8f55-48d0-aa2c-37d3adf0d185.jpg.tmp
2026-09-01 22:46:17.841 [http-nio-8080-exec-2] INFO  [b8e02443-48ae-43e3-9203-a0b08fd1bfe4] [NO_SESSION] r.s.s.d.s.LocalFileStorageService - Файл успешно сохранен: 805dc/2026/09/2fd1fff1-8f55-48d0-aa2c-37d3adf0d185.jpg, с размером: 33095 байт
2026-09-01 22:46:17.841 [http-nio-8080-exec-2] INFO  [b8e02443-48ae-43e3-9203-a0b08fd1bfe4] [NO_SESSION] r.s.s.d.service.PhotoServiceImpl - Фото сохранено в хранилище
2026-09-01 22:46:17.856 [http-nio-8080-exec-2] DEBUG [b8e02443-48ae-43e3-9203-a0b08fd1bfe4] [NO_SESSION] org.hibernate.SQL - 
    select
        p1_0.id,
        p1_0.created_at,
        p1_0.file_name,
        p1_0.file_size_bytes,
        p1_0.mime_type,
        p1_0.status,
        p1_0.storage_file_path,
        p1_0.updated_at,
        p1_0.user_id 
    from
        photo p1_0 
    where
        p1_0.id=?
2026-09-01 22:46:17.865 [http-nio-8080-exec-2] INFO  [b8e02443-48ae-43e3-9203-a0b08fd1bfe4] [NO_SESSION] r.s.s.d.service.PhotoServiceImpl - Метаданные фото dee91399-9633-4f28-857f-fade44f6a669 сохранены в БД
2026-09-01 22:46:17.866 [http-nio-8080-exec-2] INFO  [b8e02443-48ae-43e3-9203-a0b08fd1bfe4] [NO_SESSION] r.s.s.d.service.PhotoServiceImpl - Запуск асинхронной обработки фото dee91399-9633-4f28-857f-fade44f6a669
2026-09-01 22:46:17.868 [PhotoProcessor-1] INFO  [N/A] [N/A] r.s.s.d.s.AsyncPhotoProcessingExecutor - Запущен асинхронный процесс с фото: dee91399-9633-4f28-857f-fade44f6a669, пользователя: 64641147-39de-45f8-a11f-7f57eb2805dc
2026-09-01 22:46:17.879 [http-nio-8080-exec-2] DEBUG [b8e02443-48ae-43e3-9203-a0b08fd1bfe4] [NO_SESSION] org.hibernate.SQL - 
    insert 
    into
        photo
        (created_at,file_name,file_size_bytes,mime_type,status,storage_file_path,updated_at,user_id,id) 
    values
        (?,?,?,?,?,?,?,?,?)
2026-09-01 22:46:18.881 [PhotoProcessor-1] DEBUG [N/A] [N/A] o.s.jdbc.datasource.DataSourceUtils - Setting JDBC Connection [HikariProxyConnection@344849497 wrapping org.postgresql.jdbc.PgConnection@362a561e] read-only
2026-09-01 22:46:18.885 [PhotoProcessor-1] DEBUG [N/A] [N/A] org.hibernate.SQL - 
    select
        p1_0.id,
        p1_0.created_at,
        p1_0.file_name,
        p1_0.file_size_bytes,
        p1_0.mime_type,
        p1_0.status,
        p1_0.storage_file_path,
        p1_0.updated_at,
        p1_0.user_id 
    from
        photo p1_0 
    where
        p1_0.id=?
2026-09-01 22:46:18.892 [PhotoProcessor-1] DEBUG [N/A] [N/A] o.s.jdbc.datasource.DataSourceUtils - Resetting read-only flag of JDBC Connection [HikariProxyConnection@344849497 wrapping org.postgresql.jdbc.PgConnection@362a561e]
2026-09-01 22:46:18.910 [PhotoProcessor-1] DEBUG [N/A] [N/A] org.hibernate.SQL - 
    update
        photo 
    set
        status=?,
        updated_at=cast(? as timestamp(6) with time zone) 
    where
        id=?
2026-09-01 22:46:18.914 [PhotoProcessor-1] INFO  [N/A] [N/A] r.s.s.d.s.AsyncPhotoProcessingExecutor - Сменен статус фото dee91399-9633-4f28-857f-fade44f6a669 на PROCESSING
2026-09-01 22:46:18.918 [PhotoProcessor-1] DEBUG [N/A] [N/A] org.hibernate.SQL - 
    select
        a1_0.id,
        a1_0.completed_at,
        a1_0.photo_id,
        a1_0.requested_at,
        a1_0.result,
        a1_0.status 
    from
        analysis a1_0 
    where
        a1_0.id=?
2026-09-01 22:46:18.935 [PhotoProcessor-1] DEBUG [N/A] [N/A] org.hibernate.SQL - 
    insert 
    into
        analysis
        (completed_at,photo_id,requested_at,result,status,id) 
    values
        (?,?,?,?,?,?)
2026-09-01 22:46:18.948 [PhotoProcessor-1] INFO  [N/A] [N/A] r.s.s.d.s.AsyncPhotoProcessingExecutor - Сформирован запрос к ML сервису для фото: dee91399-9633-4f28-857f-fade44f6a669, размером: 33095 байт
2026-09-01 22:46:18.948 [PhotoProcessor-1] INFO  [N/A] [N/A] r.s.s.d.s.AsyncPhotoProcessingExecutor - Вызов ML анализа фото: dee91399-9633-4f28-857f-fade44f6a669
2026-09-01 22:46:18.948 [PhotoProcessor-1] INFO  [N/A] [N/A] ru.startup.skinscan.ML.StubMLClient - Заглушка ML: Анализ фото: dee91399-9633-4f28-857f-fade44f6a669
2026-09-01 22:46:21.421 [http-nio-8080-exec-4] DEBUG [N/A] [N/A] o.s.security.web.FilterChainProxy - Securing GET /skinScan/photos
2026-09-01 22:46:21.424 [http-nio-8080-exec-4] DEBUG [N/A] [N/A] org.hibernate.SQL - 
    select
        u1_0.id,
        u1_0.created_at,
        u1_0.email,
        u1_0.login,
        u1_0.password,
        u1_0.phone,
        u1_0.updated_at 
    from
        users u1_0 
    where
        u1_0.login=?
2026-09-01 22:46:21.920 [http-nio-8080-exec-4] DEBUG [N/A] [N/A] org.hibernate.SQL - 
    select
        u1_0.id 
    from
        users u1_0 
    where
        u1_0.login=?
2026-09-01 22:46:21.921 [http-nio-8080-exec-4] INFO  [N/A] [N/A] r.s.s.s.s.CustomUserDetailsService - Поиск пользователя с логином: Andrey600
2026-09-01 22:46:21.922 [http-nio-8080-exec-4] DEBUG [N/A] [N/A] org.hibernate.SQL - 
    select
        u1_0.id,
        u1_0.created_at,
        u1_0.email,
        u1_0.login,
        u1_0.password,
        u1_0.phone,
        u1_0.updated_at 
    from
        users u1_0 
    where
        u1_0.login=?
2026-09-01 22:46:21.924 [http-nio-8080-exec-4] INFO  [N/A] [N/A] r.s.s.s.s.CustomUserDetailsService - Найден пользователь: Andrey600, пароль: $2a$12$82L1ISHBmtE5Mz8Sna4Kr.OxWw0qFyPc2rdTy8Pr6YSNBBPgoLaiK
2026-09-01 22:46:22.136 [PhotoProcessor-1] INFO  [N/A] [N/A] ru.startup.skinscan.ML.StubMLClient - Заглушка ML: Фото: dee91399-9633-4f28-857f-fade44f6a669 обработано за 3188 ms
2026-09-01 22:46:22.136 [PhotoProcessor-1] INFO  [N/A] [N/A] r.s.s.d.s.AsyncPhotoProcessingExecutor - ML анализ фото: dee91399-9633-4f28-857f-fade44f6a669, завершен за время: 3188ms
2026-09-01 22:46:22.141 [PhotoProcessor-1] DEBUG [N/A] [N/A] org.hibernate.SQL - 
    update
        analysis 
    set
        result=?,
        status=?,
        completed_at=cast(? as timestamp(6) with time zone) 
    where
        id=?
2026-09-01 22:46:22.154 [PhotoProcessor-1] DEBUG [N/A] [N/A] org.hibernate.SQL - 
    update
        photo 
    set
        status=?,
        updated_at=cast(? as timestamp(6) with time zone) 
    where
        id=?
2026-09-01 22:46:22.156 [PhotoProcessor-1] INFO  [N/A] [N/A] r.s.s.d.s.AsyncPhotoProcessingExecutor - Анализ фото dee91399-9633-4f28-857f-fade44f6a669 успешно завершен
2026-09-01 22:46:22.316 [http-nio-8080-exec-4] DEBUG [N/A] [N/A] o.s.s.a.d.DaoAuthenticationProvider - Authenticated user
2026-09-01 22:46:22.316 [http-nio-8080-exec-4] DEBUG [N/A] [N/A] o.s.s.w.a.w.BasicAuthenticationFilter - Set SecurityContextHolder to UsernamePasswordAuthenticationToken [Principal=org.springframework.security.core.userdetails.User [Username=Andrey600, Password=[PROTECTED], Enabled=true, AccountNonExpired=true, credentialsNonExpired=true, AccountNonLocked=true, Granted Authorities=[]], Credentials=[PROTECTED], Authenticated=true, Details=WebAuthenticationDetails [RemoteIpAddress=127.0.0.1, SessionId=null], Granted Authorities=[]]
2026-09-01 22:46:22.316 [http-nio-8080-exec-4] DEBUG [N/A] [N/A] o.s.security.web.FilterChainProxy - Secured GET /skinScan/photos
2026-09-01 22:46:22.318 [http-nio-8080-exec-4] DEBUG [18800ac3-479a-4cb4-854e-e5df2527fb01] [NO_SESSION] org.hibernate.SQL - 
    select
        p1_0.id,
        p1_0.created_at,
        p1_0.file_name,
        p1_0.file_size_bytes,
        p1_0.mime_type,
        p1_0.status,
        p1_0.storage_file_path,
        p1_0.updated_at,
        p1_0.user_id 
    from
        photo p1_0 
    where
        p1_0.user_id=?
2026-09-01 22:46:22.320 [http-nio-8080-exec-4] INFO  [18800ac3-479a-4cb4-854e-e5df2527fb01] [NO_SESSION] r.s.s.d.service.PhotoServiceImpl - Получены все метаданные фоток пользователя 64641147-39de-45f8-a11f-7f57eb2805dc
2026-09-01 22:46:22.320 [http-nio-8080-exec-4] WARN  [18800ac3-479a-4cb4-854e-e5df2527fb01] [NO_SESSION] r.s.s.d.s.LocalFileStorageService - Подписанный URLs для локального хранилища не поддерживается, обычный URL для пути: 805dc/2026/09/2fd1fff1-8f55-48d0-aa2c-37d3adf0d185.jpg
2026-09-01 22:46:22.321 [http-nio-8080-exec-4] DEBUG [18800ac3-479a-4cb4-854e-e5df2527fb01] [NO_SESSION] org.hibernate.SQL - 
    select
        p1_0.id,
        p1_0.created_at,
        p1_0.file_name,
        p1_0.file_size_bytes,
        p1_0.mime_type,
        p1_0.status,
        p1_0.storage_file_path,
        p1_0.updated_at,
        p1_0.user_id 
    from
        photo p1_0 
    where
        p1_0.file_name=?
2026-09-01 22:46:22.322 [http-nio-8080-exec-4] INFO  [18800ac3-479a-4cb4-854e-e5df2527fb01] [NO_SESSION] r.s.s.d.service.PhotoServiceImpl - Получено id dee91399-9633-4f28-857f-fade44f6a669 фото с именем skin3.jpg
2026-09-01 22:46:22.322 [http-nio-8080-exec-4] INFO  [18800ac3-479a-4cb4-854e-e5df2527fb01] [NO_SESSION] r.s.s.d.service.PhotoServiceImpl - Получены URL для всех фото пользователя 64641147-39de-45f8-a11f-7f57eb2805dc
2026-09-01 22:46:22.322 [http-nio-8080-exec-4] DEBUG [18800ac3-479a-4cb4-854e-e5df2527fb01] [NO_SESSION] o.s.jdbc.datasource.DataSourceUtils - Setting JDBC Connection [HikariProxyConnection@41710865 wrapping org.postgresql.jdbc.PgConnection@362a561e] read-only
2026-09-01 22:46:22.323 [http-nio-8080-exec-4] DEBUG [18800ac3-479a-4cb4-854e-e5df2527fb01] [NO_SESSION] o.s.jdbc.datasource.DataSourceUtils - Resetting read-only flag of JDBC Connection [HikariProxyConnection@41710865 wrapping org.postgresql.jdbc.PgConnection@362a561e]
2026-09-01 22:46:22.324 [http-nio-8080-exec-4] INFO  [18800ac3-479a-4cb4-854e-e5df2527fb01] [NO_SESSION] r.s.s.d.service.PhotoServiceImpl - Метаданные фото из БД dee91399-9633-4f28-857f-fade44f6a669 получены
2026-09-01 22:46:24.904 [http-nio-8080-exec-5] DEBUG [N/A] [N/A] o.s.security.web.FilterChainProxy - Securing GET /skinScan/photos/name/skin3.jpg
2026-09-01 22:46:24.905 [http-nio-8080-exec-5] DEBUG [N/A] [N/A] org.hibernate.SQL - 
    select
        u1_0.id,
        u1_0.created_at,
        u1_0.email,
        u1_0.login,
        u1_0.password,
        u1_0.phone,
        u1_0.updated_at 
    from
        users u1_0 
    where
        u1_0.login=?
2026-09-01 22:46:25.344 [http-nio-8080-exec-5] DEBUG [N/A] [N/A] org.hibernate.SQL - 
    select
        u1_0.id 
    from
        users u1_0 
    where
        u1_0.login=?
2026-09-01 22:46:25.345 [http-nio-8080-exec-5] INFO  [N/A] [N/A] r.s.s.s.s.CustomUserDetailsService - Поиск пользователя с логином: Andrey600
2026-09-01 22:46:25.346 [http-nio-8080-exec-5] DEBUG [N/A] [N/A] org.hibernate.SQL - 
    select
        u1_0.id,
        u1_0.created_at,
        u1_0.email,
        u1_0.login,
        u1_0.password,
        u1_0.phone,
        u1_0.updated_at 
    from
        users u1_0 
    where
        u1_0.login=?
2026-09-01 22:46:25.347 [http-nio-8080-exec-5] INFO  [N/A] [N/A] r.s.s.s.s.CustomUserDetailsService - Найден пользователь: Andrey600, пароль: $2a$12$82L1ISHBmtE5Mz8Sna4Kr.OxWw0qFyPc2rdTy8Pr6YSNBBPgoLaiK
2026-09-01 22:46:25.779 [http-nio-8080-exec-5] DEBUG [N/A] [N/A] o.s.s.a.d.DaoAuthenticationProvider - Authenticated user
2026-09-01 22:46:25.780 [http-nio-8080-exec-5] DEBUG [N/A] [N/A] o.s.s.w.a.w.BasicAuthenticationFilter - Set SecurityContextHolder to UsernamePasswordAuthenticationToken [Principal=org.springframework.security.core.userdetails.User [Username=Andrey600, Password=[PROTECTED], Enabled=true, AccountNonExpired=true, credentialsNonExpired=true, AccountNonLocked=true, Granted Authorities=[]], Credentials=[PROTECTED], Authenticated=true, Details=WebAuthenticationDetails [RemoteIpAddress=127.0.0.1, SessionId=null], Granted Authorities=[]]
2026-09-01 22:46:25.780 [http-nio-8080-exec-5] DEBUG [N/A] [N/A] o.s.security.web.FilterChainProxy - Secured GET /skinScan/photos/name/skin3.jpg
2026-09-01 22:46:25.782 [http-nio-8080-exec-5] DEBUG [4222711d-7b0c-4c3e-aa19-ab973db526bf] [NO_SESSION] org.hibernate.SQL - 
    select
        p1_0.id,
        p1_0.created_at,
        p1_0.file_name,
        p1_0.file_size_bytes,
        p1_0.mime_type,
        p1_0.status,
        p1_0.storage_file_path,
        p1_0.updated_at,
        p1_0.user_id 
    from
        photo p1_0 
    where
        p1_0.file_name=?
2026-09-01 22:46:25.784 [http-nio-8080-exec-5] INFO  [4222711d-7b0c-4c3e-aa19-ab973db526bf] [NO_SESSION] r.s.s.d.service.PhotoServiceImpl - Получено id dee91399-9633-4f28-857f-fade44f6a669 фото с именем skin3.jpg
2026-09-01 22:46:25.784 [http-nio-8080-exec-5] DEBUG [4222711d-7b0c-4c3e-aa19-ab973db526bf] [NO_SESSION] o.s.jdbc.datasource.DataSourceUtils - Setting JDBC Connection [HikariProxyConnection@1689074777 wrapping org.postgresql.jdbc.PgConnection@362a561e] read-only
2026-09-01 22:46:25.785 [http-nio-8080-exec-5] DEBUG [4222711d-7b0c-4c3e-aa19-ab973db526bf] [NO_SESSION] o.s.jdbc.datasource.DataSourceUtils - Resetting read-only flag of JDBC Connection [HikariProxyConnection@1689074777 wrapping org.postgresql.jdbc.PgConnection@362a561e]
2026-09-01 22:46:25.785 [http-nio-8080-exec-5] INFO  [4222711d-7b0c-4c3e-aa19-ab973db526bf] [NO_SESSION] r.s.s.d.service.PhotoServiceImpl - Метаданные фото из БД dee91399-9633-4f28-857f-fade44f6a669 получены
2026-09-01 22:46:25.785 [http-nio-8080-exec-5] WARN  [4222711d-7b0c-4c3e-aa19-ab973db526bf] [NO_SESSION] r.s.s.d.s.LocalFileStorageService - Подписанный URLs для локального хранилища не поддерживается, обычный URL для пути: 805dc/2026/09/2fd1fff1-8f55-48d0-aa2c-37d3adf0d185.jpg
2026-09-01 22:46:25.785 [http-nio-8080-exec-5] INFO  [4222711d-7b0c-4c3e-aa19-ab973db526bf] [NO_SESSION] r.s.s.d.service.PhotoServiceImpl - Сгенерирован подписанный URL для фото dee91399-9633-4f28-857f-fade44f6a669: время действия 5 минут
2026-09-01 22:46:25.785 [http-nio-8080-exec-5] DEBUG [4222711d-7b0c-4c3e-aa19-ab973db526bf] [NO_SESSION] o.s.jdbc.datasource.DataSourceUtils - Setting JDBC Connection [HikariProxyConnection@1689074777 wrapping org.postgresql.jdbc.PgConnection@362a561e] read-only
2026-09-01 22:46:25.785 [http-nio-8080-exec-5] DEBUG [4222711d-7b0c-4c3e-aa19-ab973db526bf] [NO_SESSION] o.s.jdbc.datasource.DataSourceUtils - Resetting read-only flag of JDBC Connection [HikariProxyConnection@1689074777 wrapping org.postgresql.jdbc.PgConnection@362a561e]
2026-09-01 22:46:25.785 [http-nio-8080-exec-5] INFO  [4222711d-7b0c-4c3e-aa19-ab973db526bf] [NO_SESSION] r.s.s.d.service.PhotoServiceImpl - Метаданные фото из БД dee91399-9633-4f28-857f-fade44f6a669 получены
2026-09-01 22:46:33.340 [http-nio-8080-exec-6] DEBUG [N/A] [N/A] o.s.security.web.FilterChainProxy - Securing POST /skinScan/photos/upload
2026-09-01 22:46:33.341 [http-nio-8080-exec-6] DEBUG [N/A] [N/A] org.hibernate.SQL - 
    select
        u1_0.id,
        u1_0.created_at,
        u1_0.email,
        u1_0.login,
        u1_0.password,
        u1_0.phone,
        u1_0.updated_at 
    from
        users u1_0 
    where
        u1_0.login=?
2026-09-01 22:46:33.766 [http-nio-8080-exec-6] DEBUG [N/A] [N/A] org.hibernate.SQL - 
    select
        u1_0.id 
    from
        users u1_0 
    where
        u1_0.login=?
2026-09-01 22:46:33.767 [http-nio-8080-exec-6] INFO  [N/A] [N/A] r.s.s.s.s.CustomUserDetailsService - Поиск пользователя с логином: Andrey600
2026-09-01 22:46:33.767 [http-nio-8080-exec-6] DEBUG [N/A] [N/A] org.hibernate.SQL - 
    select
        u1_0.id,
        u1_0.created_at,
        u1_0.email,
        u1_0.login,
        u1_0.password,
        u1_0.phone,
        u1_0.updated_at 
    from
        users u1_0 
    where
        u1_0.login=?
2026-09-01 22:46:33.768 [http-nio-8080-exec-6] INFO  [N/A] [N/A] r.s.s.s.s.CustomUserDetailsService - Найден пользователь: Andrey600, пароль: $2a$12$82L1ISHBmtE5Mz8Sna4Kr.OxWw0qFyPc2rdTy8Pr6YSNBBPgoLaiK
2026-09-01 22:46:34.301 [http-nio-8080-exec-6] DEBUG [N/A] [N/A] o.s.s.a.d.DaoAuthenticationProvider - Authenticated user
2026-09-01 22:46:34.301 [http-nio-8080-exec-6] DEBUG [N/A] [N/A] o.s.s.w.a.w.BasicAuthenticationFilter - Set SecurityContextHolder to UsernamePasswordAuthenticationToken [Principal=org.springframework.security.core.userdetails.User [Username=Andrey600, Password=[PROTECTED], Enabled=true, AccountNonExpired=true, credentialsNonExpired=true, AccountNonLocked=true, Granted Authorities=[]], Credentials=[PROTECTED], Authenticated=true, Details=WebAuthenticationDetails [RemoteIpAddress=127.0.0.1, SessionId=null], Granted Authorities=[]]
2026-09-01 22:46:34.301 [http-nio-8080-exec-6] DEBUG [N/A] [N/A] o.s.security.web.FilterChainProxy - Secured POST /skinScan/photos/upload
2026-09-01 22:46:34.317 [http-nio-8080-exec-6] DEBUG [8ce9b6ac-f185-43ee-b3cf-1127b717cdac] [NO_SESSION] org.hibernate.SQL - 
    select
        p1_0.id,
        p1_0.created_at,
        p1_0.file_name,
        p1_0.file_size_bytes,
        p1_0.mime_type,
        p1_0.status,
        p1_0.storage_file_path,
        p1_0.updated_at,
        p1_0.user_id 
    from
        photo p1_0 
    where
        p1_0.file_name=?
2026-09-01 22:46:34.319 [http-nio-8080-exec-6] INFO  [8ce9b6ac-f185-43ee-b3cf-1127b717cdac] [NO_SESSION] r.s.s.d.service.PhotoServiceImpl - Получено id dee91399-9633-4f28-857f-fade44f6a669 фото с именем skin3.jpg
2026-09-01 22:46:57.790 [SpringApplicationShutdownHook] INFO  [N/A] [N/A] o.s.o.j.LocalContainerEntityManagerFactoryBean - Closing JPA EntityManagerFactory for persistence unit 'default'
2026-09-01 22:46:57.792 [SpringApplicationShutdownHook] INFO  [N/A] [N/A] com.zaxxer.hikari.HikariDataSource - HikariPool-1 - Shutdown initiated...
2026-09-01 22:46:57.795 [SpringApplicationShutdownHook] INFO  [N/A] [N/A] com.zaxxer.hikari.HikariDataSource - HikariPool-1 - Shutdown completed.
2026-09-01 22:54:14.753 [background-preinit] INFO  [N/A] [N/A] o.h.validator.internal.util.Version - HV000001: Hibernate Validator 8.0.1.Final
2026-09-01 22:54:14.787 [main] INFO  [N/A] [N/A] ru.startup.skinscan.Main - Starting Main using Java 21.0.10 with PID 27144 (C:\Users\ferdi\IdeaProjects\SkinScan\build\classes\java\main started by ferdi in C:\Users\ferdi\IdeaProjects\SkinScan)
2026-09-01 22:54:14.787 [main] DEBUG [N/A] [N/A] ru.startup.skinscan.Main - Running with Spring Boot v3.1.12, Spring v6.0.21
2026-09-01 22:54:14.788 [main] INFO  [N/A] [N/A] ru.startup.skinscan.Main - The following 1 profile is active: "local"
2026-09-01 22:54:15.782 [main] INFO  [N/A] [N/A] o.s.d.r.c.RepositoryConfigurationDelegate - Bootstrapping Spring Data JPA repositories in DEFAULT mode.
2026-09-01 22:54:15.911 [main] INFO  [N/A] [N/A] o.s.d.r.c.RepositoryConfigurationDelegate - Finished Spring Data repository scanning in 113 ms. Found 3 JPA repository interfaces.
2026-09-01 22:54:17.210 [main] INFO  [N/A] [N/A] o.s.b.w.e.tomcat.TomcatWebServer - Tomcat initialized with port(s): 8080 (http)
2026-09-01 22:54:17.242 [main] INFO  [N/A] [N/A] o.a.coyote.http11.Http11NioProtocol - Initializing ProtocolHandler ["http-nio-8080"]
2026-09-01 22:54:17.246 [main] INFO  [N/A] [N/A] o.a.catalina.core.StandardService - Starting service [Tomcat]
2026-09-01 22:54:17.247 [main] INFO  [N/A] [N/A] o.a.catalina.core.StandardEngine - Starting Servlet engine: [Apache Tomcat/10.1.24]
2026-09-01 22:54:17.732 [main] INFO  [N/A] [N/A] o.a.c.c.C.[Tomcat].[localhost].[/] - Initializing Spring embedded WebApplicationContext
2026-09-01 22:54:17.733 [main] INFO  [N/A] [N/A] o.s.b.w.s.c.ServletWebServerApplicationContext - Root WebApplicationContext: initialization completed in 2887 ms
2026-09-01 22:54:17.800 [main] INFO  [N/A] [N/A] r.s.s.s.r.RateLimiterInMemory - RateLimiter инициализирован с интервалом очистки: 300с
2026-09-01 22:54:18.783 [main] DEBUG [N/A] [N/A] o.f.c.i.s.classpath.ClassPathScanner - Scanning for classpath resources at 'classpath:db/callback' ...
2026-09-01 22:54:18.784 [main] DEBUG [N/A] [N/A] o.f.c.i.s.classpath.ClassPathScanner - Determining location urls for classpath:db/callback using ClassLoader TomcatEmbeddedWebappClassLoader
  context: ROOT
  delegate: true
----------> Parent Classloader:
jdk.internal.loader.ClassLoaders$AppClassLoader@3fee733d
 ...
2026-09-01 22:54:18.785 [main] DEBUG [N/A] [N/A] o.f.c.i.s.classpath.ClassPathScanner - Unable to resolve location classpath:db/callback.
2026-09-01 22:54:18.785 [main] DEBUG [N/A] [N/A] o.f.c.i.s.classpath.ClassPathScanner - Scanning for classpath resources at 'classpath:db/migration' ...
2026-09-01 22:54:18.786 [main] DEBUG [N/A] [N/A] o.f.c.i.s.classpath.ClassPathScanner - Determining location urls for classpath:db/migration using ClassLoader TomcatEmbeddedWebappClassLoader
  context: ROOT
  delegate: true
----------> Parent Classloader:
jdk.internal.loader.ClassLoaders$AppClassLoader@3fee733d
 ...
2026-09-01 22:54:18.787 [main] DEBUG [N/A] [N/A] o.f.c.i.s.classpath.ClassPathScanner - Scanning URL: file:/C:/Users/ferdi/IdeaProjects/SkinScan/build/resources/main/db/migration
2026-09-01 22:54:18.791 [main] DEBUG [N/A] [N/A] o.f.c.i.s.c.FileSystemClassPathLocationScanner - Scanning starting at classpath root in filesystem: C:\Users\ferdi\IdeaProjects\SkinScan\build\resources\main\
2026-09-01 22:54:18.791 [main] DEBUG [N/A] [N/A] o.f.c.i.s.c.FileSystemClassPathLocationScanner - Scanning for resources in path: C:\Users\ferdi\IdeaProjects\SkinScan\build\resources\main\db\migration (db/migration)
2026-09-01 22:54:18.795 [main] DEBUG [N/A] [N/A] o.f.c.i.s.classpath.ClassPathScanner - Found resource: db/migration/V1__create_users_table.sql
2026-09-01 22:54:18.796 [main] DEBUG [N/A] [N/A] o.f.c.i.s.classpath.ClassPathScanner - Found resource: db/migration/V2__create_photo_table.sql
2026-09-01 22:54:18.796 [main] DEBUG [N/A] [N/A] o.f.c.i.s.classpath.ClassPathScanner - Found resource: db/migration/V3__create_analysis_table.sql
2026-09-01 22:54:18.796 [main] DEBUG [N/A] [N/A] o.f.c.i.s.classpath.ClassPathScanner - Found resource: db/migration/V4__add_index.sql
2026-09-01 22:54:18.797 [main] DEBUG [N/A] [N/A] o.f.c.i.s.classpath.ClassPathScanner - Scanning for classes at classpath:db/migration
2026-09-01 22:54:18.814 [main] DEBUG [N/A] [N/A] o.f.c.i.r.ResourceNameValidator - Validating V2__create_photo_table.sql
2026-09-01 22:54:18.837 [main] INFO  [N/A] [N/A] com.zaxxer.hikari.HikariDataSource - HikariPool-1 - Starting...
2026-09-01 22:54:19.178 [main] INFO  [N/A] [N/A] com.zaxxer.hikari.pool.HikariPool - HikariPool-1 - Added connection org.postgresql.jdbc.PgConnection@54495935
2026-09-01 22:54:19.182 [main] INFO  [N/A] [N/A] com.zaxxer.hikari.HikariDataSource - HikariPool-1 - Start completed.
2026-09-01 22:54:19.281 [main] DEBUG [N/A] [N/A] o.f.c.i.r.ResourceNameValidator - Validating V1__create_users_table.sql
2026-09-01 22:54:19.288 [main] DEBUG [N/A] [N/A] o.f.c.i.r.ResourceNameValidator - Validating V4__add_index.sql
2026-09-01 22:54:19.288 [main] DEBUG [N/A] [N/A] o.f.c.i.r.ResourceNameValidator - Validating V3__create_analysis_table.sql
2026-09-01 22:54:19.305 [main] DEBUG [N/A] [N/A] o.f.c.i.d.DatabaseTypeRegister - Multiple databases found that handle url 'jdbc:postgresql://localhost:5432/skinScan': CockroachDB,PostgreSQL
2026-09-01 22:54:19.306 [main] INFO  [N/A] [N/A] org.flywaydb.core.FlywayExecutor - Database: jdbc:postgresql://localhost:5432/skinScan (PostgreSQL 18.1)
2026-09-01 22:54:19.306 [main] DEBUG [N/A] [N/A] org.flywaydb.core.FlywayExecutor - Database Type: PostgreSQL
2026-09-01 22:54:19.306 [main] DEBUG [N/A] [N/A] org.flywaydb.core.FlywayExecutor - Driver: PostgreSQL JDBC Driver 42.7.11
2026-09-01 22:54:19.308 [main] DEBUG [N/A] [N/A] org.flywaydb.core.FlywayExecutor - DDL Transactions Supported: true
2026-09-01 22:54:19.314 [main] DEBUG [N/A] [N/A] o.f.c.i.s.SchemaHistoryFactory - Schemas: 
2026-09-01 22:54:19.316 [main] DEBUG [N/A] [N/A] o.f.c.i.s.SchemaHistoryFactory - Default schema: null
2026-09-01 22:54:19.337 [main] WARN  [N/A] [N/A] o.f.c.i.database.base.Database - Flyway upgrade recommended: PostgreSQL 18.1 is newer than this version of Flyway and support has not been tested. The latest supported version of PostgreSQL is 16.
2026-09-01 22:54:19.339 [main] DEBUG [N/A] [N/A] o.f.c.i.c.SqlScriptCallbackFactory - Scanning for SQL callbacks ...
2026-09-01 22:54:19.350 [main] DEBUG [N/A] [N/A] o.f.core.internal.command.DbValidate - Validating migrations ...
2026-09-01 22:54:19.352 [main] DEBUG [N/A] [N/A] o.f.c.a.c.ClassicConfiguration - CherryPickConfigurationExtension not found
2026-09-01 22:54:19.359 [main] DEBUG [N/A] [N/A] o.f.core.internal.scanner.Scanner - Filtering out resource: db/migration/V2__create_photo_table.sql (filename: V2__create_photo_table.sql)
2026-09-01 22:54:19.359 [main] DEBUG [N/A] [N/A] o.f.core.internal.scanner.Scanner - Filtering out resource: db/migration/V1__create_users_table.sql (filename: V1__create_users_table.sql)
2026-09-01 22:54:19.359 [main] DEBUG [N/A] [N/A] o.f.core.internal.scanner.Scanner - Filtering out resource: db/migration/V4__add_index.sql (filename: V4__add_index.sql)
2026-09-01 22:54:19.359 [main] DEBUG [N/A] [N/A] o.f.core.internal.scanner.Scanner - Filtering out resource: db/migration/V3__create_analysis_table.sql (filename: V3__create_analysis_table.sql)
2026-09-01 22:54:19.360 [main] DEBUG [N/A] [N/A] o.f.core.internal.scanner.Scanner - Filtering out resource: db/migration/V2__create_photo_table.sql (filename: V2__create_photo_table.sql)
2026-09-01 22:54:19.360 [main] DEBUG [N/A] [N/A] o.f.core.internal.scanner.Scanner - Filtering out resource: db/migration/V1__create_users_table.sql (filename: V1__create_users_table.sql)
2026-09-01 22:54:19.360 [main] DEBUG [N/A] [N/A] o.f.core.internal.scanner.Scanner - Filtering out resource: db/migration/V4__add_index.sql (filename: V4__add_index.sql)
2026-09-01 22:54:19.360 [main] DEBUG [N/A] [N/A] o.f.core.internal.scanner.Scanner - Filtering out resource: db/migration/V3__create_analysis_table.sql (filename: V3__create_analysis_table.sql)
2026-09-01 22:54:19.396 [main] INFO  [N/A] [N/A] o.f.core.internal.command.DbValidate - Successfully validated 4 migrations (execution time 00:00.044s)
2026-09-01 22:54:19.399 [main] DEBUG [N/A] [N/A] o.f.core.internal.command.DbSchemas - Skipping creation of existing schema: "public"
2026-09-01 22:54:19.412 [main] DEBUG [N/A] [N/A] o.f.c.a.c.ClassicConfiguration - CherryPickConfigurationExtension not found
2026-09-01 22:54:19.415 [main] INFO  [N/A] [N/A] o.f.core.internal.command.DbMigrate - Current version of schema "public": 4
2026-09-01 22:54:19.419 [main] INFO  [N/A] [N/A] o.f.core.internal.command.DbMigrate - Schema "public" is up to date. No migration necessary.
2026-09-01 22:54:19.425 [main] DEBUG [N/A] [N/A] org.flywaydb.core.FlywayExecutor - Memory usage: 46 of 88M
2026-09-01 22:54:19.572 [main] DEBUG [N/A] [N/A] o.s.jdbc.datasource.DataSourceUtils - Fetching JDBC Connection from DataSource
2026-09-01 22:54:19.662 [main] INFO  [N/A] [N/A] o.h.jpa.internal.util.LogHelper - HHH000204: Processing PersistenceUnitInfo [name: default]
2026-09-01 22:54:19.835 [main] INFO  [N/A] [N/A] org.hibernate.Version - HHH000412: Hibernate ORM core version 6.2.25.Final
2026-09-01 22:54:19.842 [main] INFO  [N/A] [N/A] org.hibernate.cfg.Environment - HHH000406: Using bytecode reflection optimizer
2026-09-01 22:54:21.096 [main] INFO  [N/A] [N/A] o.s.o.j.p.SpringPersistenceUnitInfo - No LoadTimeWeaver setup: ignoring JPA class transformer
2026-09-01 22:54:25.274 [main] INFO  [N/A] [N/A] o.h.e.t.j.p.i.JtaPlatformInitiator - HHH000489: No JTA platform available (set 'hibernate.transaction.jta.platform' to enable JTA platform integration)
2026-09-01 22:54:25.288 [main] INFO  [N/A] [N/A] o.s.o.j.LocalContainerEntityManagerFactoryBean - Initialized JPA EntityManagerFactory for persistence unit 'default'
2026-09-01 22:54:25.997 [main] INFO  [N/A] [N/A] o.s.d.j.r.query.QueryEnhancerFactory - Hibernate is in classpath; If applicable, HQL parser will be used.
2026-09-01 22:54:27.884 [main] DEBUG [N/A] [N/A] r.s.s.s.filter.RateLimiterFilter - Filter 'rateLimiterFilter' configured for use
2026-09-01 22:54:27.888 [main] DEBUG [N/A] [N/A] r.s.skinscan.config.MdcLoggingFilter - Filter 'mdcLoggingFilter' configured for use
2026-09-01 22:54:28.231 [main] INFO  [N/A] [N/A] r.s.s.d.s.LocalFileStorageService - Инициализация локального хранилища фотографий с начальным путем: C:\Users\ferdi/data/uploads
2026-09-01 22:54:28.236 [main] INFO  [N/A] [N/A] r.s.s.d.s.LocalFileStorageService - Инициализация локального хранилища фотографий успешна завершена!
2026-09-01 22:54:28.382 [main] INFO  [N/A] [N/A] r.s.skinscan.config.AsyncConfig - Photo Task Executor запущен: базовое кол-во потоков=5, максимальное кол-во потоков=10, размер очереди ожидания=100
2026-09-01 22:54:28.392 [main] INFO  [N/A] [N/A] r.s.skinscan.config.AsyncConfig - Recovery Task Executor запущен
2026-09-01 22:54:28.718 [main] WARN  [N/A] [N/A] o.s.b.a.o.j.JpaBaseConfiguration$JpaWebConfiguration - spring.jpa.open-in-view is enabled by default. Therefore, database queries may be performed during view rendering. Explicitly configure spring.jpa.open-in-view to disable this warning
2026-09-01 22:54:28.770 [main] DEBUG [N/A] [N/A] o.s.s.c.a.a.c.AuthenticationConfiguration$DefaultPasswordEncoderAuthenticationManagerBuilder - No authenticationProviders and no parentAuthenticationManager defined. Returning null.
2026-09-01 22:54:29.913 [main] INFO  [N/A] [N/A] o.s.s.web.DefaultSecurityFilterChain - Will secure any request with [org.springframework.security.web.session.DisableEncodeUrlFilter@78405f00, org.springframework.security.web.context.request.async.WebAsyncManagerIntegrationFilter@295f115d, org.springframework.security.web.context.SecurityContextHolderFilter@3653bb61, org.springframework.security.web.header.HeaderWriterFilter@74c58f64, org.springframework.web.filter.CorsFilter@a6cb2c9, org.springframework.security.web.authentication.logout.LogoutFilter@5135b8a3, ru.startup.skinscan.security.filter.RateLimiterFilter@66d62c59, org.springframework.security.web.authentication.www.BasicAuthenticationFilter@73344f4a, org.springframework.security.web.savedrequest.RequestCacheAwareFilter@23972e02, org.springframework.security.web.servletapi.SecurityContextHolderAwareRequestFilter@251d64d6, org.springframework.security.web.authentication.AnonymousAuthenticationFilter@3c32f3d8, org.springframework.security.web.session.SessionManagementFilter@46e2a773, org.springframework.security.web.access.ExceptionTranslationFilter@1b1434ce, org.springframework.security.web.access.intercept.AuthorizationFilter@490dc900]
2026-09-01 22:54:31.239 [main] INFO  [N/A] [N/A] o.a.coyote.http11.Http11NioProtocol - Starting ProtocolHandler ["http-nio-8080"]
2026-09-01 22:54:31.356 [main] INFO  [N/A] [N/A] o.s.b.w.e.tomcat.TomcatWebServer - Tomcat started on port(s): 8080 (http) with context path ''
2026-09-01 22:54:31.426 [main] INFO  [N/A] [N/A] ru.startup.skinscan.Main - Started Main in 17.194 seconds (process running for 18.153)
2026-09-01 22:54:31.458 [scheduling-1] DEBUG [N/A] [N/A] r.s.s.s.PhotoRecoveryScheduler - Запуск проверки и обработки зависших фотографий
2026-09-01 22:54:31.752 [scheduling-1] DEBUG [N/A] [N/A] org.hibernate.SQL - 
    select
        p1_0.id,
        p1_0.created_at,
        p1_0.file_name,
        p1_0.file_size_bytes,
        p1_0.mime_type,
        p1_0.status,
        p1_0.storage_file_path,
        p1_0.updated_at,
        p1_0.user_id 
    from
        photo p1_0 
    where
        p1_0.status=? 
        and p1_0.created_at<cast(? as timestamp(6) with time zone)
2026-09-01 22:54:31.768 [scheduling-1] DEBUG [N/A] [N/A] r.s.s.s.PhotoRecoveryScheduler - Зависшие фотографии не найдены
2026-09-01 22:54:35.269 [http-nio-8080-exec-1] INFO  [N/A] [N/A] o.a.c.c.C.[Tomcat].[localhost].[/] - Initializing Spring DispatcherServlet 'dispatcherServlet'
2026-09-01 22:54:35.271 [http-nio-8080-exec-1] INFO  [N/A] [N/A] o.s.web.servlet.DispatcherServlet - Initializing Servlet 'dispatcherServlet'
2026-09-01 22:54:35.277 [http-nio-8080-exec-1] INFO  [N/A] [N/A] o.s.web.servlet.DispatcherServlet - Completed initialization in 5 ms
2026-09-01 22:54:35.326 [http-nio-8080-exec-1] DEBUG [N/A] [N/A] o.s.security.web.FilterChainProxy - Securing POST /skinScan/photos/upload
2026-09-01 22:54:35.415 [http-nio-8080-exec-1] DEBUG [N/A] [N/A] org.hibernate.SQL - 
    select
        u1_0.id,
        u1_0.created_at,
        u1_0.email,
        u1_0.login,
        u1_0.password,
        u1_0.phone,
        u1_0.updated_at 
    from
        users u1_0 
    where
        u1_0.login=?
2026-09-01 22:54:36.585 [http-nio-8080-exec-1] DEBUG [N/A] [N/A] org.hibernate.SQL - 
    select
        u1_0.id 
    from
        users u1_0 
    where
        u1_0.login=?
2026-09-01 22:54:38.458 [http-nio-8080-exec-1] INFO  [N/A] [N/A] r.s.s.s.s.CustomUserDetailsService - Поиск пользователя с логином: Andrey600
2026-09-01 22:54:38.463 [http-nio-8080-exec-1] DEBUG [N/A] [N/A] org.hibernate.SQL - 
    select
        u1_0.id,
        u1_0.created_at,
        u1_0.email,
        u1_0.login,
        u1_0.password,
        u1_0.phone,
        u1_0.updated_at 
    from
        users u1_0 
    where
        u1_0.login=?
2026-09-01 22:54:38.469 [http-nio-8080-exec-1] INFO  [N/A] [N/A] r.s.s.s.s.CustomUserDetailsService - Найден пользователь: Andrey600, пароль: $2a$12$82L1ISHBmtE5Mz8Sna4Kr.OxWw0qFyPc2rdTy8Pr6YSNBBPgoLaiK
2026-09-01 22:54:39.860 [http-nio-8080-exec-1] DEBUG [N/A] [N/A] o.s.s.a.d.DaoAuthenticationProvider - Authenticated user
2026-09-01 22:54:39.862 [http-nio-8080-exec-1] DEBUG [N/A] [N/A] o.s.s.w.a.w.BasicAuthenticationFilter - Set SecurityContextHolder to UsernamePasswordAuthenticationToken [Principal=org.springframework.security.core.userdetails.User [Username=Andrey600, Password=[PROTECTED], Enabled=true, AccountNonExpired=true, credentialsNonExpired=true, AccountNonLocked=true, Granted Authorities=[]], Credentials=[PROTECTED], Authenticated=true, Details=WebAuthenticationDetails [RemoteIpAddress=127.0.0.1, SessionId=null], Granted Authorities=[]]
2026-09-01 22:54:39.869 [http-nio-8080-exec-1] DEBUG [N/A] [N/A] o.s.security.web.FilterChainProxy - Secured POST /skinScan/photos/upload
2026-09-01 22:54:40.191 [http-nio-8080-exec-1] DEBUG [9a4e467b-afe8-47bf-b17d-98bcf050eb57] [NO_SESSION] org.hibernate.SQL - 
    select
        p1_0.id,
        p1_0.created_at,
        p1_0.file_name,
        p1_0.file_size_bytes,
        p1_0.mime_type,
        p1_0.status,
        p1_0.storage_file_path,
        p1_0.updated_at,
        p1_0.user_id 
    from
        photo p1_0 
    where
        p1_0.file_name=?
2026-09-01 22:54:40.195 [http-nio-8080-exec-1] INFO  [9a4e467b-afe8-47bf-b17d-98bcf050eb57] [NO_SESSION] r.s.s.d.service.PhotoServiceImpl - Получено id dee91399-9633-4f28-857f-fade44f6a669 фото с именем skin3.jpg
2026-09-01 22:54:40.205 [http-nio-8080-exec-1] INFO  [9a4e467b-afe8-47bf-b17d-98bcf050eb57] [NO_SESSION] r.s.s.d.service.PhotoServiceImpl - Метаданные фото из БД dee91399-9633-4f28-857f-fade44f6a669 получены
2026-09-01 22:55:07.548 [http-nio-8080-exec-2] DEBUG [N/A] [N/A] o.s.security.web.FilterChainProxy - Securing POST /skinScan/photos/upload
2026-09-01 22:55:07.550 [http-nio-8080-exec-2] DEBUG [N/A] [N/A] org.hibernate.SQL - 
    select
        u1_0.id,
        u1_0.created_at,
        u1_0.email,
        u1_0.login,
        u1_0.password,
        u1_0.phone,
        u1_0.updated_at 
    from
        users u1_0 
    where
        u1_0.login=?
2026-09-01 22:55:39.691 [http-nio-8080-exec-3] DEBUG [N/A] [N/A] o.s.security.web.FilterChainProxy - Securing POST /skinScan/photos/upload
2026-09-01 22:55:39.692 [http-nio-8080-exec-3] DEBUG [N/A] [N/A] org.hibernate.SQL - 
    select
        u1_0.id,
        u1_0.created_at,
        u1_0.email,
        u1_0.login,
        u1_0.password,
        u1_0.phone,
        u1_0.updated_at 
    from
        users u1_0 
    where
        u1_0.login=?
2026-09-01 22:55:40.126 [http-nio-8080-exec-3] DEBUG [N/A] [N/A] org.hibernate.SQL - 
    select
        u1_0.id 
    from
        users u1_0 
    where
        u1_0.login=?
2026-09-01 22:55:40.127 [http-nio-8080-exec-3] INFO  [N/A] [N/A] r.s.s.s.s.CustomUserDetailsService - Поиск пользователя с логином: Andrey400
2026-09-01 22:55:40.128 [http-nio-8080-exec-3] DEBUG [N/A] [N/A] org.hibernate.SQL - 
    select
        u1_0.id,
        u1_0.created_at,
        u1_0.email,
        u1_0.login,
        u1_0.password,
        u1_0.phone,
        u1_0.updated_at 
    from
        users u1_0 
    where
        u1_0.login=?
2026-09-01 22:55:40.129 [http-nio-8080-exec-3] INFO  [N/A] [N/A] r.s.s.s.s.CustomUserDetailsService - Найден пользователь: Andrey400, пароль: $2a$12$d.FH9qZOydIpywFfOZblzeR/d/jf0O9rKSJ8IZgfS9JHrzjUSWyxi
2026-09-01 22:55:40.560 [http-nio-8080-exec-3] DEBUG [N/A] [N/A] o.s.s.a.d.DaoAuthenticationProvider - Authenticated user
2026-09-01 22:55:40.560 [http-nio-8080-exec-3] DEBUG [N/A] [N/A] o.s.s.w.a.w.BasicAuthenticationFilter - Set SecurityContextHolder to UsernamePasswordAuthenticationToken [Principal=org.springframework.security.core.userdetails.User [Username=Andrey400, Password=[PROTECTED], Enabled=true, AccountNonExpired=true, credentialsNonExpired=true, AccountNonLocked=true, Granted Authorities=[]], Credentials=[PROTECTED], Authenticated=true, Details=WebAuthenticationDetails [RemoteIpAddress=127.0.0.1, SessionId=null], Granted Authorities=[]]
2026-09-01 22:55:40.561 [http-nio-8080-exec-3] DEBUG [N/A] [N/A] o.s.security.web.FilterChainProxy - Secured POST /skinScan/photos/upload
2026-09-01 22:55:40.570 [http-nio-8080-exec-3] DEBUG [1554b24b-07b3-4d69-a3be-6ad3bbd7fa16] [NO_SESSION] org.hibernate.SQL - 
    select
        p1_0.id,
        p1_0.created_at,
        p1_0.file_name,
        p1_0.file_size_bytes,
        p1_0.mime_type,
        p1_0.status,
        p1_0.storage_file_path,
        p1_0.updated_at,
        p1_0.user_id 
    from
        photo p1_0 
    where
        p1_0.file_name=?
2026-09-01 22:55:40.572 [http-nio-8080-exec-3] INFO  [1554b24b-07b3-4d69-a3be-6ad3bbd7fa16] [NO_SESSION] r.s.s.d.service.PhotoServiceImpl - Получено id dee91399-9633-4f28-857f-fade44f6a669 фото с именем skin3.jpg
2026-09-01 22:55:40.579 [http-nio-8080-exec-3] DEBUG [1554b24b-07b3-4d69-a3be-6ad3bbd7fa16] [NO_SESSION] r.s.s.d.s.LocalFileStorageService - Файл сохранится в директории: C:\Users\ferdi\data\uploads\95d8b\2026\09\1b2ca760-89c6-41c1-9f40-08ae38c12f55.jpg, с временной директорией: C:\Users\ferdi\data\uploads\95d8b\2026\09\temp\.1b2ca760-89c6-41c1-9f40-08ae38c12f55.jpg.tmp
2026-09-01 22:55:40.585 [http-nio-8080-exec-3] INFO  [1554b24b-07b3-4d69-a3be-6ad3bbd7fa16] [NO_SESSION] r.s.s.d.s.LocalFileStorageService - Файл успешно сохранен: 95d8b/2026/09/1b2ca760-89c6-41c1-9f40-08ae38c12f55.jpg, с размером: 33095 байт
2026-09-01 22:55:40.585 [http-nio-8080-exec-3] INFO  [1554b24b-07b3-4d69-a3be-6ad3bbd7fa16] [NO_SESSION] r.s.s.d.service.PhotoServiceImpl - Фото сохранено в хранилище
2026-09-01 22:55:40.591 [http-nio-8080-exec-3] DEBUG [1554b24b-07b3-4d69-a3be-6ad3bbd7fa16] [NO_SESSION] org.hibernate.SQL - 
    select
        p1_0.id,
        p1_0.created_at,
        p1_0.file_name,
        p1_0.file_size_bytes,
        p1_0.mime_type,
        p1_0.status,
        p1_0.storage_file_path,
        p1_0.updated_at,
        p1_0.user_id 
    from
        photo p1_0 
    where
        p1_0.id=?
2026-09-01 22:55:40.600 [http-nio-8080-exec-3] INFO  [1554b24b-07b3-4d69-a3be-6ad3bbd7fa16] [NO_SESSION] r.s.s.d.service.PhotoServiceImpl - Метаданные фото 18a4f11a-b6a1-4b83-b7a1-4c7940f0b7c0 сохранены в БД
2026-09-01 22:55:40.601 [http-nio-8080-exec-3] INFO  [1554b24b-07b3-4d69-a3be-6ad3bbd7fa16] [NO_SESSION] r.s.s.d.service.PhotoServiceImpl - Запуск асинхронной обработки фото 18a4f11a-b6a1-4b83-b7a1-4c7940f0b7c0
2026-09-01 22:55:40.602 [PhotoProcessor-1] INFO  [N/A] [N/A] r.s.s.d.s.AsyncPhotoProcessingExecutor - Запущен асинхронный процесс с фото: 18a4f11a-b6a1-4b83-b7a1-4c7940f0b7c0, пользователя: cb2915c3-7b68-4c44-9587-cbeb0b295d8b
2026-09-01 22:55:40.612 [http-nio-8080-exec-3] DEBUG [1554b24b-07b3-4d69-a3be-6ad3bbd7fa16] [NO_SESSION] org.hibernate.SQL - 
    insert 
    into
        photo
        (created_at,file_name,file_size_bytes,mime_type,status,storage_file_path,updated_at,user_id,id) 
    values
        (?,?,?,?,?,?,?,?,?)
2026-09-01 22:55:41.621 [PhotoProcessor-1] DEBUG [N/A] [N/A] o.s.jdbc.datasource.DataSourceUtils - Setting JDBC Connection [HikariProxyConnection@1199125322 wrapping org.postgresql.jdbc.PgConnection@54495935] read-only
2026-09-01 22:55:41.622 [PhotoProcessor-1] DEBUG [N/A] [N/A] org.hibernate.SQL - 
    select
        p1_0.id,
        p1_0.created_at,
        p1_0.file_name,
        p1_0.file_size_bytes,
        p1_0.mime_type,
        p1_0.status,
        p1_0.storage_file_path,
        p1_0.updated_at,
        p1_0.user_id 
    from
        photo p1_0 
    where
        p1_0.id=?
2026-09-01 22:55:41.628 [PhotoProcessor-1] DEBUG [N/A] [N/A] o.s.jdbc.datasource.DataSourceUtils - Resetting read-only flag of JDBC Connection [HikariProxyConnection@1199125322 wrapping org.postgresql.jdbc.PgConnection@54495935]
2026-09-01 22:55:41.662 [PhotoProcessor-1] DEBUG [N/A] [N/A] org.hibernate.SQL - 
    update
        photo 
    set
        status=?,
        updated_at=cast(? as timestamp(6) with time zone) 
    where
        id=?
2026-09-01 22:55:41.665 [PhotoProcessor-1] INFO  [N/A] [N/A] r.s.s.d.s.AsyncPhotoProcessingExecutor - Сменен статус фото 18a4f11a-b6a1-4b83-b7a1-4c7940f0b7c0 на PROCESSING
2026-09-01 22:55:41.670 [PhotoProcessor-1] DEBUG [N/A] [N/A] org.hibernate.SQL - 
    select
        a1_0.id,
        a1_0.completed_at,
        a1_0.photo_id,
        a1_0.requested_at,
        a1_0.result,
        a1_0.status 
    from
        analysis a1_0 
    where
        a1_0.id=?
2026-09-01 22:55:41.699 [PhotoProcessor-1] DEBUG [N/A] [N/A] org.hibernate.SQL - 
    insert 
    into
        analysis
        (completed_at,photo_id,requested_at,result,status,id) 
    values
        (?,?,?,?,?,?)
2026-09-01 22:55:41.748 [PhotoProcessor-1] INFO  [N/A] [N/A] r.s.s.d.s.AsyncPhotoProcessingExecutor - Сформирован запрос к ML сервису для фото: 18a4f11a-b6a1-4b83-b7a1-4c7940f0b7c0, размером: 33095 байт
2026-09-01 22:55:41.748 [PhotoProcessor-1] INFO  [N/A] [N/A] r.s.s.d.s.AsyncPhotoProcessingExecutor - Вызов ML анализа фото: 18a4f11a-b6a1-4b83-b7a1-4c7940f0b7c0
2026-09-01 22:55:41.748 [PhotoProcessor-1] INFO  [N/A] [N/A] ru.startup.skinscan.ML.StubMLClient - Заглушка ML: Анализ фото: 18a4f11a-b6a1-4b83-b7a1-4c7940f0b7c0
2026-09-01 22:55:45.742 [PhotoProcessor-1] INFO  [N/A] [N/A] ru.startup.skinscan.ML.StubMLClient - Заглушка ML: Фото: 18a4f11a-b6a1-4b83-b7a1-4c7940f0b7c0 обработано за 3994 ms
2026-09-01 22:55:45.744 [PhotoProcessor-1] INFO  [N/A] [N/A] r.s.s.d.s.AsyncPhotoProcessingExecutor - ML анализ фото: 18a4f11a-b6a1-4b83-b7a1-4c7940f0b7c0, завершен за время: 3996ms
2026-09-01 22:55:45.759 [PhotoProcessor-1] DEBUG [N/A] [N/A] org.hibernate.SQL - 
    update
        analysis 
    set
        result=?,
        status=?,
        completed_at=cast(? as timestamp(6) with time zone) 
    where
        id=?
2026-09-01 22:55:45.772 [PhotoProcessor-1] DEBUG [N/A] [N/A] org.hibernate.SQL - 
    update
        photo 
    set
        status=?,
        updated_at=cast(? as timestamp(6) with time zone) 
    where
        id=?
2026-09-01 22:55:45.775 [PhotoProcessor-1] INFO  [N/A] [N/A] r.s.s.d.s.AsyncPhotoProcessingExecutor - Анализ фото 18a4f11a-b6a1-4b83-b7a1-4c7940f0b7c0 успешно завершен
2026-09-01 22:55:57.631 [http-nio-8080-exec-4] DEBUG [N/A] [N/A] o.s.security.web.FilterChainProxy - Securing POST /skinScan/photos/upload
2026-09-01 22:55:57.634 [http-nio-8080-exec-4] DEBUG [N/A] [N/A] org.hibernate.SQL - 
    select
        u1_0.id,
        u1_0.created_at,
        u1_0.email,
        u1_0.login,
        u1_0.password,
        u1_0.phone,
        u1_0.updated_at 
    from
        users u1_0 
    where
        u1_0.login=?
2026-09-01 22:55:58.088 [http-nio-8080-exec-4] DEBUG [N/A] [N/A] org.hibernate.SQL - 
    select
        u1_0.id 
    from
        users u1_0 
    where
        u1_0.login=?
2026-09-01 22:55:58.090 [http-nio-8080-exec-4] INFO  [N/A] [N/A] r.s.s.s.s.CustomUserDetailsService - Поиск пользователя с логином: Andrey400
2026-09-01 22:55:58.091 [http-nio-8080-exec-4] DEBUG [N/A] [N/A] org.hibernate.SQL - 
    select
        u1_0.id,
        u1_0.created_at,
        u1_0.email,
        u1_0.login,
        u1_0.password,
        u1_0.phone,
        u1_0.updated_at 
    from
        users u1_0 
    where
        u1_0.login=?
2026-09-01 22:55:58.093 [http-nio-8080-exec-4] INFO  [N/A] [N/A] r.s.s.s.s.CustomUserDetailsService - Найден пользователь: Andrey400, пароль: $2a$12$d.FH9qZOydIpywFfOZblzeR/d/jf0O9rKSJ8IZgfS9JHrzjUSWyxi
2026-09-01 22:55:58.517 [http-nio-8080-exec-4] DEBUG [N/A] [N/A] o.s.s.a.d.DaoAuthenticationProvider - Authenticated user
2026-09-01 22:55:58.518 [http-nio-8080-exec-4] DEBUG [N/A] [N/A] o.s.s.w.a.w.BasicAuthenticationFilter - Set SecurityContextHolder to UsernamePasswordAuthenticationToken [Principal=org.springframework.security.core.userdetails.User [Username=Andrey400, Password=[PROTECTED], Enabled=true, AccountNonExpired=true, credentialsNonExpired=true, AccountNonLocked=true, Granted Authorities=[]], Credentials=[PROTECTED], Authenticated=true, Details=WebAuthenticationDetails [RemoteIpAddress=127.0.0.1, SessionId=null], Granted Authorities=[]]
2026-09-01 22:55:58.518 [http-nio-8080-exec-4] DEBUG [N/A] [N/A] o.s.security.web.FilterChainProxy - Secured POST /skinScan/photos/upload
2026-09-01 22:55:58.530 [http-nio-8080-exec-4] DEBUG [40c75c65-ec56-48fd-b599-cba2eecbf85c] [NO_SESSION] org.hibernate.SQL - 
    select
        p1_0.id,
        p1_0.created_at,
        p1_0.file_name,
        p1_0.file_size_bytes,
        p1_0.mime_type,
        p1_0.status,
        p1_0.storage_file_path,
        p1_0.updated_at,
        p1_0.user_id 
    from
        photo p1_0 
    where
        p1_0.file_name=?
2026-09-01 22:55:58.538 [http-nio-8080-exec-4] ERROR [N/A] [N/A] o.a.c.c.C.[.[.[.[dispatcherServlet] - Servlet.service() for servlet [dispatcherServlet] in context with path [] threw exception [Request processing failed: org.springframework.dao.IncorrectResultSizeDataAccessException: query did not return a unique result: 2] with root cause
jakarta.persistence.NonUniqueResultException: query did not return a unique result: 2
	at org.hibernate.internal.ExceptionConverterImpl.convert(ExceptionConverterImpl.java:128)
	at org.hibernate.query.spi.AbstractSelectionQuery.getSingleResult(AbstractSelectionQuery.java:482)
	at org.springframework.data.jpa.repository.query.JpaQueryExecution$SingleEntityExecution.doExecute(JpaQueryExecution.java:223)
	at org.springframework.data.jpa.repository.query.JpaQueryExecution.execute(JpaQueryExecution.java:92)
	at org.springframework.data.jpa.repository.query.AbstractJpaQuery.doExecute(AbstractJpaQuery.java:149)
	at org.springframework.data.jpa.repository.query.AbstractJpaQuery.execute(AbstractJpaQuery.java:137)
	at org.springframework.data.repository.core.support.RepositoryMethodInvoker.doInvoke(RepositoryMethodInvoker.java:136)
	at org.springframework.data.repository.core.support.RepositoryMethodInvoker.invoke(RepositoryMethodInvoker.java:120)
	at org.springframework.data.repository.core.support.QueryExecutorMethodInterceptor.doInvoke(QueryExecutorMethodInterceptor.java:164)
	at org.springframework.data.repository.core.support.QueryExecutorMethodInterceptor.invoke(QueryExecutorMethodInterceptor.java:143)
	at org.springframework.aop.framework.ReflectiveMethodInvocation.proceed(ReflectiveMethodInvocation.java:184)
	at org.springframework.data.projection.DefaultMethodInvokingMethodInterceptor.invoke(DefaultMethodInvokingMethodInterceptor.java:70)
	at org.springframework.aop.framework.ReflectiveMethodInvocation.proceed(ReflectiveMethodInvocation.java:184)
	at org.springframework.transaction.interceptor.TransactionInterceptor$1.proceedWithInvocation(TransactionInterceptor.java:123)
	at org.springframework.transaction.interceptor.TransactionAspectSupport.invokeWithinTransaction(TransactionAspectSupport.java:391)
	at org.springframework.transaction.interceptor.TransactionInterceptor.invoke(TransactionInterceptor.java:119)
	at org.springframework.aop.framework.ReflectiveMethodInvocation.proceed(ReflectiveMethodInvocation.java:184)
	at org.springframework.dao.support.PersistenceExceptionTranslationInterceptor.invoke(PersistenceExceptionTranslationInterceptor.java:137)
	at org.springframework.aop.framework.ReflectiveMethodInvocation.proceed(ReflectiveMethodInvocation.java:184)
	at org.springframework.data.jpa.repository.support.CrudMethodMetadataPostProcessor$CrudMethodMetadataPopulatingMethodInterceptor.invoke(CrudMethodMetadataPostProcessor.java:135)
	at org.springframework.aop.framework.ReflectiveMethodInvocation.proceed(ReflectiveMethodInvocation.java:184)
	at org.springframework.aop.interceptor.ExposeInvocationInterceptor.invoke(ExposeInvocationInterceptor.java:97)
	at org.springframework.aop.framework.ReflectiveMethodInvocation.proceed(ReflectiveMethodInvocation.java:184)
	at org.springframework.aop.framework.JdkDynamicAopProxy.invoke(JdkDynamicAopProxy.java:244)
	at jdk.proxy2/jdk.proxy2.$Proxy146.findByName(Unknown Source)
	at ru.startup.skinscan.domain.service.PhotoServiceImpl.getPhotoIdByNameFile(PhotoServiceImpl.java:82)
	at ru.startup.skinscan.domain.service.PhotoServiceImpl.upload(PhotoServiceImpl.java:41)
	at java.base/jdk.internal.reflect.DirectMethodHandleAccessor.invoke(DirectMethodHandleAccessor.java:103)
	at java.base/java.lang.reflect.Method.invoke(Method.java:580)
	at org.springframework.aop.support.AopUtils.invokeJoinpointUsingReflection(AopUtils.java:343)
	at org.springframework.aop.framework.ReflectiveMethodInvocation.invokeJoinpoint(ReflectiveMethodInvocation.java:196)
	at org.springframework.aop.framework.ReflectiveMethodInvocation.proceed(ReflectiveMethodInvocation.java:163)
	at org.springframework.aop.framework.CglibAopProxy$CglibMethodInvocation.proceed(CglibAopProxy.java:751)
	at org.springframework.transaction.interceptor.TransactionInterceptor$1.proceedWithInvocation(TransactionInterceptor.java:123)
	at org.springframework.transaction.interceptor.TransactionAspectSupport.invokeWithinTransaction(TransactionAspectSupport.java:391)
	at org.springframework.transaction.interceptor.TransactionInterceptor.invoke(TransactionInterceptor.java:119)
	at org.springframework.aop.framework.ReflectiveMethodInvocation.proceed(ReflectiveMethodInvocation.java:184)
	at org.springframework.aop.framework.CglibAopProxy$CglibMethodInvocation.proceed(CglibAopProxy.java:751)
	at org.springframework.aop.framework.CglibAopProxy$DynamicAdvisedInterceptor.intercept(CglibAopProxy.java:703)
	at ru.startup.skinscan.domain.service.PhotoServiceImpl$$SpringCGLIB$$0.upload(<generated>)
	at ru.startup.skinscan.web.controller.PhotoControllerImpl.uploadPhoto(PhotoControllerImpl.java:31)
	at java.base/jdk.internal.reflect.DirectMethodHandleAccessor.invoke(DirectMethodHandleAccessor.java:103)
	at java.base/java.lang.reflect.Method.invoke(Method.java:580)
	at org.springframework.web.method.support.InvocableHandlerMethod.doInvoke(InvocableHandlerMethod.java:205)
	at org.springframework.web.method.support.InvocableHandlerMethod.invokeForRequest(InvocableHandlerMethod.java:150)
	at org.springframework.web.servlet.mvc.method.annotation.ServletInvocableHandlerMethod.invokeAndHandle(ServletInvocableHandlerMethod.java:118)
	at org.springframework.web.servlet.mvc.method.annotation.RequestMappingHandlerAdapter.invokeHandlerMethod(RequestMappingHandlerAdapter.java:892)
	at org.springframework.web.servlet.mvc.method.annotation.RequestMappingHandlerAdapter.handleInternal(RequestMappingHandlerAdapter.java:798)
	at org.springframework.web.servlet.mvc.method.AbstractHandlerMethodAdapter.handle(AbstractHandlerMethodAdapter.java:87)
	at org.springframework.web.servlet.DispatcherServlet.doDispatch(DispatcherServlet.java:1081)
	at org.springframework.web.servlet.DispatcherServlet.doService(DispatcherServlet.java:974)
	at org.springframework.web.servlet.FrameworkServlet.processRequest(FrameworkServlet.java:1014)
	at org.springframework.web.servlet.FrameworkServlet.doPost(FrameworkServlet.java:914)
	at jakarta.servlet.http.HttpServlet.service(HttpServlet.java:590)
	at org.springframework.web.servlet.FrameworkServlet.service(FrameworkServlet.java:885)
	at jakarta.servlet.http.HttpServlet.service(HttpServlet.java:658)
	at org.apache.catalina.core.ApplicationFilterChain.internalDoFilter(ApplicationFilterChain.java:195)
	at org.apache.catalina.core.ApplicationFilterChain.doFilter(ApplicationFilterChain.java:140)
	at org.apache.tomcat.websocket.server.WsFilter.doFilter(WsFilter.java:51)
	at org.apache.catalina.core.ApplicationFilterChain.internalDoFilter(ApplicationFilterChain.java:164)
	at org.apache.catalina.core.ApplicationFilterChain.doFilter(ApplicationFilterChain.java:140)
	at org.springframework.web.filter.OncePerRequestFilter.doFilter(OncePerRequestFilter.java:110)
	at org.apache.catalina.core.ApplicationFilterChain.internalDoFilter(ApplicationFilterChain.java:164)
	at org.apache.catalina.core.ApplicationFilterChain.doFilter(ApplicationFilterChain.java:140)
	at ru.startup.skinscan.config.MdcLoggingFilter.doFilterInternal(MdcLoggingFilter.java:54)
	at org.springframework.web.filter.OncePerRequestFilter.doFilter(OncePerRequestFilter.java:116)
	at org.apache.catalina.core.ApplicationFilterChain.internalDoFilter(ApplicationFilterChain.java:164)
	at org.apache.catalina.core.ApplicationFilterChain.doFilter(ApplicationFilterChain.java:140)
	at org.springframework.web.filter.CompositeFilter$VirtualFilterChain.doFilter(CompositeFilter.java:108)
	at org.springframework.security.web.FilterChainProxy.lambda$doFilterInternal$3(FilterChainProxy.java:231)
	at org.springframework.security.web.FilterChainProxy$VirtualFilterChain.doFilter(FilterChainProxy.java:365)
	at org.springframework.security.web.access.intercept.AuthorizationFilter.doFilter(AuthorizationFilter.java:100)
	at org.springframework.security.web.FilterChainProxy$VirtualFilterChain.doFilter(FilterChainProxy.java:374)
	at org.springframework.security.web.access.ExceptionTranslationFilter.doFilter(ExceptionTranslationFilter.java:126)
	at org.springframework.security.web.access.ExceptionTranslationFilter.doFilter(ExceptionTranslationFilter.java:120)
	at org.springframework.security.web.FilterChainProxy$VirtualFilterChain.doFilter(FilterChainProxy.java:374)
	at org.springframework.security.web.session.SessionManagementFilter.doFilter(SessionManagementFilter.java:131)
	at org.springframework.security.web.session.SessionManagementFilter.doFilter(SessionManagementFilter.java:85)
	at org.springframework.security.web.FilterChainProxy$VirtualFilterChain.doFilter(FilterChainProxy.java:374)
	at org.springframework.security.web.authentication.AnonymousAuthenticationFilter.doFilter(AnonymousAuthenticationFilter.java:100)
	at org.springframework.security.web.FilterChainProxy$VirtualFilterChain.doFilter(FilterChainProxy.java:374)
	at org.springframework.security.web.servletapi.SecurityContextHolderAwareRequestFilter.doFilter(SecurityContextHolderAwareRequestFilter.java:179)
	at org.springframework.security.web.FilterChainProxy$VirtualFilterChain.doFilter(FilterChainProxy.java:374)
	at org.springframework.security.web.savedrequest.RequestCacheAwareFilter.doFilter(RequestCacheAwareFilter.java:63)
	at org.springframework.security.web.FilterChainProxy$VirtualFilterChain.doFilter(FilterChainProxy.java:374)
	at org.springframework.security.web.authentication.www.BasicAuthenticationFilter.doFilterInternal(BasicAuthenticationFilter.java:200)
	at org.springframework.web.filter.OncePerRequestFilter.doFilter(OncePerRequestFilter.java:116)
	at org.springframework.security.web.FilterChainProxy$VirtualFilterChain.doFilter(FilterChainProxy.java:374)
	at ru.startup.skinscan.security.filter.RateLimiterFilter.doFilterInternal(RateLimiterFilter.java:82)
	at org.springframework.web.filter.OncePerRequestFilter.doFilter(OncePerRequestFilter.java:116)
	at org.springframework.security.web.FilterChainProxy$VirtualFilterChain.doFilter(FilterChainProxy.java:374)
	at org.springframework.security.web.authentication.logout.LogoutFilter.doFilter(LogoutFilter.java:107)
	at org.springframework.security.web.authentication.logout.LogoutFilter.doFilter(LogoutFilter.java:93)
	at org.springframework.security.web.FilterChainProxy$VirtualFilterChain.doFilter(FilterChainProxy.java:374)
	at org.springframework.web.filter.CorsFilter.doFilterInternal(CorsFilter.java:91)
	at org.springframework.web.filter.OncePerRequestFilter.doFilter(OncePerRequestFilter.java:116)
	at org.springframework.security.web.FilterChainProxy$VirtualFilterChain.doFilter(FilterChainProxy.java:374)
	at org.springframework.security.web.header.HeaderWriterFilter.doHeadersAfter(HeaderWriterFilter.java:90)
	at org.springframework.security.web.header.HeaderWriterFilter.doFilterInternal(HeaderWriterFilter.java:75)
	at org.springframework.web.filter.OncePerRequestFilter.doFilter(OncePerRequestFilter.java:116)
	at org.springframework.security.web.FilterChainProxy$VirtualFilterChain.doFilter(FilterChainProxy.java:374)
	at org.springframework.security.web.context.SecurityContextHolderFilter.doFilter(SecurityContextHolderFilter.java:82)
	at org.springframework.security.web.context.SecurityContextHolderFilter.doFilter(SecurityContextHolderFilter.java:69)
	at org.springframework.security.web.FilterChainProxy$VirtualFilterChain.doFilter(FilterChainProxy.java:374)
	at org.springframework.security.web.context.request.async.WebAsyncManagerIntegrationFilter.doFilterInternal(WebAsyncManagerIntegrationFilter.java:62)
	at org.springframework.web.filter.OncePerRequestFilter.doFilter(OncePerRequestFilter.java:116)
	at org.springframework.security.web.FilterChainProxy$VirtualFilterChain.doFilter(FilterChainProxy.java:374)
	at org.springframework.security.web.session.DisableEncodeUrlFilter.doFilterInternal(DisableEncodeUrlFilter.java:42)
	at org.springframework.web.filter.OncePerRequestFilter.doFilter(OncePerRequestFilter.java:116)
	at org.springframework.security.web.FilterChainProxy$VirtualFilterChain.doFilter(FilterChainProxy.java:374)
	at org.springframework.security.web.FilterChainProxy.doFilterInternal(FilterChainProxy.java:233)
	at org.springframework.security.web.FilterChainProxy.doFilter(FilterChainProxy.java:191)
	at org.springframework.web.filter.CompositeFilter$VirtualFilterChain.doFilter(CompositeFilter.java:113)
	at org.springframework.web.servlet.handler.HandlerMappingIntrospector.lambda$createCacheFilter$3(HandlerMappingIntrospector.java:195)
	at org.springframework.web.filter.CompositeFilter$VirtualFilterChain.doFilter(CompositeFilter.java:113)
	at org.springframework.web.filter.CompositeFilter.doFilter(CompositeFilter.java:74)
	at org.springframework.security.config.annotation.web.configuration.WebMvcSecurityConfiguration$CompositeFilterChainProxy.doFilter(WebMvcSecurityConfiguration.java:230)
	at org.springframework.web.filter.DelegatingFilterProxy.invokeDelegate(DelegatingFilterProxy.java:352)
	at org.springframework.web.filter.DelegatingFilterProxy.doFilter(DelegatingFilterProxy.java:268)
	at org.apache.catalina.core.ApplicationFilterChain.internalDoFilter(ApplicationFilterChain.java:164)
	at org.apache.catalina.core.ApplicationFilterChain.doFilter(ApplicationFilterChain.java:140)
	at org.springframework.web.filter.RequestContextFilter.doFilterInternal(RequestContextFilter.java:100)
	at org.springframework.web.filter.OncePerRequestFilter.doFilter(OncePerRequestFilter.java:116)
	at org.apache.catalina.core.ApplicationFilterChain.internalDoFilter(ApplicationFilterChain.java:164)
	at org.apache.catalina.core.ApplicationFilterChain.doFilter(ApplicationFilterChain.java:140)
	at org.springframework.web.filter.FormContentFilter.doFilterInternal(FormContentFilter.java:93)
	at org.springframework.web.filter.OncePerRequestFilter.doFilter(OncePerRequestFilter.java:116)
	at org.apache.catalina.core.ApplicationFilterChain.internalDoFilter(ApplicationFilterChain.java:164)
	at org.apache.catalina.core.ApplicationFilterChain.doFilter(ApplicationFilterChain.java:140)
	at org.springframework.web.filter.CharacterEncodingFilter.doFilterInternal(CharacterEncodingFilter.java:201)
	at org.springframework.web.filter.OncePerRequestFilter.doFilter(OncePerRequestFilter.java:116)
	at org.apache.catalina.core.ApplicationFilterChain.internalDoFilter(ApplicationFilterChain.java:164)
	at org.apache.catalina.core.ApplicationFilterChain.doFilter(ApplicationFilterChain.java:140)
	at org.apache.catalina.core.StandardWrapperValve.invoke(StandardWrapperValve.java:167)
	at org.apache.catalina.core.StandardContextValve.invoke(StandardContextValve.java:90)
	at org.apache.catalina.authenticator.AuthenticatorBase.invoke(AuthenticatorBase.java:482)
	at org.apache.catalina.core.StandardHostValve.invoke(StandardHostValve.java:115)
	at org.apache.catalina.valves.ErrorReportValve.invoke(ErrorReportValve.java:93)
	at org.apache.catalina.core.StandardEngineValve.invoke(StandardEngineValve.java:74)
	at org.apache.catalina.connector.CoyoteAdapter.service(CoyoteAdapter.java:344)
	at org.apache.coyote.http11.Http11Processor.service(Http11Processor.java:389)
	at org.apache.coyote.AbstractProcessorLight.process(AbstractProcessorLight.java:63)
	at org.apache.coyote.AbstractProtocol$ConnectionHandler.process(AbstractProtocol.java:896)
	at org.apache.tomcat.util.net.NioEndpoint$SocketProcessor.doRun(NioEndpoint.java:1741)
	at org.apache.tomcat.util.net.SocketProcessorBase.run(SocketProcessorBase.java:52)
	at org.apache.tomcat.util.threads.ThreadPoolExecutor.runWorker(ThreadPoolExecutor.java:1190)
	at org.apache.tomcat.util.threads.ThreadPoolExecutor$Worker.run(ThreadPoolExecutor.java:659)
	at org.apache.tomcat.util.threads.TaskThread$WrappingRunnable.run(TaskThread.java:63)
	at java.base/java.lang.Thread.run(Thread.java:1583)
2026-09-01 22:55:58.546 [http-nio-8080-exec-4] DEBUG [N/A] [N/A] o.s.security.web.FilterChainProxy - Securing POST /error
2026-09-01 22:55:58.546 [http-nio-8080-exec-4] DEBUG [N/A] [N/A] o.s.security.web.FilterChainProxy - Secured POST /error
2026-09-01 22:56:25.519 [http-nio-8080-exec-5] DEBUG [N/A] [N/A] o.s.security.web.FilterChainProxy - Securing GET /skinScan/photos
2026-09-01 22:56:25.521 [http-nio-8080-exec-5] DEBUG [N/A] [N/A] org.hibernate.SQL - 
    select
        u1_0.id,
        u1_0.created_at,
        u1_0.email,
        u1_0.login,
        u1_0.password,
        u1_0.phone,
        u1_0.updated_at 
    from
        users u1_0 
    where
        u1_0.login=?
2026-09-01 22:56:25.927 [http-nio-8080-exec-5] DEBUG [N/A] [N/A] org.hibernate.SQL - 
    select
        u1_0.id 
    from
        users u1_0 
    where
        u1_0.login=?
2026-09-01 22:56:25.928 [http-nio-8080-exec-5] INFO  [N/A] [N/A] r.s.s.s.s.CustomUserDetailsService - Поиск пользователя с логином: Andrey600
2026-09-01 22:56:25.929 [http-nio-8080-exec-5] DEBUG [N/A] [N/A] org.hibernate.SQL - 
    select
        u1_0.id,
        u1_0.created_at,
        u1_0.email,
        u1_0.login,
        u1_0.password,
        u1_0.phone,
        u1_0.updated_at 
    from
        users u1_0 
    where
        u1_0.login=?
2026-09-01 22:56:25.930 [http-nio-8080-exec-5] INFO  [N/A] [N/A] r.s.s.s.s.CustomUserDetailsService - Найден пользователь: Andrey600, пароль: $2a$12$82L1ISHBmtE5Mz8Sna4Kr.OxWw0qFyPc2rdTy8Pr6YSNBBPgoLaiK
2026-09-01 22:56:26.359 [http-nio-8080-exec-5] DEBUG [N/A] [N/A] o.s.s.a.d.DaoAuthenticationProvider - Authenticated user
2026-09-01 22:56:26.359 [http-nio-8080-exec-5] DEBUG [N/A] [N/A] o.s.s.w.a.w.BasicAuthenticationFilter - Set SecurityContextHolder to UsernamePasswordAuthenticationToken [Principal=org.springframework.security.core.userdetails.User [Username=Andrey600, Password=[PROTECTED], Enabled=true, AccountNonExpired=true, credentialsNonExpired=true, AccountNonLocked=true, Granted Authorities=[]], Credentials=[PROTECTED], Authenticated=true, Details=WebAuthenticationDetails [RemoteIpAddress=127.0.0.1, SessionId=null], Granted Authorities=[]]
2026-09-01 22:56:26.359 [http-nio-8080-exec-5] DEBUG [N/A] [N/A] o.s.security.web.FilterChainProxy - Secured GET /skinScan/photos
2026-09-01 22:56:26.362 [http-nio-8080-exec-5] DEBUG [3f1a5aaa-bb94-4633-954a-14f4b9cbbd98] [NO_SESSION] org.hibernate.SQL - 
    select
        p1_0.id,
        p1_0.created_at,
        p1_0.file_name,
        p1_0.file_size_bytes,
        p1_0.mime_type,
        p1_0.status,
        p1_0.storage_file_path,
        p1_0.updated_at,
        p1_0.user_id 
    from
        photo p1_0 
    where
        p1_0.user_id=?
2026-09-01 22:56:26.370 [http-nio-8080-exec-5] INFO  [3f1a5aaa-bb94-4633-954a-14f4b9cbbd98] [NO_SESSION] r.s.s.d.service.PhotoServiceImpl - Получены все метаданные фоток пользователя 64641147-39de-45f8-a11f-7f57eb2805dc
2026-09-01 22:56:26.370 [http-nio-8080-exec-5] WARN  [3f1a5aaa-bb94-4633-954a-14f4b9cbbd98] [NO_SESSION] r.s.s.d.s.LocalFileStorageService - Подписанный URLs для локального хранилища не поддерживается, обычный URL для пути: 805dc/2026/09/2fd1fff1-8f55-48d0-aa2c-37d3adf0d185.jpg
2026-09-01 22:56:26.371 [http-nio-8080-exec-5] DEBUG [3f1a5aaa-bb94-4633-954a-14f4b9cbbd98] [NO_SESSION] org.hibernate.SQL - 
    select
        p1_0.id,
        p1_0.created_at,
        p1_0.file_name,
        p1_0.file_size_bytes,
        p1_0.mime_type,
        p1_0.status,
        p1_0.storage_file_path,
        p1_0.updated_at,
        p1_0.user_id 
    from
        photo p1_0 
    where
        p1_0.file_name=?
2026-09-01 22:56:26.372 [http-nio-8080-exec-5] ERROR [N/A] [N/A] o.a.c.c.C.[.[.[.[dispatcherServlet] - Servlet.service() for servlet [dispatcherServlet] in context with path [] threw exception [Request processing failed: org.springframework.dao.IncorrectResultSizeDataAccessException: query did not return a unique result: 2] with root cause
jakarta.persistence.NonUniqueResultException: query did not return a unique result: 2
	at org.hibernate.internal.ExceptionConverterImpl.convert(ExceptionConverterImpl.java:128)
	at org.hibernate.query.spi.AbstractSelectionQuery.getSingleResult(AbstractSelectionQuery.java:482)
	at org.springframework.data.jpa.repository.query.JpaQueryExecution$SingleEntityExecution.doExecute(JpaQueryExecution.java:223)
	at org.springframework.data.jpa.repository.query.JpaQueryExecution.execute(JpaQueryExecution.java:92)
	at org.springframework.data.jpa.repository.query.AbstractJpaQuery.doExecute(AbstractJpaQuery.java:149)
	at org.springframework.data.jpa.repository.query.AbstractJpaQuery.execute(AbstractJpaQuery.java:137)
	at org.springframework.data.repository.core.support.RepositoryMethodInvoker.doInvoke(RepositoryMethodInvoker.java:136)
	at org.springframework.data.repository.core.support.RepositoryMethodInvoker.invoke(RepositoryMethodInvoker.java:120)
	at org.springframework.data.repository.core.support.QueryExecutorMethodInterceptor.doInvoke(QueryExecutorMethodInterceptor.java:164)
	at org.springframework.data.repository.core.support.QueryExecutorMethodInterceptor.invoke(QueryExecutorMethodInterceptor.java:143)
	at org.springframework.aop.framework.ReflectiveMethodInvocation.proceed(ReflectiveMethodInvocation.java:184)
	at org.springframework.data.projection.DefaultMethodInvokingMethodInterceptor.invoke(DefaultMethodInvokingMethodInterceptor.java:70)
	at org.springframework.aop.framework.ReflectiveMethodInvocation.proceed(ReflectiveMethodInvocation.java:184)
	at org.springframework.transaction.interceptor.TransactionInterceptor$1.proceedWithInvocation(TransactionInterceptor.java:123)
	at org.springframework.transaction.interceptor.TransactionAspectSupport.invokeWithinTransaction(TransactionAspectSupport.java:391)
	at org.springframework.transaction.interceptor.TransactionInterceptor.invoke(TransactionInterceptor.java:119)
	at org.springframework.aop.framework.ReflectiveMethodInvocation.proceed(ReflectiveMethodInvocation.java:184)
	at org.springframework.dao.support.PersistenceExceptionTranslationInterceptor.invoke(PersistenceExceptionTranslationInterceptor.java:137)
	at org.springframework.aop.framework.ReflectiveMethodInvocation.proceed(ReflectiveMethodInvocation.java:184)
	at org.springframework.data.jpa.repository.support.CrudMethodMetadataPostProcessor$CrudMethodMetadataPopulatingMethodInterceptor.invoke(CrudMethodMetadataPostProcessor.java:135)
	at org.springframework.aop.framework.ReflectiveMethodInvocation.proceed(ReflectiveMethodInvocation.java:184)
	at org.springframework.aop.interceptor.ExposeInvocationInterceptor.invoke(ExposeInvocationInterceptor.java:97)
	at org.springframework.aop.framework.ReflectiveMethodInvocation.proceed(ReflectiveMethodInvocation.java:184)
	at org.springframework.aop.framework.JdkDynamicAopProxy.invoke(JdkDynamicAopProxy.java:244)
	at jdk.proxy2/jdk.proxy2.$Proxy146.findByName(Unknown Source)
	at ru.startup.skinscan.domain.service.PhotoServiceImpl.getPhotoIdByNameFile(PhotoServiceImpl.java:82)
	at ru.startup.skinscan.domain.service.PhotoServiceImpl.getAllPhotoAccessUrl(PhotoServiceImpl.java:130)
	at java.base/jdk.internal.reflect.DirectMethodHandleAccessor.invoke(DirectMethodHandleAccessor.java:103)
	at java.base/java.lang.reflect.Method.invoke(Method.java:580)
	at org.springframework.aop.support.AopUtils.invokeJoinpointUsingReflection(AopUtils.java:343)
	at org.springframework.aop.framework.CglibAopProxy$DynamicAdvisedInterceptor.intercept(CglibAopProxy.java:699)
	at ru.startup.skinscan.domain.service.PhotoServiceImpl$$SpringCGLIB$$0.getAllPhotoAccessUrl(<generated>)
	at ru.startup.skinscan.web.controller.PhotoControllerImpl.getAllPhotos(PhotoControllerImpl.java:53)
	at java.base/jdk.internal.reflect.DirectMethodHandleAccessor.invoke(DirectMethodHandleAccessor.java:103)
	at java.base/java.lang.reflect.Method.invoke(Method.java:580)
	at org.springframework.web.method.support.InvocableHandlerMethod.doInvoke(InvocableHandlerMethod.java:205)
	at org.springframework.web.method.support.InvocableHandlerMethod.invokeForRequest(InvocableHandlerMethod.java:150)
	at org.springframework.web.servlet.mvc.method.annotation.ServletInvocableHandlerMethod.invokeAndHandle(ServletInvocableHandlerMethod.java:118)
	at org.springframework.web.servlet.mvc.method.annotation.RequestMappingHandlerAdapter.invokeHandlerMethod(RequestMappingHandlerAdapter.java:892)
	at org.springframework.web.servlet.mvc.method.annotation.RequestMappingHandlerAdapter.handleInternal(RequestMappingHandlerAdapter.java:798)
	at org.springframework.web.servlet.mvc.method.AbstractHandlerMethodAdapter.handle(AbstractHandlerMethodAdapter.java:87)
	at org.springframework.web.servlet.DispatcherServlet.doDispatch(DispatcherServlet.java:1081)
	at org.springframework.web.servlet.DispatcherServlet.doService(DispatcherServlet.java:974)
	at org.springframework.web.servlet.FrameworkServlet.processRequest(FrameworkServlet.java:1014)
	at org.springframework.web.servlet.FrameworkServlet.doGet(FrameworkServlet.java:903)
	at jakarta.servlet.http.HttpServlet.service(HttpServlet.java:564)
	at org.springframework.web.servlet.FrameworkServlet.service(FrameworkServlet.java:885)
	at jakarta.servlet.http.HttpServlet.service(HttpServlet.java:658)
	at org.apache.catalina.core.ApplicationFilterChain.internalDoFilter(ApplicationFilterChain.java:195)
	at org.apache.catalina.core.ApplicationFilterChain.doFilter(ApplicationFilterChain.java:140)
	at org.apache.tomcat.websocket.server.WsFilter.doFilter(WsFilter.java:51)
	at org.apache.catalina.core.ApplicationFilterChain.internalDoFilter(ApplicationFilterChain.java:164)
	at org.apache.catalina.core.ApplicationFilterChain.doFilter(ApplicationFilterChain.java:140)
	at org.springframework.web.filter.OncePerRequestFilter.doFilter(OncePerRequestFilter.java:110)
	at org.apache.catalina.core.ApplicationFilterChain.internalDoFilter(ApplicationFilterChain.java:164)
	at org.apache.catalina.core.ApplicationFilterChain.doFilter(ApplicationFilterChain.java:140)
	at ru.startup.skinscan.config.MdcLoggingFilter.doFilterInternal(MdcLoggingFilter.java:54)
	at org.springframework.web.filter.OncePerRequestFilter.doFilter(OncePerRequestFilter.java:116)
	at org.apache.catalina.core.ApplicationFilterChain.internalDoFilter(ApplicationFilterChain.java:164)
	at org.apache.catalina.core.ApplicationFilterChain.doFilter(ApplicationFilterChain.java:140)
	at org.springframework.web.filter.CompositeFilter$VirtualFilterChain.doFilter(CompositeFilter.java:108)
	at org.springframework.security.web.FilterChainProxy.lambda$doFilterInternal$3(FilterChainProxy.java:231)
	at org.springframework.security.web.FilterChainProxy$VirtualFilterChain.doFilter(FilterChainProxy.java:365)
	at org.springframework.security.web.access.intercept.AuthorizationFilter.doFilter(AuthorizationFilter.java:100)
	at org.springframework.security.web.FilterChainProxy$VirtualFilterChain.doFilter(FilterChainProxy.java:374)
	at org.springframework.security.web.access.ExceptionTranslationFilter.doFilter(ExceptionTranslationFilter.java:126)
	at org.springframework.security.web.access.ExceptionTranslationFilter.doFilter(ExceptionTranslationFilter.java:120)
	at org.springframework.security.web.FilterChainProxy$VirtualFilterChain.doFilter(FilterChainProxy.java:374)
	at org.springframework.security.web.session.SessionManagementFilter.doFilter(SessionManagementFilter.java:131)
	at org.springframework.security.web.session.SessionManagementFilter.doFilter(SessionManagementFilter.java:85)
	at org.springframework.security.web.FilterChainProxy$VirtualFilterChain.doFilter(FilterChainProxy.java:374)
	at org.springframework.security.web.authentication.AnonymousAuthenticationFilter.doFilter(AnonymousAuthenticationFilter.java:100)
	at org.springframework.security.web.FilterChainProxy$VirtualFilterChain.doFilter(FilterChainProxy.java:374)
	at org.springframework.security.web.servletapi.SecurityContextHolderAwareRequestFilter.doFilter(SecurityContextHolderAwareRequestFilter.java:179)
	at org.springframework.security.web.FilterChainProxy$VirtualFilterChain.doFilter(FilterChainProxy.java:374)
	at org.springframework.security.web.savedrequest.RequestCacheAwareFilter.doFilter(RequestCacheAwareFilter.java:63)
	at org.springframework.security.web.FilterChainProxy$VirtualFilterChain.doFilter(FilterChainProxy.java:374)
	at org.springframework.security.web.authentication.www.BasicAuthenticationFilter.doFilterInternal(BasicAuthenticationFilter.java:200)
	at org.springframework.web.filter.OncePerRequestFilter.doFilter(OncePerRequestFilter.java:116)
	at org.springframework.security.web.FilterChainProxy$VirtualFilterChain.doFilter(FilterChainProxy.java:374)
	at ru.startup.skinscan.security.filter.RateLimiterFilter.doFilterInternal(RateLimiterFilter.java:82)
	at org.springframework.web.filter.OncePerRequestFilter.doFilter(OncePerRequestFilter.java:116)
	at org.springframework.security.web.FilterChainProxy$VirtualFilterChain.doFilter(FilterChainProxy.java:374)
	at org.springframework.security.web.authentication.logout.LogoutFilter.doFilter(LogoutFilter.java:107)
	at org.springframework.security.web.authentication.logout.LogoutFilter.doFilter(LogoutFilter.java:93)
	at org.springframework.security.web.FilterChainProxy$VirtualFilterChain.doFilter(FilterChainProxy.java:374)
	at org.springframework.web.filter.CorsFilter.doFilterInternal(CorsFilter.java:91)
	at org.springframework.web.filter.OncePerRequestFilter.doFilter(OncePerRequestFilter.java:116)
	at org.springframework.security.web.FilterChainProxy$VirtualFilterChain.doFilter(FilterChainProxy.java:374)
	at org.springframework.security.web.header.HeaderWriterFilter.doHeadersAfter(HeaderWriterFilter.java:90)
	at org.springframework.security.web.header.HeaderWriterFilter.doFilterInternal(HeaderWriterFilter.java:75)
	at org.springframework.web.filter.OncePerRequestFilter.doFilter(OncePerRequestFilter.java:116)
	at org.springframework.security.web.FilterChainProxy$VirtualFilterChain.doFilter(FilterChainProxy.java:374)
	at org.springframework.security.web.context.SecurityContextHolderFilter.doFilter(SecurityContextHolderFilter.java:82)
	at org.springframework.security.web.context.SecurityContextHolderFilter.doFilter(SecurityContextHolderFilter.java:69)
	at org.springframework.security.web.FilterChainProxy$VirtualFilterChain.doFilter(FilterChainProxy.java:374)
	at org.springframework.security.web.context.request.async.WebAsyncManagerIntegrationFilter.doFilterInternal(WebAsyncManagerIntegrationFilter.java:62)
	at org.springframework.web.filter.OncePerRequestFilter.doFilter(OncePerRequestFilter.java:116)
	at org.springframework.security.web.FilterChainProxy$VirtualFilterChain.doFilter(FilterChainProxy.java:374)
	at org.springframework.security.web.session.DisableEncodeUrlFilter.doFilterInternal(DisableEncodeUrlFilter.java:42)
	at org.springframework.web.filter.OncePerRequestFilter.doFilter(OncePerRequestFilter.java:116)
	at org.springframework.security.web.FilterChainProxy$VirtualFilterChain.doFilter(FilterChainProxy.java:374)
	at org.springframework.security.web.FilterChainProxy.doFilterInternal(FilterChainProxy.java:233)
	at org.springframework.security.web.FilterChainProxy.doFilter(FilterChainProxy.java:191)
	at org.springframework.web.filter.CompositeFilter$VirtualFilterChain.doFilter(CompositeFilter.java:113)
	at org.springframework.web.servlet.handler.HandlerMappingIntrospector.lambda$createCacheFilter$3(HandlerMappingIntrospector.java:195)
	at org.springframework.web.filter.CompositeFilter$VirtualFilterChain.doFilter(CompositeFilter.java:113)
	at org.springframework.web.filter.CompositeFilter.doFilter(CompositeFilter.java:74)
	at org.springframework.security.config.annotation.web.configuration.WebMvcSecurityConfiguration$CompositeFilterChainProxy.doFilter(WebMvcSecurityConfiguration.java:230)
	at org.springframework.web.filter.DelegatingFilterProxy.invokeDelegate(DelegatingFilterProxy.java:352)
	at org.springframework.web.filter.DelegatingFilterProxy.doFilter(DelegatingFilterProxy.java:268)
	at org.apache.catalina.core.ApplicationFilterChain.internalDoFilter(ApplicationFilterChain.java:164)
	at org.apache.catalina.core.ApplicationFilterChain.doFilter(ApplicationFilterChain.java:140)
	at org.springframework.web.filter.RequestContextFilter.doFilterInternal(RequestContextFilter.java:100)
	at org.springframework.web.filter.OncePerRequestFilter.doFilter(OncePerRequestFilter.java:116)
	at org.apache.catalina.core.ApplicationFilterChain.internalDoFilter(ApplicationFilterChain.java:164)
	at org.apache.catalina.core.ApplicationFilterChain.doFilter(ApplicationFilterChain.java:140)
	at org.springframework.web.filter.FormContentFilter.doFilterInternal(FormContentFilter.java:93)
	at org.springframework.web.filter.OncePerRequestFilter.doFilter(OncePerRequestFilter.java:116)
	at org.apache.catalina.core.ApplicationFilterChain.internalDoFilter(ApplicationFilterChain.java:164)
	at org.apache.catalina.core.ApplicationFilterChain.doFilter(ApplicationFilterChain.java:140)
	at org.springframework.web.filter.CharacterEncodingFilter.doFilterInternal(CharacterEncodingFilter.java:201)
	at org.springframework.web.filter.OncePerRequestFilter.doFilter(OncePerRequestFilter.java:116)
	at org.apache.catalina.core.ApplicationFilterChain.internalDoFilter(ApplicationFilterChain.java:164)
	at org.apache.catalina.core.ApplicationFilterChain.doFilter(ApplicationFilterChain.java:140)
	at org.apache.catalina.core.StandardWrapperValve.invoke(StandardWrapperValve.java:167)
	at org.apache.catalina.core.StandardContextValve.invoke(StandardContextValve.java:90)
	at org.apache.catalina.authenticator.AuthenticatorBase.invoke(AuthenticatorBase.java:482)
	at org.apache.catalina.core.StandardHostValve.invoke(StandardHostValve.java:115)
	at org.apache.catalina.valves.ErrorReportValve.invoke(ErrorReportValve.java:93)
	at org.apache.catalina.core.StandardEngineValve.invoke(StandardEngineValve.java:74)
	at org.apache.catalina.connector.CoyoteAdapter.service(CoyoteAdapter.java:344)
	at org.apache.coyote.http11.Http11Processor.service(Http11Processor.java:389)
	at org.apache.coyote.AbstractProcessorLight.process(AbstractProcessorLight.java:63)
	at org.apache.coyote.AbstractProtocol$ConnectionHandler.process(AbstractProtocol.java:896)
	at org.apache.tomcat.util.net.NioEndpoint$SocketProcessor.doRun(NioEndpoint.java:1741)
	at org.apache.tomcat.util.net.SocketProcessorBase.run(SocketProcessorBase.java:52)
	at org.apache.tomcat.util.threads.ThreadPoolExecutor.runWorker(ThreadPoolExecutor.java:1190)
	at org.apache.tomcat.util.threads.ThreadPoolExecutor$Worker.run(ThreadPoolExecutor.java:659)
	at org.apache.tomcat.util.threads.TaskThread$WrappingRunnable.run(TaskThread.java:63)
	at java.base/java.lang.Thread.run(Thread.java:1583)
2026-09-01 22:56:26.374 [http-nio-8080-exec-5] DEBUG [N/A] [N/A] o.s.security.web.FilterChainProxy - Securing GET /error
2026-09-01 22:56:26.374 [http-nio-8080-exec-5] DEBUG [N/A] [N/A] o.s.security.web.FilterChainProxy - Secured GET /error
2026-09-01 22:56:31.776 [scheduling-1] DEBUG [N/A] [N/A] r.s.s.s.PhotoRecoveryScheduler - Запуск проверки и обработки зависших фотографий
2026-09-01 22:56:31.781 [scheduling-1] DEBUG [N/A] [N/A] org.hibernate.SQL - 
    select
        p1_0.id,
        p1_0.created_at,
        p1_0.file_name,
        p1_0.file_size_bytes,
        p1_0.mime_type,
        p1_0.status,
        p1_0.storage_file_path,
        p1_0.updated_at,
        p1_0.user_id 
    from
        photo p1_0 
    where
        p1_0.status=? 
        and p1_0.created_at<cast(? as timestamp(6) with time zone)
2026-09-01 22:56:31.784 [scheduling-1] DEBUG [N/A] [N/A] r.s.s.s.PhotoRecoveryScheduler - Зависшие фотографии не найдены
2026-09-01 22:56:48.598 [SpringApplicationShutdownHook] INFO  [N/A] [N/A] o.s.o.j.LocalContainerEntityManagerFactoryBean - Closing JPA EntityManagerFactory for persistence unit 'default'
2026-09-01 22:56:48.601 [SpringApplicationShutdownHook] INFO  [N/A] [N/A] com.zaxxer.hikari.HikariDataSource - HikariPool-1 - Shutdown initiated...
2026-09-01 22:56:48.606 [SpringApplicationShutdownHook] INFO  [N/A] [N/A] com.zaxxer.hikari.HikariDataSource - HikariPool-1 - Shutdown completed.
2026-09-01 23:04:10.619 [background-preinit] INFO  [N/A] [N/A] o.h.validator.internal.util.Version - HV000001: Hibernate Validator 8.0.1.Final
2026-09-01 23:04:10.680 [main] INFO  [N/A] [N/A] ru.startup.skinscan.Main - Starting Main using Java 21.0.10 with PID 29160 (C:\Users\ferdi\IdeaProjects\SkinScan\build\classes\java\main started by ferdi in C:\Users\ferdi\IdeaProjects\SkinScan)
2026-09-01 23:04:10.680 [main] DEBUG [N/A] [N/A] ru.startup.skinscan.Main - Running with Spring Boot v3.1.12, Spring v6.0.21
2026-09-01 23:04:10.681 [main] INFO  [N/A] [N/A] ru.startup.skinscan.Main - The following 1 profile is active: "local"
2026-09-01 23:04:11.677 [main] INFO  [N/A] [N/A] o.s.d.r.c.RepositoryConfigurationDelegate - Bootstrapping Spring Data JPA repositories in DEFAULT mode.
2026-09-01 23:04:11.758 [main] INFO  [N/A] [N/A] o.s.d.r.c.RepositoryConfigurationDelegate - Finished Spring Data repository scanning in 71 ms. Found 3 JPA repository interfaces.
2026-09-01 23:04:12.738 [main] INFO  [N/A] [N/A] o.s.b.w.e.tomcat.TomcatWebServer - Tomcat initialized with port(s): 8080 (http)
2026-09-01 23:04:12.763 [main] INFO  [N/A] [N/A] o.a.coyote.http11.Http11NioProtocol - Initializing ProtocolHandler ["http-nio-8080"]
2026-09-01 23:04:12.767 [main] INFO  [N/A] [N/A] o.a.catalina.core.StandardService - Starting service [Tomcat]
2026-09-01 23:04:12.768 [main] INFO  [N/A] [N/A] o.a.catalina.core.StandardEngine - Starting Servlet engine: [Apache Tomcat/10.1.24]
2026-09-01 23:04:13.121 [main] INFO  [N/A] [N/A] o.a.c.c.C.[Tomcat].[localhost].[/] - Initializing Spring embedded WebApplicationContext
2026-09-01 23:04:13.122 [main] INFO  [N/A] [N/A] o.s.b.w.s.c.ServletWebServerApplicationContext - Root WebApplicationContext: initialization completed in 2384 ms
2026-09-01 23:04:13.184 [main] INFO  [N/A] [N/A] r.s.s.s.r.RateLimiterInMemory - RateLimiter инициализирован с интервалом очистки: 300с
2026-09-01 23:04:14.120 [main] DEBUG [N/A] [N/A] o.f.c.i.s.classpath.ClassPathScanner - Scanning for classpath resources at 'classpath:db/callback' ...
2026-09-01 23:04:14.121 [main] DEBUG [N/A] [N/A] o.f.c.i.s.classpath.ClassPathScanner - Determining location urls for classpath:db/callback using ClassLoader TomcatEmbeddedWebappClassLoader
  context: ROOT
  delegate: true
----------> Parent Classloader:
jdk.internal.loader.ClassLoaders$AppClassLoader@3fee733d
 ...
2026-09-01 23:04:14.122 [main] DEBUG [N/A] [N/A] o.f.c.i.s.classpath.ClassPathScanner - Unable to resolve location classpath:db/callback.
2026-09-01 23:04:14.122 [main] DEBUG [N/A] [N/A] o.f.c.i.s.classpath.ClassPathScanner - Scanning for classpath resources at 'classpath:db/migration' ...
2026-09-01 23:04:14.122 [main] DEBUG [N/A] [N/A] o.f.c.i.s.classpath.ClassPathScanner - Determining location urls for classpath:db/migration using ClassLoader TomcatEmbeddedWebappClassLoader
  context: ROOT
  delegate: true
----------> Parent Classloader:
jdk.internal.loader.ClassLoaders$AppClassLoader@3fee733d
 ...
2026-09-01 23:04:14.123 [main] DEBUG [N/A] [N/A] o.f.c.i.s.classpath.ClassPathScanner - Scanning URL: file:/C:/Users/ferdi/IdeaProjects/SkinScan/build/resources/main/db/migration
2026-09-01 23:04:14.129 [main] DEBUG [N/A] [N/A] o.f.c.i.s.c.FileSystemClassPathLocationScanner - Scanning starting at classpath root in filesystem: C:\Users\ferdi\IdeaProjects\SkinScan\build\resources\main\
2026-09-01 23:04:14.130 [main] DEBUG [N/A] [N/A] o.f.c.i.s.c.FileSystemClassPathLocationScanner - Scanning for resources in path: C:\Users\ferdi\IdeaProjects\SkinScan\build\resources\main\db\migration (db/migration)
2026-09-01 23:04:14.132 [main] DEBUG [N/A] [N/A] o.f.c.i.s.classpath.ClassPathScanner - Found resource: db/migration/V1__create_users_table.sql
2026-09-01 23:04:14.133 [main] DEBUG [N/A] [N/A] o.f.c.i.s.classpath.ClassPathScanner - Found resource: db/migration/V2__create_photo_table.sql
2026-09-01 23:04:14.133 [main] DEBUG [N/A] [N/A] o.f.c.i.s.classpath.ClassPathScanner - Found resource: db/migration/V3__create_analysis_table.sql
2026-09-01 23:04:14.133 [main] DEBUG [N/A] [N/A] o.f.c.i.s.classpath.ClassPathScanner - Found resource: db/migration/V4__add_index.sql
2026-09-01 23:04:14.133 [main] DEBUG [N/A] [N/A] o.f.c.i.s.classpath.ClassPathScanner - Scanning for classes at classpath:db/migration
2026-09-01 23:04:14.140 [main] DEBUG [N/A] [N/A] o.f.c.i.r.ResourceNameValidator - Validating V2__create_photo_table.sql
2026-09-01 23:04:14.151 [main] INFO  [N/A] [N/A] com.zaxxer.hikari.HikariDataSource - HikariPool-1 - Starting...
2026-09-01 23:04:14.425 [main] INFO  [N/A] [N/A] com.zaxxer.hikari.pool.HikariPool - HikariPool-1 - Added connection org.postgresql.jdbc.PgConnection@4863c8ac
2026-09-01 23:04:14.427 [main] INFO  [N/A] [N/A] com.zaxxer.hikari.HikariDataSource - HikariPool-1 - Start completed.
2026-09-01 23:04:14.451 [main] DEBUG [N/A] [N/A] o.f.c.i.r.ResourceNameValidator - Validating V1__create_users_table.sql
2026-09-01 23:04:14.451 [main] DEBUG [N/A] [N/A] o.f.c.i.r.ResourceNameValidator - Validating V4__add_index.sql
2026-09-01 23:04:14.451 [main] DEBUG [N/A] [N/A] o.f.c.i.r.ResourceNameValidator - Validating V3__create_analysis_table.sql
2026-09-01 23:04:14.460 [main] DEBUG [N/A] [N/A] o.f.c.i.d.DatabaseTypeRegister - Multiple databases found that handle url 'jdbc:postgresql://localhost:5432/skinScan': CockroachDB,PostgreSQL
2026-09-01 23:04:14.461 [main] INFO  [N/A] [N/A] org.flywaydb.core.FlywayExecutor - Database: jdbc:postgresql://localhost:5432/skinScan (PostgreSQL 18.1)
2026-09-01 23:04:14.462 [main] DEBUG [N/A] [N/A] org.flywaydb.core.FlywayExecutor - Database Type: PostgreSQL
2026-09-01 23:04:14.462 [main] DEBUG [N/A] [N/A] org.flywaydb.core.FlywayExecutor - Driver: PostgreSQL JDBC Driver 42.7.11
2026-09-01 23:04:14.462 [main] DEBUG [N/A] [N/A] org.flywaydb.core.FlywayExecutor - DDL Transactions Supported: true
2026-09-01 23:04:14.463 [main] DEBUG [N/A] [N/A] o.f.c.i.s.SchemaHistoryFactory - Schemas: 
2026-09-01 23:04:14.463 [main] DEBUG [N/A] [N/A] o.f.c.i.s.SchemaHistoryFactory - Default schema: null
2026-09-01 23:04:14.471 [main] WARN  [N/A] [N/A] o.f.c.i.database.base.Database - Flyway upgrade recommended: PostgreSQL 18.1 is newer than this version of Flyway and support has not been tested. The latest supported version of PostgreSQL is 16.
2026-09-01 23:04:14.473 [main] DEBUG [N/A] [N/A] o.f.c.i.c.SqlScriptCallbackFactory - Scanning for SQL callbacks ...
2026-09-01 23:04:14.486 [main] DEBUG [N/A] [N/A] o.f.core.internal.command.DbValidate - Validating migrations ...
2026-09-01 23:04:14.490 [main] DEBUG [N/A] [N/A] o.f.c.a.c.ClassicConfiguration - CherryPickConfigurationExtension not found
2026-09-01 23:04:14.499 [main] DEBUG [N/A] [N/A] o.f.core.internal.scanner.Scanner - Filtering out resource: db/migration/V2__create_photo_table.sql (filename: V2__create_photo_table.sql)
2026-09-01 23:04:14.499 [main] DEBUG [N/A] [N/A] o.f.core.internal.scanner.Scanner - Filtering out resource: db/migration/V1__create_users_table.sql (filename: V1__create_users_table.sql)
2026-09-01 23:04:14.499 [main] DEBUG [N/A] [N/A] o.f.core.internal.scanner.Scanner - Filtering out resource: db/migration/V4__add_index.sql (filename: V4__add_index.sql)
2026-09-01 23:04:14.499 [main] DEBUG [N/A] [N/A] o.f.core.internal.scanner.Scanner - Filtering out resource: db/migration/V3__create_analysis_table.sql (filename: V3__create_analysis_table.sql)
2026-09-01 23:04:14.501 [main] DEBUG [N/A] [N/A] o.f.core.internal.scanner.Scanner - Filtering out resource: db/migration/V2__create_photo_table.sql (filename: V2__create_photo_table.sql)
2026-09-01 23:04:14.501 [main] DEBUG [N/A] [N/A] o.f.core.internal.scanner.Scanner - Filtering out resource: db/migration/V1__create_users_table.sql (filename: V1__create_users_table.sql)
2026-09-01 23:04:14.501 [main] DEBUG [N/A] [N/A] o.f.core.internal.scanner.Scanner - Filtering out resource: db/migration/V4__add_index.sql (filename: V4__add_index.sql)
2026-09-01 23:04:14.501 [main] DEBUG [N/A] [N/A] o.f.core.internal.scanner.Scanner - Filtering out resource: db/migration/V3__create_analysis_table.sql (filename: V3__create_analysis_table.sql)
2026-09-01 23:04:14.535 [main] INFO  [N/A] [N/A] o.f.core.internal.command.DbValidate - Successfully validated 4 migrations (execution time 00:00.047s)
2026-09-01 23:04:14.540 [main] DEBUG [N/A] [N/A] o.f.core.internal.command.DbSchemas - Skipping creation of existing schema: "public"
2026-09-01 23:04:14.609 [main] DEBUG [N/A] [N/A] o.f.c.a.c.ClassicConfiguration - CherryPickConfigurationExtension not found
2026-09-01 23:04:14.613 [main] INFO  [N/A] [N/A] o.f.core.internal.command.DbMigrate - Current version of schema "public": 4
2026-09-01 23:04:14.618 [main] INFO  [N/A] [N/A] o.f.core.internal.command.DbMigrate - Schema "public" is up to date. No migration necessary.
2026-09-01 23:04:14.624 [main] DEBUG [N/A] [N/A] org.flywaydb.core.FlywayExecutor - Memory usage: 48 of 88M
2026-09-01 23:04:14.755 [main] DEBUG [N/A] [N/A] o.s.jdbc.datasource.DataSourceUtils - Fetching JDBC Connection from DataSource
2026-09-01 23:04:14.850 [main] INFO  [N/A] [N/A] o.h.jpa.internal.util.LogHelper - HHH000204: Processing PersistenceUnitInfo [name: default]
2026-09-01 23:04:15.035 [main] INFO  [N/A] [N/A] org.hibernate.Version - HHH000412: Hibernate ORM core version 6.2.25.Final
2026-09-01 23:04:15.047 [main] INFO  [N/A] [N/A] org.hibernate.cfg.Environment - HHH000406: Using bytecode reflection optimizer
2026-09-01 23:04:16.316 [main] INFO  [N/A] [N/A] o.s.o.j.p.SpringPersistenceUnitInfo - No LoadTimeWeaver setup: ignoring JPA class transformer
2026-09-01 23:04:19.869 [main] INFO  [N/A] [N/A] o.h.e.t.j.p.i.JtaPlatformInitiator - HHH000489: No JTA platform available (set 'hibernate.transaction.jta.platform' to enable JTA platform integration)
2026-09-01 23:04:19.889 [main] INFO  [N/A] [N/A] o.s.o.j.LocalContainerEntityManagerFactoryBean - Initialized JPA EntityManagerFactory for persistence unit 'default'
2026-09-01 23:04:20.499 [main] INFO  [N/A] [N/A] o.s.d.j.r.query.QueryEnhancerFactory - Hibernate is in classpath; If applicable, HQL parser will be used.
2026-09-01 23:04:22.404 [main] DEBUG [N/A] [N/A] r.s.s.s.filter.RateLimiterFilter - Filter 'rateLimiterFilter' configured for use
2026-09-01 23:04:22.405 [main] DEBUG [N/A] [N/A] r.s.skinscan.config.MdcLoggingFilter - Filter 'mdcLoggingFilter' configured for use
2026-09-01 23:04:22.691 [main] INFO  [N/A] [N/A] r.s.s.d.s.LocalFileStorageService - Инициализация локального хранилища фотографий с начальным путем: C:\Users\ferdi/data/uploads
2026-09-01 23:04:22.695 [main] INFO  [N/A] [N/A] r.s.s.d.s.LocalFileStorageService - Инициализация локального хранилища фотографий успешна завершена!
2026-09-01 23:04:22.825 [main] INFO  [N/A] [N/A] r.s.skinscan.config.AsyncConfig - Photo Task Executor запущен: базовое кол-во потоков=5, максимальное кол-во потоков=10, размер очереди ожидания=100
2026-09-01 23:04:22.831 [main] INFO  [N/A] [N/A] r.s.skinscan.config.AsyncConfig - Recovery Task Executor запущен
2026-09-01 23:04:23.247 [main] WARN  [N/A] [N/A] o.s.b.a.o.j.JpaBaseConfiguration$JpaWebConfiguration - spring.jpa.open-in-view is enabled by default. Therefore, database queries may be performed during view rendering. Explicitly configure spring.jpa.open-in-view to disable this warning
2026-09-01 23:04:23.329 [main] DEBUG [N/A] [N/A] o.s.s.c.a.a.c.AuthenticationConfiguration$DefaultPasswordEncoderAuthenticationManagerBuilder - No authenticationProviders and no parentAuthenticationManager defined. Returning null.
2026-09-01 23:04:24.180 [main] INFO  [N/A] [N/A] o.s.s.web.DefaultSecurityFilterChain - Will secure any request with [org.springframework.security.web.session.DisableEncodeUrlFilter@3426d8e2, org.springframework.security.web.context.request.async.WebAsyncManagerIntegrationFilter@675c1335, org.springframework.security.web.context.SecurityContextHolderFilter@186f7553, org.springframework.security.web.header.HeaderWriterFilter@6cfa20c1, org.springframework.web.filter.CorsFilter@4f31e47a, org.springframework.security.web.authentication.logout.LogoutFilter@490dc900, ru.startup.skinscan.security.filter.RateLimiterFilter@4c541b00, org.springframework.security.web.authentication.www.BasicAuthenticationFilter@1548dc37, org.springframework.security.web.savedrequest.RequestCacheAwareFilter@734d870f, org.springframework.security.web.servletapi.SecurityContextHolderAwareRequestFilter@73c25e8, org.springframework.security.web.authentication.AnonymousAuthenticationFilter@7c142018, org.springframework.security.web.session.SessionManagementFilter@17e96b3c, org.springframework.security.web.access.ExceptionTranslationFilter@1703e50d, org.springframework.security.web.access.intercept.AuthorizationFilter@642270ad]
2026-09-01 23:04:25.315 [main] INFO  [N/A] [N/A] o.a.coyote.http11.Http11NioProtocol - Starting ProtocolHandler ["http-nio-8080"]
2026-09-01 23:04:25.357 [main] INFO  [N/A] [N/A] o.s.b.w.e.tomcat.TomcatWebServer - Tomcat started on port(s): 8080 (http) with context path ''
2026-09-01 23:04:25.382 [main] INFO  [N/A] [N/A] ru.startup.skinscan.Main - Started Main in 15.326 seconds (process running for 16.156)
2026-09-01 23:04:25.399 [scheduling-1] DEBUG [N/A] [N/A] r.s.s.s.PhotoRecoveryScheduler - Запуск проверки и обработки зависших фотографий
2026-09-01 23:04:25.680 [scheduling-1] DEBUG [N/A] [N/A] org.hibernate.SQL - 
    select
        p1_0.id,
        p1_0.created_at,
        p1_0.file_name,
        p1_0.file_size_bytes,
        p1_0.mime_type,
        p1_0.status,
        p1_0.storage_file_path,
        p1_0.updated_at,
        p1_0.user_id 
    from
        photo p1_0 
    where
        p1_0.status=? 
        and p1_0.created_at<cast(? as timestamp(6) with time zone)
2026-09-01 23:04:25.699 [scheduling-1] DEBUG [N/A] [N/A] r.s.s.s.PhotoRecoveryScheduler - Зависшие фотографии не найдены
2026-09-01 23:04:38.130 [http-nio-8080-exec-1] INFO  [N/A] [N/A] o.a.c.c.C.[Tomcat].[localhost].[/] - Initializing Spring DispatcherServlet 'dispatcherServlet'
2026-09-01 23:04:38.130 [http-nio-8080-exec-1] INFO  [N/A] [N/A] o.s.web.servlet.DispatcherServlet - Initializing Servlet 'dispatcherServlet'
2026-09-01 23:04:38.132 [http-nio-8080-exec-1] INFO  [N/A] [N/A] o.s.web.servlet.DispatcherServlet - Completed initialization in 2 ms
2026-09-01 23:04:38.190 [http-nio-8080-exec-1] DEBUG [N/A] [N/A] o.s.security.web.FilterChainProxy - Securing GET /skinScan/photos
2026-09-01 23:04:38.269 [http-nio-8080-exec-1] DEBUG [N/A] [N/A] org.hibernate.SQL - 
    select
        u1_0.id,
        u1_0.created_at,
        u1_0.email,
        u1_0.login,
        u1_0.password,
        u1_0.phone,
        u1_0.updated_at 
    from
        users u1_0 
    where
        u1_0.login=?
2026-09-01 23:04:39.257 [http-nio-8080-exec-1] DEBUG [N/A] [N/A] org.hibernate.SQL - 
    select
        u1_0.id 
    from
        users u1_0 
    where
        u1_0.login=?
2026-09-01 23:04:40.636 [http-nio-8080-exec-1] INFO  [N/A] [N/A] r.s.s.s.s.CustomUserDetailsService - Поиск пользователя с логином: Andrey600
2026-09-01 23:04:40.639 [http-nio-8080-exec-1] DEBUG [N/A] [N/A] org.hibernate.SQL - 
    select
        u1_0.id,
        u1_0.created_at,
        u1_0.email,
        u1_0.login,
        u1_0.password,
        u1_0.phone,
        u1_0.updated_at 
    from
        users u1_0 
    where
        u1_0.login=?
2026-09-01 23:04:40.642 [http-nio-8080-exec-1] INFO  [N/A] [N/A] r.s.s.s.s.CustomUserDetailsService - Найден пользователь: Andrey600, пароль: $2a$12$82L1ISHBmtE5Mz8Sna4Kr.OxWw0qFyPc2rdTy8Pr6YSNBBPgoLaiK
2026-09-01 23:04:42.042 [http-nio-8080-exec-1] DEBUG [N/A] [N/A] o.s.s.a.d.DaoAuthenticationProvider - Authenticated user
2026-09-01 23:04:42.044 [http-nio-8080-exec-1] DEBUG [N/A] [N/A] o.s.s.w.a.w.BasicAuthenticationFilter - Set SecurityContextHolder to UsernamePasswordAuthenticationToken [Principal=org.springframework.security.core.userdetails.User [Username=Andrey600, Password=[PROTECTED], Enabled=true, AccountNonExpired=true, credentialsNonExpired=true, AccountNonLocked=true, Granted Authorities=[]], Credentials=[PROTECTED], Authenticated=true, Details=WebAuthenticationDetails [RemoteIpAddress=127.0.0.1, SessionId=null], Granted Authorities=[]]
2026-09-01 23:04:42.051 [http-nio-8080-exec-1] DEBUG [N/A] [N/A] o.s.security.web.FilterChainProxy - Secured GET /skinScan/photos
2026-09-01 23:04:42.173 [http-nio-8080-exec-1] DEBUG [859ea2b2-5356-453a-8baf-0495e2cb89b4] [NO_SESSION] org.hibernate.SQL - 
    select
        p1_0.id,
        p1_0.created_at,
        p1_0.file_name,
        p1_0.file_size_bytes,
        p1_0.mime_type,
        p1_0.status,
        p1_0.storage_file_path,
        p1_0.updated_at,
        p1_0.user_id 
    from
        photo p1_0 
    where
        p1_0.user_id=?
2026-09-01 23:04:42.176 [http-nio-8080-exec-1] INFO  [859ea2b2-5356-453a-8baf-0495e2cb89b4] [NO_SESSION] r.s.s.d.service.PhotoServiceImpl - Получены все метаданные фоток пользователя 64641147-39de-45f8-a11f-7f57eb2805dc
2026-09-01 23:04:42.176 [http-nio-8080-exec-1] INFO  [859ea2b2-5356-453a-8baf-0495e2cb89b4] [NO_SESSION] r.s.s.d.service.PhotoServiceImpl - Получены URL для всех фото пользователя 64641147-39de-45f8-a11f-7f57eb2805dc
2026-09-01 23:04:47.817 [http-nio-8080-exec-2] DEBUG [N/A] [N/A] o.s.security.web.FilterChainProxy - Securing POST /skinScan/photos/upload
2026-09-01 23:04:47.820 [http-nio-8080-exec-2] DEBUG [N/A] [N/A] org.hibernate.SQL - 
    select
        u1_0.id,
        u1_0.created_at,
        u1_0.email,
        u1_0.login,
        u1_0.password,
        u1_0.phone,
        u1_0.updated_at 
    from
        users u1_0 
    where
        u1_0.login=?
2026-09-01 23:04:49.476 [http-nio-8080-exec-2] DEBUG [N/A] [N/A] org.hibernate.SQL - 
    select
        u1_0.id 
    from
        users u1_0 
    where
        u1_0.login=?
2026-09-01 23:04:49.481 [http-nio-8080-exec-2] INFO  [N/A] [N/A] r.s.s.s.s.CustomUserDetailsService - Поиск пользователя с логином: Andrey400
2026-09-01 23:04:49.483 [http-nio-8080-exec-2] DEBUG [N/A] [N/A] org.hibernate.SQL - 
    select
        u1_0.id,
        u1_0.created_at,
        u1_0.email,
        u1_0.login,
        u1_0.password,
        u1_0.phone,
        u1_0.updated_at 
    from
        users u1_0 
    where
        u1_0.login=?
2026-09-01 23:04:49.486 [http-nio-8080-exec-2] INFO  [N/A] [N/A] r.s.s.s.s.CustomUserDetailsService - Найден пользователь: Andrey400, пароль: $2a$12$d.FH9qZOydIpywFfOZblzeR/d/jf0O9rKSJ8IZgfS9JHrzjUSWyxi
2026-09-01 23:04:51.100 [http-nio-8080-exec-2] DEBUG [N/A] [N/A] o.s.s.a.d.DaoAuthenticationProvider - Authenticated user
2026-09-01 23:04:51.100 [http-nio-8080-exec-2] DEBUG [N/A] [N/A] o.s.s.w.a.w.BasicAuthenticationFilter - Set SecurityContextHolder to UsernamePasswordAuthenticationToken [Principal=org.springframework.security.core.userdetails.User [Username=Andrey400, Password=[PROTECTED], Enabled=true, AccountNonExpired=true, credentialsNonExpired=true, AccountNonLocked=true, Granted Authorities=[]], Credentials=[PROTECTED], Authenticated=true, Details=WebAuthenticationDetails [RemoteIpAddress=127.0.0.1, SessionId=null], Granted Authorities=[]]
2026-09-01 23:04:51.101 [http-nio-8080-exec-2] DEBUG [N/A] [N/A] o.s.security.web.FilterChainProxy - Secured POST /skinScan/photos/upload
2026-09-01 23:04:51.476 [http-nio-8080-exec-2] DEBUG [d5aa65bf-090a-4f8b-94b2-59fc0154525b] [NO_SESSION] org.hibernate.SQL - 
    select
        p1_0.id,
        p1_0.created_at,
        p1_0.file_name,
        p1_0.file_size_bytes,
        p1_0.mime_type,
        p1_0.status,
        p1_0.storage_file_path,
        p1_0.updated_at,
        p1_0.user_id 
    from
        photo p1_0 
    where
        p1_0.file_name=? 
        and p1_0.user_id=?
2026-09-01 23:04:51.495 [http-nio-8080-exec-2] DEBUG [d5aa65bf-090a-4f8b-94b2-59fc0154525b] [NO_SESSION] r.s.s.d.s.LocalFileStorageService - Файл сохранится в директории: C:\Users\ferdi\data\uploads\95d8b\2026\09\576f614d-c6df-45c3-88e5-bd83ec0e2fbf.jpg, с временной директорией: C:\Users\ferdi\data\uploads\95d8b\2026\09\temp\.576f614d-c6df-45c3-88e5-bd83ec0e2fbf.jpg.tmp
2026-09-01 23:04:51.505 [http-nio-8080-exec-2] INFO  [d5aa65bf-090a-4f8b-94b2-59fc0154525b] [NO_SESSION] r.s.s.d.s.LocalFileStorageService - Файл успешно сохранен: 95d8b/2026/09/576f614d-c6df-45c3-88e5-bd83ec0e2fbf.jpg, с размером: 33095 байт
2026-09-01 23:04:51.505 [http-nio-8080-exec-2] INFO  [d5aa65bf-090a-4f8b-94b2-59fc0154525b] [NO_SESSION] r.s.s.d.service.PhotoServiceImpl - Фото сохранено в хранилище
2026-09-01 23:04:51.564 [http-nio-8080-exec-2] DEBUG [d5aa65bf-090a-4f8b-94b2-59fc0154525b] [NO_SESSION] org.hibernate.SQL - 
    select
        p1_0.id,
        p1_0.created_at,
        p1_0.file_name,
        p1_0.file_size_bytes,
        p1_0.mime_type,
        p1_0.status,
        p1_0.storage_file_path,
        p1_0.updated_at,
        p1_0.user_id 
    from
        photo p1_0 
    where
        p1_0.id=?
2026-09-01 23:04:51.589 [http-nio-8080-exec-2] INFO  [d5aa65bf-090a-4f8b-94b2-59fc0154525b] [NO_SESSION] r.s.s.d.service.PhotoServiceImpl - Метаданные фото 3400e550-0297-464d-893e-a563a256e9fa сохранены в БД
2026-09-01 23:04:51.591 [http-nio-8080-exec-2] INFO  [d5aa65bf-090a-4f8b-94b2-59fc0154525b] [NO_SESSION] r.s.s.d.service.PhotoServiceImpl - Запуск асинхронной обработки фото 3400e550-0297-464d-893e-a563a256e9fa
2026-09-01 23:04:51.593 [PhotoProcessor-1] INFO  [N/A] [N/A] r.s.s.d.s.AsyncPhotoProcessingExecutor - Запущен асинхронный процесс с фото: 3400e550-0297-464d-893e-a563a256e9fa, пользователя: cb2915c3-7b68-4c44-9587-cbeb0b295d8b
2026-09-01 23:04:51.662 [http-nio-8080-exec-2] DEBUG [d5aa65bf-090a-4f8b-94b2-59fc0154525b] [NO_SESSION] org.hibernate.SQL - 
    insert 
    into
        photo
        (created_at,file_name,file_size_bytes,mime_type,status,storage_file_path,updated_at,user_id,id) 
    values
        (?,?,?,?,?,?,?,?,?)
2026-09-01 23:04:52.608 [PhotoProcessor-1] DEBUG [N/A] [N/A] o.s.jdbc.datasource.DataSourceUtils - Setting JDBC Connection [HikariProxyConnection@1775948407 wrapping org.postgresql.jdbc.PgConnection@4863c8ac] read-only
2026-09-01 23:04:52.620 [PhotoProcessor-1] DEBUG [N/A] [N/A] org.hibernate.SQL - 
    select
        p1_0.id,
        p1_0.created_at,
        p1_0.file_name,
        p1_0.file_size_bytes,
        p1_0.mime_type,
        p1_0.status,
        p1_0.storage_file_path,
        p1_0.updated_at,
        p1_0.user_id 
    from
        photo p1_0 
    where
        p1_0.id=?
2026-09-01 23:04:52.630 [PhotoProcessor-1] DEBUG [N/A] [N/A] o.s.jdbc.datasource.DataSourceUtils - Resetting read-only flag of JDBC Connection [HikariProxyConnection@1775948407 wrapping org.postgresql.jdbc.PgConnection@4863c8ac]
2026-09-01 23:04:52.708 [PhotoProcessor-1] DEBUG [N/A] [N/A] org.hibernate.SQL - 
    update
        photo 
    set
        status=?,
        updated_at=cast(? as timestamp(6) with time zone) 
    where
        id=?
2026-09-01 23:04:52.717 [PhotoProcessor-1] INFO  [N/A] [N/A] r.s.s.d.s.AsyncPhotoProcessingExecutor - Сменен статус фото 3400e550-0297-464d-893e-a563a256e9fa на PROCESSING
2026-09-01 23:04:52.722 [PhotoProcessor-1] DEBUG [N/A] [N/A] org.hibernate.SQL - 
    select
        a1_0.id,
        a1_0.completed_at,
        a1_0.photo_id,
        a1_0.requested_at,
        a1_0.result,
        a1_0.status 
    from
        analysis a1_0 
    where
        a1_0.id=?
2026-09-01 23:04:52.744 [PhotoProcessor-1] DEBUG [N/A] [N/A] org.hibernate.SQL - 
    insert 
    into
        analysis
        (completed_at,photo_id,requested_at,result,status,id) 
    values
        (?,?,?,?,?,?)
2026-09-01 23:04:52.759 [PhotoProcessor-1] INFO  [N/A] [N/A] r.s.s.d.s.AsyncPhotoProcessingExecutor - Сформирован запрос к ML сервису для фото: 3400e550-0297-464d-893e-a563a256e9fa, размером: 33095 байт
2026-09-01 23:04:52.760 [PhotoProcessor-1] INFO  [N/A] [N/A] r.s.s.d.s.AsyncPhotoProcessingExecutor - Вызов ML анализа фото: 3400e550-0297-464d-893e-a563a256e9fa
2026-09-01 23:04:52.760 [PhotoProcessor-1] INFO  [N/A] [N/A] ru.startup.skinscan.ML.StubMLClient - Заглушка ML: Анализ фото: 3400e550-0297-464d-893e-a563a256e9fa
2026-09-01 23:04:56.829 [PhotoProcessor-1] INFO  [N/A] [N/A] ru.startup.skinscan.ML.StubMLClient - Заглушка ML: Фото: 3400e550-0297-464d-893e-a563a256e9fa обработано за 4069 ms
2026-09-01 23:04:56.831 [PhotoProcessor-1] INFO  [N/A] [N/A] r.s.s.d.s.AsyncPhotoProcessingExecutor - ML анализ фото: 3400e550-0297-464d-893e-a563a256e9fa, завершен за время: 4071ms
2026-09-01 23:04:56.844 [PhotoProcessor-1] DEBUG [N/A] [N/A] org.hibernate.SQL - 
    update
        analysis 
    set
        result=?,
        status=?,
        completed_at=cast(? as timestamp(6) with time zone) 
    where
        id=?
2026-09-01 23:04:56.871 [PhotoProcessor-1] DEBUG [N/A] [N/A] org.hibernate.SQL - 
    update
        photo 
    set
        status=?,
        updated_at=cast(? as timestamp(6) with time zone) 
    where
        id=?
2026-09-01 23:04:56.874 [PhotoProcessor-1] INFO  [N/A] [N/A] r.s.s.d.s.AsyncPhotoProcessingExecutor - Анализ фото 3400e550-0297-464d-893e-a563a256e9fa успешно завершен
2026-09-01 23:05:02.308 [http-nio-8080-exec-3] DEBUG [N/A] [N/A] o.s.security.web.FilterChainProxy - Securing POST /skinScan/photos/upload
2026-09-01 23:05:02.312 [http-nio-8080-exec-3] DEBUG [N/A] [N/A] org.hibernate.SQL - 
    select
        u1_0.id,
        u1_0.created_at,
        u1_0.email,
        u1_0.login,
        u1_0.password,
        u1_0.phone,
        u1_0.updated_at 
    from
        users u1_0 
    where
        u1_0.login=?
2026-09-01 23:05:04.352 [http-nio-8080-exec-3] DEBUG [N/A] [N/A] org.hibernate.SQL - 
    select
        u1_0.id 
    from
        users u1_0 
    where
        u1_0.login=?
2026-09-01 23:05:04.359 [http-nio-8080-exec-3] INFO  [N/A] [N/A] r.s.s.s.s.CustomUserDetailsService - Поиск пользователя с логином: Andrey400
2026-09-01 23:05:04.363 [http-nio-8080-exec-3] DEBUG [N/A] [N/A] org.hibernate.SQL - 
    select
        u1_0.id,
        u1_0.created_at,
        u1_0.email,
        u1_0.login,
        u1_0.password,
        u1_0.phone,
        u1_0.updated_at 
    from
        users u1_0 
    where
        u1_0.login=?
2026-09-01 23:05:04.368 [http-nio-8080-exec-3] INFO  [N/A] [N/A] r.s.s.s.s.CustomUserDetailsService - Найден пользователь: Andrey400, пароль: $2a$12$d.FH9qZOydIpywFfOZblzeR/d/jf0O9rKSJ8IZgfS9JHrzjUSWyxi
2026-09-01 23:05:06.286 [http-nio-8080-exec-3] DEBUG [N/A] [N/A] o.s.s.a.d.DaoAuthenticationProvider - Authenticated user
2026-09-01 23:05:06.288 [http-nio-8080-exec-3] DEBUG [N/A] [N/A] o.s.s.w.a.w.BasicAuthenticationFilter - Set SecurityContextHolder to UsernamePasswordAuthenticationToken [Principal=org.springframework.security.core.userdetails.User [Username=Andrey400, Password=[PROTECTED], Enabled=true, AccountNonExpired=true, credentialsNonExpired=true, AccountNonLocked=true, Granted Authorities=[]], Credentials=[PROTECTED], Authenticated=true, Details=WebAuthenticationDetails [RemoteIpAddress=127.0.0.1, SessionId=null], Granted Authorities=[]]
2026-09-01 23:05:06.289 [http-nio-8080-exec-3] DEBUG [N/A] [N/A] o.s.security.web.FilterChainProxy - Secured POST /skinScan/photos/upload
2026-09-01 23:05:06.340 [http-nio-8080-exec-3] DEBUG [87f5a62b-3624-4367-8302-4848d2265115] [NO_SESSION] org.hibernate.SQL - 
    select
        p1_0.id,
        p1_0.created_at,
        p1_0.file_name,
        p1_0.file_size_bytes,
        p1_0.mime_type,
        p1_0.status,
        p1_0.storage_file_path,
        p1_0.updated_at,
        p1_0.user_id 
    from
        photo p1_0 
    where
        p1_0.file_name=? 
        and p1_0.user_id=?
2026-09-01 23:05:06.343 [http-nio-8080-exec-3] INFO  [87f5a62b-3624-4367-8302-4848d2265115] [NO_SESSION] r.s.s.d.service.PhotoServiceImpl - Получено id 3400e550-0297-464d-893e-a563a256e9fa фото с именем skin3.jpg
2026-09-01 23:05:12.965 [http-nio-8080-exec-7] DEBUG [N/A] [N/A] o.s.security.web.FilterChainProxy - Securing POST /skinScan/photos/upload
2026-09-01 23:05:12.969 [http-nio-8080-exec-7] DEBUG [N/A] [N/A] org.hibernate.SQL - 
    select
        u1_0.id,
        u1_0.created_at,
        u1_0.email,
        u1_0.login,
        u1_0.password,
        u1_0.phone,
        u1_0.updated_at 
    from
        users u1_0 
    where
        u1_0.login=?
2026-09-01 23:05:14.501 [http-nio-8080-exec-7] DEBUG [N/A] [N/A] org.hibernate.SQL - 
    select
        u1_0.id 
    from
        users u1_0 
    where
        u1_0.login=?
2026-09-01 23:05:14.503 [http-nio-8080-exec-7] INFO  [N/A] [N/A] r.s.s.s.s.CustomUserDetailsService - Поиск пользователя с логином: Andrey600
2026-09-01 23:05:14.504 [http-nio-8080-exec-7] DEBUG [N/A] [N/A] org.hibernate.SQL - 
    select
        u1_0.id,
        u1_0.created_at,
        u1_0.email,
        u1_0.login,
        u1_0.password,
        u1_0.phone,
        u1_0.updated_at 
    from
        users u1_0 
    where
        u1_0.login=?
2026-09-01 23:05:14.504 [http-nio-8080-exec-7] INFO  [N/A] [N/A] r.s.s.s.s.CustomUserDetailsService - Найден пользователь: Andrey600, пароль: $2a$12$82L1ISHBmtE5Mz8Sna4Kr.OxWw0qFyPc2rdTy8Pr6YSNBBPgoLaiK
2026-09-01 23:05:15.737 [http-nio-8080-exec-7] DEBUG [N/A] [N/A] o.s.s.a.d.DaoAuthenticationProvider - Authenticated user
2026-09-01 23:05:15.737 [http-nio-8080-exec-7] DEBUG [N/A] [N/A] o.s.s.w.a.w.BasicAuthenticationFilter - Set SecurityContextHolder to UsernamePasswordAuthenticationToken [Principal=org.springframework.security.core.userdetails.User [Username=Andrey600, Password=[PROTECTED], Enabled=true, AccountNonExpired=true, credentialsNonExpired=true, AccountNonLocked=true, Granted Authorities=[]], Credentials=[PROTECTED], Authenticated=true, Details=WebAuthenticationDetails [RemoteIpAddress=127.0.0.1, SessionId=null], Granted Authorities=[]]
2026-09-01 23:05:15.738 [http-nio-8080-exec-7] DEBUG [N/A] [N/A] o.s.security.web.FilterChainProxy - Secured POST /skinScan/photos/upload
2026-09-01 23:05:15.764 [http-nio-8080-exec-7] DEBUG [1b7be01c-0a56-4083-b734-7d866ec0a24e] [NO_SESSION] org.hibernate.SQL - 
    select
        p1_0.id,
        p1_0.created_at,
        p1_0.file_name,
        p1_0.file_size_bytes,
        p1_0.mime_type,
        p1_0.status,
        p1_0.storage_file_path,
        p1_0.updated_at,
        p1_0.user_id 
    from
        photo p1_0 
    where
        p1_0.file_name=? 
        and p1_0.user_id=?
2026-09-01 23:05:15.774 [http-nio-8080-exec-7] DEBUG [1b7be01c-0a56-4083-b734-7d866ec0a24e] [NO_SESSION] r.s.s.d.s.LocalFileStorageService - Файл сохранится в директории: C:\Users\ferdi\data\uploads\805dc\2026\09\147bd365-fe41-47eb-87d3-f44fb0022717.jpg, с временной директорией: C:\Users\ferdi\data\uploads\805dc\2026\09\temp\.147bd365-fe41-47eb-87d3-f44fb0022717.jpg.tmp
2026-09-01 23:05:15.780 [http-nio-8080-exec-7] INFO  [1b7be01c-0a56-4083-b734-7d866ec0a24e] [NO_SESSION] r.s.s.d.s.LocalFileStorageService - Файл успешно сохранен: 805dc/2026/09/147bd365-fe41-47eb-87d3-f44fb0022717.jpg, с размером: 33095 байт
2026-09-01 23:05:15.780 [http-nio-8080-exec-7] INFO  [1b7be01c-0a56-4083-b734-7d866ec0a24e] [NO_SESSION] r.s.s.d.service.PhotoServiceImpl - Фото сохранено в хранилище
2026-09-01 23:05:15.781 [http-nio-8080-exec-7] DEBUG [1b7be01c-0a56-4083-b734-7d866ec0a24e] [NO_SESSION] org.hibernate.SQL - 
    select
        p1_0.id,
        p1_0.created_at,
        p1_0.file_name,
        p1_0.file_size_bytes,
        p1_0.mime_type,
        p1_0.status,
        p1_0.storage_file_path,
        p1_0.updated_at,
        p1_0.user_id 
    from
        photo p1_0 
    where
        p1_0.id=?
2026-09-01 23:05:15.782 [http-nio-8080-exec-7] INFO  [1b7be01c-0a56-4083-b734-7d866ec0a24e] [NO_SESSION] r.s.s.d.service.PhotoServiceImpl - Метаданные фото c596cdfe-16bf-429a-a6e9-2982bee09d36 сохранены в БД
2026-09-01 23:05:15.782 [http-nio-8080-exec-7] INFO  [1b7be01c-0a56-4083-b734-7d866ec0a24e] [NO_SESSION] r.s.s.d.service.PhotoServiceImpl - Запуск асинхронной обработки фото c596cdfe-16bf-429a-a6e9-2982bee09d36
2026-09-01 23:05:15.783 [http-nio-8080-exec-7] DEBUG [1b7be01c-0a56-4083-b734-7d866ec0a24e] [NO_SESSION] org.hibernate.SQL - 
    insert 
    into
        photo
        (created_at,file_name,file_size_bytes,mime_type,status,storage_file_path,updated_at,user_id,id) 
    values
        (?,?,?,?,?,?,?,?,?)
2026-09-01 23:05:15.783 [PhotoProcessor-2] INFO  [N/A] [N/A] r.s.s.d.s.AsyncPhotoProcessingExecutor - Запущен асинхронный процесс с фото: c596cdfe-16bf-429a-a6e9-2982bee09d36, пользователя: 64641147-39de-45f8-a11f-7f57eb2805dc
2026-09-01 23:05:16.796 [PhotoProcessor-2] DEBUG [N/A] [N/A] o.s.jdbc.datasource.DataSourceUtils - Setting JDBC Connection [HikariProxyConnection@1848212190 wrapping org.postgresql.jdbc.PgConnection@4863c8ac] read-only
2026-09-01 23:05:16.798 [PhotoProcessor-2] DEBUG [N/A] [N/A] org.hibernate.SQL - 
    select
        p1_0.id,
        p1_0.created_at,
        p1_0.file_name,
        p1_0.file_size_bytes,
        p1_0.mime_type,
        p1_0.status,
        p1_0.storage_file_path,
        p1_0.updated_at,
        p1_0.user_id 
    from
        photo p1_0 
    where
        p1_0.id=?
2026-09-01 23:05:16.802 [PhotoProcessor-2] DEBUG [N/A] [N/A] o.s.jdbc.datasource.DataSourceUtils - Resetting read-only flag of JDBC Connection [HikariProxyConnection@1848212190 wrapping org.postgresql.jdbc.PgConnection@4863c8ac]
2026-09-01 23:05:16.805 [PhotoProcessor-2] DEBUG [N/A] [N/A] org.hibernate.SQL - 
    update
        photo 
    set
        status=?,
        updated_at=cast(? as timestamp(6) with time zone) 
    where
        id=?
2026-09-01 23:05:16.809 [PhotoProcessor-2] INFO  [N/A] [N/A] r.s.s.d.s.AsyncPhotoProcessingExecutor - Сменен статус фото c596cdfe-16bf-429a-a6e9-2982bee09d36 на PROCESSING
2026-09-01 23:05:16.810 [PhotoProcessor-2] DEBUG [N/A] [N/A] org.hibernate.SQL - 
    select
        a1_0.id,
        a1_0.completed_at,
        a1_0.photo_id,
        a1_0.requested_at,
        a1_0.result,
        a1_0.status 
    from
        analysis a1_0 
    where
        a1_0.id=?
2026-09-01 23:05:16.812 [PhotoProcessor-2] DEBUG [N/A] [N/A] org.hibernate.SQL - 
    insert 
    into
        analysis
        (completed_at,photo_id,requested_at,result,status,id) 
    values
        (?,?,?,?,?,?)
2026-09-01 23:05:16.831 [PhotoProcessor-2] INFO  [N/A] [N/A] r.s.s.d.s.AsyncPhotoProcessingExecutor - Сформирован запрос к ML сервису для фото: c596cdfe-16bf-429a-a6e9-2982bee09d36, размером: 33095 байт
2026-09-01 23:05:16.831 [PhotoProcessor-2] INFO  [N/A] [N/A] r.s.s.d.s.AsyncPhotoProcessingExecutor - Вызов ML анализа фото: c596cdfe-16bf-429a-a6e9-2982bee09d36
2026-09-01 23:05:16.831 [PhotoProcessor-2] INFO  [N/A] [N/A] ru.startup.skinscan.ML.StubMLClient - Заглушка ML: Анализ фото: c596cdfe-16bf-429a-a6e9-2982bee09d36
2026-09-01 23:05:19.904 [PhotoProcessor-2] INFO  [N/A] [N/A] ru.startup.skinscan.ML.StubMLClient - Заглушка ML: Фото: c596cdfe-16bf-429a-a6e9-2982bee09d36 обработано за 3073 ms
2026-09-01 23:05:19.905 [PhotoProcessor-2] INFO  [N/A] [N/A] r.s.s.d.s.AsyncPhotoProcessingExecutor - ML анализ фото: c596cdfe-16bf-429a-a6e9-2982bee09d36, завершен за время: 3074ms
2026-09-01 23:05:19.916 [PhotoProcessor-2] DEBUG [N/A] [N/A] org.hibernate.SQL - 
    update
        analysis 
    set
        result=?,
        status=?,
        completed_at=cast(? as timestamp(6) with time zone) 
    where
        id=?
2026-09-01 23:05:19.930 [PhotoProcessor-2] DEBUG [N/A] [N/A] org.hibernate.SQL - 
    update
        photo 
    set
        status=?,
        updated_at=cast(? as timestamp(6) with time zone) 
    where
        id=?
2026-09-01 23:05:19.935 [PhotoProcessor-2] INFO  [N/A] [N/A] r.s.s.d.s.AsyncPhotoProcessingExecutor - Анализ фото c596cdfe-16bf-429a-a6e9-2982bee09d36 успешно завершен
2026-09-01 23:05:31.816 [http-nio-8080-exec-5] DEBUG [N/A] [N/A] o.s.security.web.FilterChainProxy - Securing GET /skinScan/photos
2026-09-01 23:05:31.819 [http-nio-8080-exec-5] DEBUG [N/A] [N/A] org.hibernate.SQL - 
    select
        u1_0.id,
        u1_0.created_at,
        u1_0.email,
        u1_0.login,
        u1_0.password,
        u1_0.phone,
        u1_0.updated_at 
    from
        users u1_0 
    where
        u1_0.login=?
2026-09-01 23:05:32.881 [http-nio-8080-exec-5] DEBUG [N/A] [N/A] org.hibernate.SQL - 
    select
        u1_0.id 
    from
        users u1_0 
    where
        u1_0.login=?
2026-09-01 23:05:32.883 [http-nio-8080-exec-5] INFO  [N/A] [N/A] r.s.s.s.s.CustomUserDetailsService - Поиск пользователя с логином: Andrey600
2026-09-01 23:05:32.885 [http-nio-8080-exec-5] DEBUG [N/A] [N/A] org.hibernate.SQL - 
    select
        u1_0.id,
        u1_0.created_at,
        u1_0.email,
        u1_0.login,
        u1_0.password,
        u1_0.phone,
        u1_0.updated_at 
    from
        users u1_0 
    where
        u1_0.login=?
2026-09-01 23:05:32.886 [http-nio-8080-exec-5] INFO  [N/A] [N/A] r.s.s.s.s.CustomUserDetailsService - Найден пользователь: Andrey600, пароль: $2a$12$82L1ISHBmtE5Mz8Sna4Kr.OxWw0qFyPc2rdTy8Pr6YSNBBPgoLaiK
2026-09-01 23:05:34.259 [http-nio-8080-exec-5] DEBUG [N/A] [N/A] o.s.s.a.d.DaoAuthenticationProvider - Authenticated user
2026-09-01 23:05:34.260 [http-nio-8080-exec-5] DEBUG [N/A] [N/A] o.s.s.w.a.w.BasicAuthenticationFilter - Set SecurityContextHolder to UsernamePasswordAuthenticationToken [Principal=org.springframework.security.core.userdetails.User [Username=Andrey600, Password=[PROTECTED], Enabled=true, AccountNonExpired=true, credentialsNonExpired=true, AccountNonLocked=true, Granted Authorities=[]], Credentials=[PROTECTED], Authenticated=true, Details=WebAuthenticationDetails [RemoteIpAddress=127.0.0.1, SessionId=null], Granted Authorities=[]]
2026-09-01 23:05:34.263 [http-nio-8080-exec-5] DEBUG [N/A] [N/A] o.s.security.web.FilterChainProxy - Secured GET /skinScan/photos
2026-09-01 23:05:34.273 [http-nio-8080-exec-5] DEBUG [47c0fe3f-171d-4f32-8948-a4b6eb309556] [NO_SESSION] org.hibernate.SQL - 
    select
        p1_0.id,
        p1_0.created_at,
        p1_0.file_name,
        p1_0.file_size_bytes,
        p1_0.mime_type,
        p1_0.status,
        p1_0.storage_file_path,
        p1_0.updated_at,
        p1_0.user_id 
    from
        photo p1_0 
    where
        p1_0.user_id=?
2026-09-01 23:05:34.280 [http-nio-8080-exec-5] INFO  [47c0fe3f-171d-4f32-8948-a4b6eb309556] [NO_SESSION] r.s.s.d.service.PhotoServiceImpl - Получены все метаданные фоток пользователя 64641147-39de-45f8-a11f-7f57eb2805dc
2026-09-01 23:05:34.280 [http-nio-8080-exec-5] WARN  [47c0fe3f-171d-4f32-8948-a4b6eb309556] [NO_SESSION] r.s.s.d.s.LocalFileStorageService - Подписанный URLs для локального хранилища не поддерживается, обычный URL для пути: 805dc/2026/09/147bd365-fe41-47eb-87d3-f44fb0022717.jpg
2026-09-01 23:05:34.283 [http-nio-8080-exec-5] DEBUG [47c0fe3f-171d-4f32-8948-a4b6eb309556] [NO_SESSION] org.hibernate.SQL - 
    select
        p1_0.id,
        p1_0.created_at,
        p1_0.file_name,
        p1_0.file_size_bytes,
        p1_0.mime_type,
        p1_0.status,
        p1_0.storage_file_path,
        p1_0.updated_at,
        p1_0.user_id 
    from
        photo p1_0 
    where
        p1_0.file_name=? 
        and p1_0.user_id=?
2026-09-01 23:05:34.286 [http-nio-8080-exec-5] INFO  [47c0fe3f-171d-4f32-8948-a4b6eb309556] [NO_SESSION] r.s.s.d.service.PhotoServiceImpl - Получено id c596cdfe-16bf-429a-a6e9-2982bee09d36 фото с именем skin3.jpg
2026-09-01 23:05:34.286 [http-nio-8080-exec-5] INFO  [47c0fe3f-171d-4f32-8948-a4b6eb309556] [NO_SESSION] r.s.s.d.service.PhotoServiceImpl - Получены URL для всех фото пользователя 64641147-39de-45f8-a11f-7f57eb2805dc
2026-09-01 23:05:34.287 [http-nio-8080-exec-5] DEBUG [47c0fe3f-171d-4f32-8948-a4b6eb309556] [NO_SESSION] o.s.jdbc.datasource.DataSourceUtils - Setting JDBC Connection [HikariProxyConnection@1878733007 wrapping org.postgresql.jdbc.PgConnection@4863c8ac] read-only
2026-09-01 23:05:34.290 [http-nio-8080-exec-5] DEBUG [47c0fe3f-171d-4f32-8948-a4b6eb309556] [NO_SESSION] o.s.jdbc.datasource.DataSourceUtils - Resetting read-only flag of JDBC Connection [HikariProxyConnection@1878733007 wrapping org.postgresql.jdbc.PgConnection@4863c8ac]
2026-09-01 23:05:34.291 [http-nio-8080-exec-5] INFO  [47c0fe3f-171d-4f32-8948-a4b6eb309556] [NO_SESSION] r.s.s.d.service.PhotoServiceImpl - Метаданные фото из БД c596cdfe-16bf-429a-a6e9-2982bee09d36 получены
2026-09-01 23:05:47.703 [http-nio-8080-exec-6] DEBUG [N/A] [N/A] o.s.security.web.FilterChainProxy - Securing GET /skinScan/photos
2026-09-01 23:05:47.706 [http-nio-8080-exec-6] DEBUG [N/A] [N/A] org.hibernate.SQL - 
    select
        u1_0.id,
        u1_0.created_at,
        u1_0.email,
        u1_0.login,
        u1_0.password,
        u1_0.phone,
        u1_0.updated_at 
    from
        users u1_0 
    where
        u1_0.login=?
2026-09-01 23:05:49.140 [http-nio-8080-exec-6] DEBUG [N/A] [N/A] org.hibernate.SQL - 
    select
        u1_0.id 
    from
        users u1_0 
    where
        u1_0.login=?
2026-09-01 23:05:49.144 [http-nio-8080-exec-6] INFO  [N/A] [N/A] r.s.s.s.s.CustomUserDetailsService - Поиск пользователя с логином: Andrey400
2026-09-01 23:05:49.145 [http-nio-8080-exec-6] DEBUG [N/A] [N/A] org.hibernate.SQL - 
    select
        u1_0.id,
        u1_0.created_at,
        u1_0.email,
        u1_0.login,
        u1_0.password,
        u1_0.phone,
        u1_0.updated_at 
    from
        users u1_0 
    where
        u1_0.login=?
2026-09-01 23:05:49.147 [http-nio-8080-exec-6] INFO  [N/A] [N/A] r.s.s.s.s.CustomUserDetailsService - Найден пользователь: Andrey400, пароль: $2a$12$d.FH9qZOydIpywFfOZblzeR/d/jf0O9rKSJ8IZgfS9JHrzjUSWyxi
2026-09-01 23:05:50.807 [http-nio-8080-exec-6] DEBUG [N/A] [N/A] o.s.s.a.d.DaoAuthenticationProvider - Authenticated user
2026-09-01 23:05:50.808 [http-nio-8080-exec-6] DEBUG [N/A] [N/A] o.s.s.w.a.w.BasicAuthenticationFilter - Set SecurityContextHolder to UsernamePasswordAuthenticationToken [Principal=org.springframework.security.core.userdetails.User [Username=Andrey400, Password=[PROTECTED], Enabled=true, AccountNonExpired=true, credentialsNonExpired=true, AccountNonLocked=true, Granted Authorities=[]], Credentials=[PROTECTED], Authenticated=true, Details=WebAuthenticationDetails [RemoteIpAddress=127.0.0.1, SessionId=null], Granted Authorities=[]]
2026-09-01 23:05:50.810 [http-nio-8080-exec-6] DEBUG [N/A] [N/A] o.s.security.web.FilterChainProxy - Secured GET /skinScan/photos
2026-09-01 23:05:50.814 [http-nio-8080-exec-6] DEBUG [e4b669f6-52e6-48e8-bf51-ef80a64e3002] [NO_SESSION] org.hibernate.SQL - 
    select
        p1_0.id,
        p1_0.created_at,
        p1_0.file_name,
        p1_0.file_size_bytes,
        p1_0.mime_type,
        p1_0.status,
        p1_0.storage_file_path,
        p1_0.updated_at,
        p1_0.user_id 
    from
        photo p1_0 
    where
        p1_0.user_id=?
2026-09-01 23:05:50.816 [http-nio-8080-exec-6] INFO  [e4b669f6-52e6-48e8-bf51-ef80a64e3002] [NO_SESSION] r.s.s.d.service.PhotoServiceImpl - Получены все метаданные фоток пользователя cb2915c3-7b68-4c44-9587-cbeb0b295d8b
2026-09-01 23:05:50.816 [http-nio-8080-exec-6] WARN  [e4b669f6-52e6-48e8-bf51-ef80a64e3002] [NO_SESSION] r.s.s.d.s.LocalFileStorageService - Подписанный URLs для локального хранилища не поддерживается, обычный URL для пути: 95d8b/2026/09/576f614d-c6df-45c3-88e5-bd83ec0e2fbf.jpg
2026-09-01 23:05:50.818 [http-nio-8080-exec-6] DEBUG [e4b669f6-52e6-48e8-bf51-ef80a64e3002] [NO_SESSION] org.hibernate.SQL - 
    select
        p1_0.id,
        p1_0.created_at,
        p1_0.file_name,
        p1_0.file_size_bytes,
        p1_0.mime_type,
        p1_0.status,
        p1_0.storage_file_path,
        p1_0.updated_at,
        p1_0.user_id 
    from
        photo p1_0 
    where
        p1_0.file_name=? 
        and p1_0.user_id=?
2026-09-01 23:05:50.821 [http-nio-8080-exec-6] INFO  [e4b669f6-52e6-48e8-bf51-ef80a64e3002] [NO_SESSION] r.s.s.d.service.PhotoServiceImpl - Получено id 3400e550-0297-464d-893e-a563a256e9fa фото с именем skin3.jpg
2026-09-01 23:05:50.821 [http-nio-8080-exec-6] INFO  [e4b669f6-52e6-48e8-bf51-ef80a64e3002] [NO_SESSION] r.s.s.d.service.PhotoServiceImpl - Получены URL для всех фото пользователя cb2915c3-7b68-4c44-9587-cbeb0b295d8b
2026-09-01 23:05:50.822 [http-nio-8080-exec-6] DEBUG [e4b669f6-52e6-48e8-bf51-ef80a64e3002] [NO_SESSION] o.s.jdbc.datasource.DataSourceUtils - Setting JDBC Connection [HikariProxyConnection@1096264833 wrapping org.postgresql.jdbc.PgConnection@4863c8ac] read-only
2026-09-01 23:05:50.823 [http-nio-8080-exec-6] DEBUG [e4b669f6-52e6-48e8-bf51-ef80a64e3002] [NO_SESSION] o.s.jdbc.datasource.DataSourceUtils - Resetting read-only flag of JDBC Connection [HikariProxyConnection@1096264833 wrapping org.postgresql.jdbc.PgConnection@4863c8ac]
2026-09-01 23:05:50.824 [http-nio-8080-exec-6] INFO  [e4b669f6-52e6-48e8-bf51-ef80a64e3002] [NO_SESSION] r.s.s.d.service.PhotoServiceImpl - Метаданные фото из БД 3400e550-0297-464d-893e-a563a256e9fa получены
2026-09-01 23:06:08.789 [http-nio-8080-exec-4] DEBUG [N/A] [N/A] o.s.security.web.FilterChainProxy - Securing GET /skinScan/photos
2026-09-01 23:06:08.793 [http-nio-8080-exec-4] DEBUG [N/A] [N/A] org.hibernate.SQL - 
    select
        u1_0.id,
        u1_0.created_at,
        u1_0.email,
        u1_0.login,
        u1_0.password,
        u1_0.phone,
        u1_0.updated_at 
    from
        users u1_0 
    where
        u1_0.login=?
2026-09-01 23:06:10.223 [http-nio-8080-exec-4] DEBUG [N/A] [N/A] org.hibernate.SQL - 
    select
        u1_0.id 
    from
        users u1_0 
    where
        u1_0.login=?
2026-09-01 23:06:10.225 [http-nio-8080-exec-4] INFO  [N/A] [N/A] r.s.s.s.s.CustomUserDetailsService - Поиск пользователя с логином: Andrey600
2026-09-01 23:06:10.226 [http-nio-8080-exec-4] DEBUG [N/A] [N/A] org.hibernate.SQL - 
    select
        u1_0.id,
        u1_0.created_at,
        u1_0.email,
        u1_0.login,
        u1_0.password,
        u1_0.phone,
        u1_0.updated_at 
    from
        users u1_0 
    where
        u1_0.login=?
2026-09-01 23:06:10.227 [http-nio-8080-exec-4] INFO  [N/A] [N/A] r.s.s.s.s.CustomUserDetailsService - Найден пользователь: Andrey600, пароль: $2a$12$82L1ISHBmtE5Mz8Sna4Kr.OxWw0qFyPc2rdTy8Pr6YSNBBPgoLaiK
2026-09-01 23:06:11.668 [http-nio-8080-exec-4] DEBUG [N/A] [N/A] o.s.s.a.d.DaoAuthenticationProvider - Authenticated user
2026-09-01 23:06:11.670 [http-nio-8080-exec-4] DEBUG [N/A] [N/A] o.s.s.w.a.w.BasicAuthenticationFilter - Set SecurityContextHolder to UsernamePasswordAuthenticationToken [Principal=org.springframework.security.core.userdetails.User [Username=Andrey600, Password=[PROTECTED], Enabled=true, AccountNonExpired=true, credentialsNonExpired=true, AccountNonLocked=true, Granted Authorities=[]], Credentials=[PROTECTED], Authenticated=true, Details=WebAuthenticationDetails [RemoteIpAddress=127.0.0.1, SessionId=null], Granted Authorities=[]]
2026-09-01 23:06:11.671 [http-nio-8080-exec-4] DEBUG [N/A] [N/A] o.s.security.web.FilterChainProxy - Secured GET /skinScan/photos
2026-09-01 23:06:11.682 [http-nio-8080-exec-4] DEBUG [8bf4cf89-95cc-4e14-9207-771a553ec99a] [NO_SESSION] org.hibernate.SQL - 
    select
        p1_0.id,
        p1_0.created_at,
        p1_0.file_name,
        p1_0.file_size_bytes,
        p1_0.mime_type,
        p1_0.status,
        p1_0.storage_file_path,
        p1_0.updated_at,
        p1_0.user_id 
    from
        photo p1_0 
    where
        p1_0.user_id=?
2026-09-01 23:06:11.689 [http-nio-8080-exec-4] INFO  [8bf4cf89-95cc-4e14-9207-771a553ec99a] [NO_SESSION] r.s.s.d.service.PhotoServiceImpl - Получены все метаданные фоток пользователя 64641147-39de-45f8-a11f-7f57eb2805dc
2026-09-01 23:06:11.689 [http-nio-8080-exec-4] WARN  [8bf4cf89-95cc-4e14-9207-771a553ec99a] [NO_SESSION] r.s.s.d.s.LocalFileStorageService - Подписанный URLs для локального хранилища не поддерживается, обычный URL для пути: 805dc/2026/09/147bd365-fe41-47eb-87d3-f44fb0022717.jpg
2026-09-01 23:06:11.691 [http-nio-8080-exec-4] DEBUG [8bf4cf89-95cc-4e14-9207-771a553ec99a] [NO_SESSION] org.hibernate.SQL - 
    select
        p1_0.id,
        p1_0.created_at,
        p1_0.file_name,
        p1_0.file_size_bytes,
        p1_0.mime_type,
        p1_0.status,
        p1_0.storage_file_path,
        p1_0.updated_at,
        p1_0.user_id 
    from
        photo p1_0 
    where
        p1_0.file_name=? 
        and p1_0.user_id=?
2026-09-01 23:06:11.693 [http-nio-8080-exec-4] INFO  [8bf4cf89-95cc-4e14-9207-771a553ec99a] [NO_SESSION] r.s.s.d.service.PhotoServiceImpl - Получено id c596cdfe-16bf-429a-a6e9-2982bee09d36 фото с именем skin3.jpg
2026-09-01 23:06:11.694 [http-nio-8080-exec-4] INFO  [8bf4cf89-95cc-4e14-9207-771a553ec99a] [NO_SESSION] r.s.s.d.service.PhotoServiceImpl - Получены URL для всех фото пользователя 64641147-39de-45f8-a11f-7f57eb2805dc
2026-09-01 23:06:11.694 [http-nio-8080-exec-4] DEBUG [8bf4cf89-95cc-4e14-9207-771a553ec99a] [NO_SESSION] o.s.jdbc.datasource.DataSourceUtils - Setting JDBC Connection [HikariProxyConnection@817631732 wrapping org.postgresql.jdbc.PgConnection@4863c8ac] read-only
2026-09-01 23:06:11.695 [http-nio-8080-exec-4] DEBUG [8bf4cf89-95cc-4e14-9207-771a553ec99a] [NO_SESSION] o.s.jdbc.datasource.DataSourceUtils - Resetting read-only flag of JDBC Connection [HikariProxyConnection@817631732 wrapping org.postgresql.jdbc.PgConnection@4863c8ac]
2026-09-01 23:06:11.695 [http-nio-8080-exec-4] INFO  [8bf4cf89-95cc-4e14-9207-771a553ec99a] [NO_SESSION] r.s.s.d.service.PhotoServiceImpl - Метаданные фото из БД c596cdfe-16bf-429a-a6e9-2982bee09d36 получены
2026-09-01 23:06:24.162 [http-nio-8080-exec-8] DEBUG [N/A] [N/A] o.s.security.web.FilterChainProxy - Securing GET /skinScan/photos/name/skin3.jpg
2026-09-01 23:06:24.164 [http-nio-8080-exec-8] DEBUG [N/A] [N/A] org.hibernate.SQL - 
    select
        u1_0.id,
        u1_0.created_at,
        u1_0.email,
        u1_0.login,
        u1_0.password,
        u1_0.phone,
        u1_0.updated_at 
    from
        users u1_0 
    where
        u1_0.login=?
2026-09-01 23:06:25.720 [scheduling-1] DEBUG [N/A] [N/A] r.s.s.s.PhotoRecoveryScheduler - Запуск проверки и обработки зависших фотографий
2026-09-01 23:06:25.723 [scheduling-1] DEBUG [N/A] [N/A] org.hibernate.SQL - 
    select
        p1_0.id,
        p1_0.created_at,
        p1_0.file_name,
        p1_0.file_size_bytes,
        p1_0.mime_type,
        p1_0.status,
        p1_0.storage_file_path,
        p1_0.updated_at,
        p1_0.user_id 
    from
        photo p1_0 
    where
        p1_0.status=? 
        and p1_0.created_at<cast(? as timestamp(6) with time zone)
2026-09-01 23:06:25.727 [scheduling-1] DEBUG [N/A] [N/A] r.s.s.s.PhotoRecoveryScheduler - Зависшие фотографии не найдены
2026-09-01 23:06:25.814 [http-nio-8080-exec-8] DEBUG [N/A] [N/A] org.hibernate.SQL - 
    select
        u1_0.id 
    from
        users u1_0 
    where
        u1_0.login=?
2026-09-01 23:06:25.816 [http-nio-8080-exec-8] INFO  [N/A] [N/A] r.s.s.s.s.CustomUserDetailsService - Поиск пользователя с логином: Andrey600
2026-09-01 23:06:25.819 [http-nio-8080-exec-8] DEBUG [N/A] [N/A] org.hibernate.SQL - 
    select
        u1_0.id,
        u1_0.created_at,
        u1_0.email,
        u1_0.login,
        u1_0.password,
        u1_0.phone,
        u1_0.updated_at 
    from
        users u1_0 
    where
        u1_0.login=?
2026-09-01 23:06:25.821 [http-nio-8080-exec-8] INFO  [N/A] [N/A] r.s.s.s.s.CustomUserDetailsService - Найден пользователь: Andrey600, пароль: $2a$12$82L1ISHBmtE5Mz8Sna4Kr.OxWw0qFyPc2rdTy8Pr6YSNBBPgoLaiK
2026-09-01 23:06:27.085 [http-nio-8080-exec-8] DEBUG [N/A] [N/A] o.s.s.a.d.DaoAuthenticationProvider - Authenticated user
2026-09-01 23:06:27.085 [http-nio-8080-exec-8] DEBUG [N/A] [N/A] o.s.s.w.a.w.BasicAuthenticationFilter - Set SecurityContextHolder to UsernamePasswordAuthenticationToken [Principal=org.springframework.security.core.userdetails.User [Username=Andrey600, Password=[PROTECTED], Enabled=true, AccountNonExpired=true, credentialsNonExpired=true, AccountNonLocked=true, Granted Authorities=[]], Credentials=[PROTECTED], Authenticated=true, Details=WebAuthenticationDetails [RemoteIpAddress=127.0.0.1, SessionId=null], Granted Authorities=[]]
2026-09-01 23:06:27.086 [http-nio-8080-exec-8] DEBUG [N/A] [N/A] o.s.security.web.FilterChainProxy - Secured GET /skinScan/photos/name/skin3.jpg
2026-09-01 23:06:27.091 [http-nio-8080-exec-8] DEBUG [5b9b6e8f-424a-4a38-8b75-73b390d82851] [NO_SESSION] org.hibernate.SQL - 
    select
        p1_0.id,
        p1_0.created_at,
        p1_0.file_name,
        p1_0.file_size_bytes,
        p1_0.mime_type,
        p1_0.status,
        p1_0.storage_file_path,
        p1_0.updated_at,
        p1_0.user_id 
    from
        photo p1_0 
    where
        p1_0.file_name=? 
        and p1_0.user_id=?
2026-09-01 23:06:27.095 [http-nio-8080-exec-8] INFO  [5b9b6e8f-424a-4a38-8b75-73b390d82851] [NO_SESSION] r.s.s.d.service.PhotoServiceImpl - Получено id c596cdfe-16bf-429a-a6e9-2982bee09d36 фото с именем skin3.jpg
2026-09-01 23:06:27.096 [http-nio-8080-exec-8] DEBUG [5b9b6e8f-424a-4a38-8b75-73b390d82851] [NO_SESSION] o.s.jdbc.datasource.DataSourceUtils - Setting JDBC Connection [HikariProxyConnection@317191347 wrapping org.postgresql.jdbc.PgConnection@4863c8ac] read-only
2026-09-01 23:06:27.097 [http-nio-8080-exec-8] DEBUG [5b9b6e8f-424a-4a38-8b75-73b390d82851] [NO_SESSION] o.s.jdbc.datasource.DataSourceUtils - Resetting read-only flag of JDBC Connection [HikariProxyConnection@317191347 wrapping org.postgresql.jdbc.PgConnection@4863c8ac]
2026-09-01 23:06:27.097 [http-nio-8080-exec-8] INFO  [5b9b6e8f-424a-4a38-8b75-73b390d82851] [NO_SESSION] r.s.s.d.service.PhotoServiceImpl - Метаданные фото из БД c596cdfe-16bf-429a-a6e9-2982bee09d36 получены
2026-09-01 23:06:27.097 [http-nio-8080-exec-8] WARN  [5b9b6e8f-424a-4a38-8b75-73b390d82851] [NO_SESSION] r.s.s.d.s.LocalFileStorageService - Подписанный URLs для локального хранилища не поддерживается, обычный URL для пути: 805dc/2026/09/147bd365-fe41-47eb-87d3-f44fb0022717.jpg
2026-09-01 23:06:27.097 [http-nio-8080-exec-8] INFO  [5b9b6e8f-424a-4a38-8b75-73b390d82851] [NO_SESSION] r.s.s.d.service.PhotoServiceImpl - Сгенерирован подписанный URL для фото c596cdfe-16bf-429a-a6e9-2982bee09d36: время действия 5 минут
2026-09-01 23:06:27.097 [http-nio-8080-exec-8] DEBUG [5b9b6e8f-424a-4a38-8b75-73b390d82851] [NO_SESSION] o.s.jdbc.datasource.DataSourceUtils - Setting JDBC Connection [HikariProxyConnection@317191347 wrapping org.postgresql.jdbc.PgConnection@4863c8ac] read-only
2026-09-01 23:06:27.098 [http-nio-8080-exec-8] DEBUG [5b9b6e8f-424a-4a38-8b75-73b390d82851] [NO_SESSION] o.s.jdbc.datasource.DataSourceUtils - Resetting read-only flag of JDBC Connection [HikariProxyConnection@317191347 wrapping org.postgresql.jdbc.PgConnection@4863c8ac]
2026-09-01 23:06:27.098 [http-nio-8080-exec-8] INFO  [5b9b6e8f-424a-4a38-8b75-73b390d82851] [NO_SESSION] r.s.s.d.service.PhotoServiceImpl - Метаданные фото из БД c596cdfe-16bf-429a-a6e9-2982bee09d36 получены
2026-09-01 23:06:44.084 [http-nio-8080-exec-9] DEBUG [N/A] [N/A] o.s.security.web.FilterChainProxy - Securing POST /skinScan/photos/upload
2026-09-01 23:06:44.086 [http-nio-8080-exec-9] DEBUG [N/A] [N/A] org.hibernate.SQL - 
    select
        u1_0.id,
        u1_0.created_at,
        u1_0.email,
        u1_0.login,
        u1_0.password,
        u1_0.phone,
        u1_0.updated_at 
    from
        users u1_0 
    where
        u1_0.login=?
2026-09-01 23:06:44.463 [http-nio-8080-exec-9] DEBUG [N/A] [N/A] org.hibernate.SQL - 
    select
        u1_0.id 
    from
        users u1_0 
    where
        u1_0.login=?
2026-09-01 23:06:44.464 [http-nio-8080-exec-9] INFO  [N/A] [N/A] r.s.s.s.s.CustomUserDetailsService - Поиск пользователя с логином: Andrey600
2026-09-01 23:06:44.466 [http-nio-8080-exec-9] DEBUG [N/A] [N/A] org.hibernate.SQL - 
    select
        u1_0.id,
        u1_0.created_at,
        u1_0.email,
        u1_0.login,
        u1_0.password,
        u1_0.phone,
        u1_0.updated_at 
    from
        users u1_0 
    where
        u1_0.login=?
2026-09-01 23:06:44.467 [http-nio-8080-exec-9] INFO  [N/A] [N/A] r.s.s.s.s.CustomUserDetailsService - Найден пользователь: Andrey600, пароль: $2a$12$82L1ISHBmtE5Mz8Sna4Kr.OxWw0qFyPc2rdTy8Pr6YSNBBPgoLaiK
2026-09-01 23:06:44.926 [http-nio-8080-exec-9] DEBUG [N/A] [N/A] o.s.s.a.d.DaoAuthenticationProvider - Authenticated user
2026-09-01 23:06:44.927 [http-nio-8080-exec-9] DEBUG [N/A] [N/A] o.s.s.w.a.w.BasicAuthenticationFilter - Set SecurityContextHolder to UsernamePasswordAuthenticationToken [Principal=org.springframework.security.core.userdetails.User [Username=Andrey600, Password=[PROTECTED], Enabled=true, AccountNonExpired=true, credentialsNonExpired=true, AccountNonLocked=true, Granted Authorities=[]], Credentials=[PROTECTED], Authenticated=true, Details=WebAuthenticationDetails [RemoteIpAddress=127.0.0.1, SessionId=null], Granted Authorities=[]]
2026-09-01 23:06:44.927 [http-nio-8080-exec-9] DEBUG [N/A] [N/A] o.s.security.web.FilterChainProxy - Secured POST /skinScan/photos/upload
2026-09-01 23:06:44.943 [http-nio-8080-exec-9] DEBUG [51b9aaf0-15a4-4938-a8ce-053905935ea1] [NO_SESSION] org.hibernate.SQL - 
    select
        p1_0.id,
        p1_0.created_at,
        p1_0.file_name,
        p1_0.file_size_bytes,
        p1_0.mime_type,
        p1_0.status,
        p1_0.storage_file_path,
        p1_0.updated_at,
        p1_0.user_id 
    from
        photo p1_0 
    where
        p1_0.file_name=? 
        and p1_0.user_id=?
2026-09-01 23:06:44.944 [http-nio-8080-exec-9] INFO  [51b9aaf0-15a4-4938-a8ce-053905935ea1] [NO_SESSION] r.s.s.d.service.PhotoServiceImpl - Получено id c596cdfe-16bf-429a-a6e9-2982bee09d36 фото с именем skin3.jpg
2026-09-01 23:06:58.266 [SpringApplicationShutdownHook] INFO  [N/A] [N/A] o.s.o.j.LocalContainerEntityManagerFactoryBean - Closing JPA EntityManagerFactory for persistence unit 'default'
2026-09-01 23:06:58.268 [SpringApplicationShutdownHook] INFO  [N/A] [N/A] com.zaxxer.hikari.HikariDataSource - HikariPool-1 - Shutdown initiated...
2026-09-01 23:06:58.271 [SpringApplicationShutdownHook] INFO  [N/A] [N/A] com.zaxxer.hikari.HikariDataSource - HikariPool-1 - Shutdown completed.
2026-09-01 23:09:24.636 [background-preinit] INFO  [N/A] [N/A] o.h.validator.internal.util.Version - HV000001: Hibernate Validator 8.0.1.Final
2026-09-01 23:09:24.667 [main] INFO  [N/A] [N/A] ru.startup.skinscan.Main - Starting Main using Java 21.0.10 with PID 8948 (C:\Users\ferdi\IdeaProjects\SkinScan\build\classes\java\main started by ferdi in C:\Users\ferdi\IdeaProjects\SkinScan)
2026-09-01 23:09:24.668 [main] INFO  [N/A] [N/A] ru.startup.skinscan.Main - The following 1 profile is active: "minio"
2026-09-01 23:09:25.773 [main] INFO  [N/A] [N/A] o.s.d.r.c.RepositoryConfigurationDelegate - Bootstrapping Spring Data JPA repositories in DEFAULT mode.
2026-09-01 23:09:25.878 [main] INFO  [N/A] [N/A] o.s.d.r.c.RepositoryConfigurationDelegate - Finished Spring Data repository scanning in 83 ms. Found 3 JPA repository interfaces.
2026-09-01 23:09:27.461 [main] INFO  [N/A] [N/A] o.s.b.w.e.tomcat.TomcatWebServer - Tomcat initialized with port(s): 8080 (http)
2026-09-01 23:09:27.512 [main] INFO  [N/A] [N/A] o.a.coyote.http11.Http11NioProtocol - Initializing ProtocolHandler ["http-nio-8080"]
2026-09-01 23:09:27.525 [main] INFO  [N/A] [N/A] o.a.catalina.core.StandardService - Starting service [Tomcat]
2026-09-01 23:09:27.528 [main] INFO  [N/A] [N/A] o.a.catalina.core.StandardEngine - Starting Servlet engine: [Apache Tomcat/10.1.24]
2026-09-01 23:09:28.206 [main] INFO  [N/A] [N/A] o.a.c.c.C.[Tomcat].[localhost].[/] - Initializing Spring embedded WebApplicationContext
2026-09-01 23:09:28.209 [main] INFO  [N/A] [N/A] o.s.b.w.s.c.ServletWebServerApplicationContext - Root WebApplicationContext: initialization completed in 3493 ms
2026-09-01 23:09:28.329 [main] INFO  [N/A] [N/A] r.s.s.s.r.RateLimiterInMemory - RateLimiter инициализирован с интервалом очистки: 300с
2026-09-01 23:09:29.272 [main] DEBUG [N/A] [N/A] o.f.c.i.s.classpath.ClassPathScanner - Scanning for classpath resources at 'classpath:db/callback' ...
2026-09-01 23:09:29.272 [main] DEBUG [N/A] [N/A] o.f.c.i.s.classpath.ClassPathScanner - Determining location urls for classpath:db/callback using ClassLoader TomcatEmbeddedWebappClassLoader
  context: ROOT
  delegate: true
----------> Parent Classloader:
jdk.internal.loader.ClassLoaders$AppClassLoader@3fee733d
 ...
2026-09-01 23:09:29.272 [main] DEBUG [N/A] [N/A] o.f.c.i.s.classpath.ClassPathScanner - Unable to resolve location classpath:db/callback.
2026-09-01 23:09:29.273 [main] DEBUG [N/A] [N/A] o.f.c.i.s.classpath.ClassPathScanner - Scanning for classpath resources at 'classpath:db/migration' ...
2026-09-01 23:09:29.273 [main] DEBUG [N/A] [N/A] o.f.c.i.s.classpath.ClassPathScanner - Determining location urls for classpath:db/migration using ClassLoader TomcatEmbeddedWebappClassLoader
  context: ROOT
  delegate: true
----------> Parent Classloader:
jdk.internal.loader.ClassLoaders$AppClassLoader@3fee733d
 ...
2026-09-01 23:09:29.274 [main] DEBUG [N/A] [N/A] o.f.c.i.s.classpath.ClassPathScanner - Scanning URL: file:/C:/Users/ferdi/IdeaProjects/SkinScan/build/resources/main/db/migration
2026-09-01 23:09:29.284 [main] DEBUG [N/A] [N/A] o.f.c.i.s.c.FileSystemClassPathLocationScanner - Scanning starting at classpath root in filesystem: C:\Users\ferdi\IdeaProjects\SkinScan\build\resources\main\
2026-09-01 23:09:29.289 [main] DEBUG [N/A] [N/A] o.f.c.i.s.c.FileSystemClassPathLocationScanner - Scanning for resources in path: C:\Users\ferdi\IdeaProjects\SkinScan\build\resources\main\db\migration (db/migration)
2026-09-01 23:09:29.300 [main] DEBUG [N/A] [N/A] o.f.c.i.s.classpath.ClassPathScanner - Found resource: db/migration/V1__create_users_table.sql
2026-09-01 23:09:29.302 [main] DEBUG [N/A] [N/A] o.f.c.i.s.classpath.ClassPathScanner - Found resource: db/migration/V2__create_photo_table.sql
2026-09-01 23:09:29.305 [main] DEBUG [N/A] [N/A] o.f.c.i.s.classpath.ClassPathScanner - Found resource: db/migration/V3__create_analysis_table.sql
2026-09-01 23:09:29.306 [main] DEBUG [N/A] [N/A] o.f.c.i.s.classpath.ClassPathScanner - Found resource: db/migration/V4__add_index.sql
2026-09-01 23:09:29.307 [main] DEBUG [N/A] [N/A] o.f.c.i.s.classpath.ClassPathScanner - Scanning for classes at classpath:db/migration
2026-09-01 23:09:29.325 [main] DEBUG [N/A] [N/A] o.f.c.i.r.ResourceNameValidator - Validating V2__create_photo_table.sql
2026-09-01 23:09:29.336 [main] INFO  [N/A] [N/A] com.zaxxer.hikari.HikariDataSource - HikariPool-1 - Starting...
2026-09-01 23:09:29.653 [main] INFO  [N/A] [N/A] com.zaxxer.hikari.pool.HikariPool - HikariPool-1 - Added connection org.postgresql.jdbc.PgConnection@56fda064
2026-09-01 23:09:29.654 [main] INFO  [N/A] [N/A] com.zaxxer.hikari.HikariDataSource - HikariPool-1 - Start completed.
2026-09-01 23:09:29.705 [main] DEBUG [N/A] [N/A] o.f.c.i.r.ResourceNameValidator - Validating V1__create_users_table.sql
2026-09-01 23:09:29.707 [main] DEBUG [N/A] [N/A] o.f.c.i.r.ResourceNameValidator - Validating V4__add_index.sql
2026-09-01 23:09:29.707 [main] DEBUG [N/A] [N/A] o.f.c.i.r.ResourceNameValidator - Validating V3__create_analysis_table.sql
2026-09-01 23:09:29.719 [main] DEBUG [N/A] [N/A] o.f.c.i.d.DatabaseTypeRegister - Multiple databases found that handle url 'jdbc:postgresql://localhost:5432/skinScan': CockroachDB,PostgreSQL
2026-09-01 23:09:29.719 [main] INFO  [N/A] [N/A] org.flywaydb.core.FlywayExecutor - Database: jdbc:postgresql://localhost:5432/skinScan (PostgreSQL 18.1)
2026-09-01 23:09:29.719 [main] DEBUG [N/A] [N/A] org.flywaydb.core.FlywayExecutor - Database Type: PostgreSQL
2026-09-01 23:09:29.719 [main] DEBUG [N/A] [N/A] org.flywaydb.core.FlywayExecutor - Driver: PostgreSQL JDBC Driver 42.7.11
2026-09-01 23:09:29.719 [main] DEBUG [N/A] [N/A] org.flywaydb.core.FlywayExecutor - DDL Transactions Supported: true
2026-09-01 23:09:29.721 [main] DEBUG [N/A] [N/A] o.f.c.i.s.SchemaHistoryFactory - Schemas: 
2026-09-01 23:09:29.721 [main] DEBUG [N/A] [N/A] o.f.c.i.s.SchemaHistoryFactory - Default schema: null
2026-09-01 23:09:29.729 [main] WARN  [N/A] [N/A] o.f.c.i.database.base.Database - Flyway upgrade recommended: PostgreSQL 18.1 is newer than this version of Flyway and support has not been tested. The latest supported version of PostgreSQL is 16.
2026-09-01 23:09:29.731 [main] DEBUG [N/A] [N/A] o.f.c.i.c.SqlScriptCallbackFactory - Scanning for SQL callbacks ...
2026-09-01 23:09:29.741 [main] DEBUG [N/A] [N/A] o.f.core.internal.command.DbValidate - Validating migrations ...
2026-09-01 23:09:29.743 [main] DEBUG [N/A] [N/A] o.f.c.a.c.ClassicConfiguration - CherryPickConfigurationExtension not found
2026-09-01 23:09:29.751 [main] DEBUG [N/A] [N/A] o.f.core.internal.scanner.Scanner - Filtering out resource: db/migration/V2__create_photo_table.sql (filename: V2__create_photo_table.sql)
2026-09-01 23:09:29.751 [main] DEBUG [N/A] [N/A] o.f.core.internal.scanner.Scanner - Filtering out resource: db/migration/V1__create_users_table.sql (filename: V1__create_users_table.sql)
2026-09-01 23:09:29.751 [main] DEBUG [N/A] [N/A] o.f.core.internal.scanner.Scanner - Filtering out resource: db/migration/V4__add_index.sql (filename: V4__add_index.sql)
2026-09-01 23:09:29.751 [main] DEBUG [N/A] [N/A] o.f.core.internal.scanner.Scanner - Filtering out resource: db/migration/V3__create_analysis_table.sql (filename: V3__create_analysis_table.sql)
2026-09-01 23:09:29.751 [main] DEBUG [N/A] [N/A] o.f.core.internal.scanner.Scanner - Filtering out resource: db/migration/V2__create_photo_table.sql (filename: V2__create_photo_table.sql)
2026-09-01 23:09:29.751 [main] DEBUG [N/A] [N/A] o.f.core.internal.scanner.Scanner - Filtering out resource: db/migration/V1__create_users_table.sql (filename: V1__create_users_table.sql)
2026-09-01 23:09:29.752 [main] DEBUG [N/A] [N/A] o.f.core.internal.scanner.Scanner - Filtering out resource: db/migration/V4__add_index.sql (filename: V4__add_index.sql)
2026-09-01 23:09:29.752 [main] DEBUG [N/A] [N/A] o.f.core.internal.scanner.Scanner - Filtering out resource: db/migration/V3__create_analysis_table.sql (filename: V3__create_analysis_table.sql)
2026-09-01 23:09:29.777 [main] INFO  [N/A] [N/A] o.f.core.internal.command.DbValidate - Successfully validated 4 migrations (execution time 00:00.035s)
2026-09-01 23:09:29.780 [main] DEBUG [N/A] [N/A] o.f.core.internal.command.DbSchemas - Skipping creation of existing schema: "public"
2026-09-01 23:09:29.831 [main] DEBUG [N/A] [N/A] o.f.c.a.c.ClassicConfiguration - CherryPickConfigurationExtension not found
2026-09-01 23:09:29.833 [main] INFO  [N/A] [N/A] o.f.core.internal.command.DbMigrate - Current version of schema "public": 4
2026-09-01 23:09:29.835 [main] INFO  [N/A] [N/A] o.f.core.internal.command.DbMigrate - Schema "public" is up to date. No migration necessary.
2026-09-01 23:09:29.838 [main] DEBUG [N/A] [N/A] org.flywaydb.core.FlywayExecutor - Memory usage: 46 of 82M
2026-09-01 23:09:29.901 [main] DEBUG [N/A] [N/A] o.s.jdbc.datasource.DataSourceUtils - Fetching JDBC Connection from DataSource
2026-09-01 23:09:29.987 [main] INFO  [N/A] [N/A] o.h.jpa.internal.util.LogHelper - HHH000204: Processing PersistenceUnitInfo [name: default]
2026-09-01 23:09:30.130 [main] INFO  [N/A] [N/A] org.hibernate.Version - HHH000412: Hibernate ORM core version 6.2.25.Final
2026-09-01 23:09:30.142 [main] INFO  [N/A] [N/A] org.hibernate.cfg.Environment - HHH000406: Using bytecode reflection optimizer
2026-09-01 23:09:31.500 [main] INFO  [N/A] [N/A] o.s.o.j.p.SpringPersistenceUnitInfo - No LoadTimeWeaver setup: ignoring JPA class transformer
2026-09-01 23:09:35.473 [main] INFO  [N/A] [N/A] o.h.e.t.j.p.i.JtaPlatformInitiator - HHH000489: No JTA platform available (set 'hibernate.transaction.jta.platform' to enable JTA platform integration)
2026-09-01 23:09:35.477 [main] INFO  [N/A] [N/A] o.s.o.j.LocalContainerEntityManagerFactoryBean - Initialized JPA EntityManagerFactory for persistence unit 'default'
2026-09-01 23:09:36.227 [main] INFO  [N/A] [N/A] o.s.d.j.r.query.QueryEnhancerFactory - Hibernate is in classpath; If applicable, HQL parser will be used.
2026-09-01 23:09:38.287 [main] INFO  [N/A] [N/A] r.s.s.d.s.MinioFileStorageService - Инициализация MinIO хранилища фотографий с: http://localhost:9000, bucket: myapp-photos
2026-09-01 23:09:39.246 [main] INFO  [N/A] [N/A] r.s.s.d.s.MinioFileStorageService - Тестирование соединения с MinIO: http://localhost:9000
2026-09-01 23:09:39.464 [main] ERROR [N/A] [N/A] r.s.s.d.s.MinioFileStorageService - Ошибка соединения с MinIO: java.net.ConnectException: Connection refused: getsockopt
2026-09-01 23:09:39.466 [main] WARN  [N/A] [N/A] o.s.b.w.s.c.AnnotationConfigServletWebServerApplicationContext - Exception encountered during context initialization - cancelling refresh attempt: org.springframework.beans.factory.UnsatisfiedDependencyException: Error creating bean with name 'asyncPhotoProcessingExecutor' defined in file [C:\Users\ferdi\IdeaProjects\SkinScan\build\classes\java\main\ru\startup\skinscan\domain\service\AsyncPhotoProcessingExecutor.class]: Unsatisfied dependency expressed through constructor parameter 2: Error creating bean with name 'minioFileStorageService': Invocation of init method failed
2026-09-01 23:09:39.467 [main] INFO  [N/A] [N/A] o.s.o.j.LocalContainerEntityManagerFactoryBean - Closing JPA EntityManagerFactory for persistence unit 'default'
2026-09-01 23:09:39.470 [main] INFO  [N/A] [N/A] com.zaxxer.hikari.HikariDataSource - HikariPool-1 - Shutdown initiated...
2026-09-01 23:09:39.475 [main] INFO  [N/A] [N/A] com.zaxxer.hikari.HikariDataSource - HikariPool-1 - Shutdown completed.
2026-09-01 23:09:39.478 [main] INFO  [N/A] [N/A] o.a.catalina.core.StandardService - Stopping service [Tomcat]
2026-09-01 23:09:39.503 [main] INFO  [N/A] [N/A] o.s.b.a.l.ConditionEvaluationReportLogger - 

Error starting ApplicationContext. To display the condition evaluation report re-run your application with 'debug' enabled.
2026-09-01 23:09:39.611 [main] ERROR [N/A] [N/A] o.s.boot.SpringApplication - Application run failed
org.springframework.beans.factory.UnsatisfiedDependencyException: Error creating bean with name 'asyncPhotoProcessingExecutor' defined in file [C:\Users\ferdi\IdeaProjects\SkinScan\build\classes\java\main\ru\startup\skinscan\domain\service\AsyncPhotoProcessingExecutor.class]: Unsatisfied dependency expressed through constructor parameter 2: Error creating bean with name 'minioFileStorageService': Invocation of init method failed
	at org.springframework.beans.factory.support.ConstructorResolver.createArgumentArray(ConstructorResolver.java:794)
	at org.springframework.beans.factory.support.ConstructorResolver.autowireConstructor(ConstructorResolver.java:236)
	at org.springframework.beans.factory.support.AbstractAutowireCapableBeanFactory.autowireConstructor(AbstractAutowireCapableBeanFactory.java:1350)
	at org.springframework.beans.factory.support.AbstractAutowireCapableBeanFactory.createBeanInstance(AbstractAutowireCapableBeanFactory.java:1187)
	at org.springframework.beans.factory.support.AbstractAutowireCapableBeanFactory.doCreateBean(AbstractAutowireCapableBeanFactory.java:558)
	at org.springframework.beans.factory.support.AbstractAutowireCapableBeanFactory.createBean(AbstractAutowireCapableBeanFactory.java:518)
	at org.springframework.beans.factory.support.AbstractBeanFactory.lambda$doGetBean$0(AbstractBeanFactory.java:326)
	at org.springframework.beans.factory.support.DefaultSingletonBeanRegistry.getSingleton(DefaultSingletonBeanRegistry.java:234)
	at org.springframework.beans.factory.support.AbstractBeanFactory.doGetBean(AbstractBeanFactory.java:324)
	at org.springframework.beans.factory.support.AbstractBeanFactory.getBean(AbstractBeanFactory.java:200)
	at org.springframework.beans.factory.support.DefaultListableBeanFactory.preInstantiateSingletons(DefaultListableBeanFactory.java:973)
	at org.springframework.context.support.AbstractApplicationContext.finishBeanFactoryInitialization(AbstractApplicationContext.java:952)
	at org.springframework.context.support.AbstractApplicationContext.refresh(AbstractApplicationContext.java:615)
	at org.springframework.boot.web.servlet.context.ServletWebServerApplicationContext.refresh(ServletWebServerApplicationContext.java:146)
	at org.springframework.boot.SpringApplication.refresh(SpringApplication.java:739)
	at org.springframework.boot.SpringApplication.refreshContext(SpringApplication.java:441)
	at org.springframework.boot.SpringApplication.run(SpringApplication.java:325)
	at org.springframework.boot.SpringApplication.run(SpringApplication.java:1327)
	at org.springframework.boot.SpringApplication.run(SpringApplication.java:1316)
	at ru.startup.skinscan.Main.main(Main.java:11)
Caused by: org.springframework.beans.factory.BeanCreationException: Error creating bean with name 'minioFileStorageService': Invocation of init method failed
	at org.springframework.beans.factory.annotation.InitDestroyAnnotationBeanPostProcessor.postProcessBeforeInitialization(InitDestroyAnnotationBeanPostProcessor.java:222)
	at org.springframework.beans.factory.support.AbstractAutowireCapableBeanFactory.applyBeanPostProcessorsBeforeInitialization(AbstractAutowireCapableBeanFactory.java:419)
	at org.springframework.beans.factory.support.AbstractAutowireCapableBeanFactory.initializeBean(AbstractAutowireCapableBeanFactory.java:1760)
	at org.springframework.beans.factory.support.AbstractAutowireCapableBeanFactory.doCreateBean(AbstractAutowireCapableBeanFactory.java:596)
	at org.springframework.beans.factory.support.AbstractAutowireCapableBeanFactory.createBean(AbstractAutowireCapableBeanFactory.java:518)
	at org.springframework.beans.factory.support.AbstractBeanFactory.lambda$doGetBean$0(AbstractBeanFactory.java:326)
	at org.springframework.beans.factory.support.DefaultSingletonBeanRegistry.getSingleton(DefaultSingletonBeanRegistry.java:234)
	at org.springframework.beans.factory.support.AbstractBeanFactory.doGetBean(AbstractBeanFactory.java:324)
	at org.springframework.beans.factory.support.AbstractBeanFactory.getBean(AbstractBeanFactory.java:200)
	at org.springframework.beans.factory.config.DependencyDescriptor.resolveCandidate(DependencyDescriptor.java:254)
	at org.springframework.beans.factory.support.DefaultListableBeanFactory.doResolveDependency(DefaultListableBeanFactory.java:1417)
	at org.springframework.beans.factory.support.DefaultListableBeanFactory.resolveDependency(DefaultListableBeanFactory.java:1337)
	at org.springframework.beans.factory.support.ConstructorResolver.resolveAutowiredArgument(ConstructorResolver.java:903)
	at org.springframework.beans.factory.support.ConstructorResolver.createArgumentArray(ConstructorResolver.java:781)
	... 19 common frames omitted
Caused by: ru.startup.skinscan.exception.StorageException: null
	at ru.startup.skinscan.domain.service.MinioFileStorageService.init(MinioFileStorageService.java:73)
	at java.base/jdk.internal.reflect.DirectMethodHandleAccessor.invoke(DirectMethodHandleAccessor.java:103)
	at java.base/java.lang.reflect.Method.invoke(Method.java:580)
	at org.springframework.beans.factory.annotation.InitDestroyAnnotationBeanPostProcessor$LifecycleMethod.invoke(InitDestroyAnnotationBeanPostProcessor.java:457)
	at org.springframework.beans.factory.annotation.InitDestroyAnnotationBeanPostProcessor$LifecycleMetadata.invokeInitMethods(InitDestroyAnnotationBeanPostProcessor.java:401)
	at org.springframework.beans.factory.annotation.InitDestroyAnnotationBeanPostProcessor.postProcessBeforeInitialization(InitDestroyAnnotationBeanPostProcessor.java:219)
	... 32 common frames omitted
2026-09-01 23:15:52.244 [background-preinit] INFO  [N/A] [N/A] o.h.validator.internal.util.Version - HV000001: Hibernate Validator 8.0.1.Final
2026-09-01 23:15:52.292 [main] INFO  [N/A] [N/A] ru.startup.skinscan.Main - Starting Main using Java 21.0.10 with PID 18004 (C:\Users\ferdi\IdeaProjects\SkinScan\build\classes\java\main started by ferdi in C:\Users\ferdi\IdeaProjects\SkinScan)
2026-09-01 23:15:52.293 [main] INFO  [N/A] [N/A] ru.startup.skinscan.Main - The following 1 profile is active: "minio"
2026-09-01 23:15:53.323 [main] INFO  [N/A] [N/A] o.s.d.r.c.RepositoryConfigurationDelegate - Bootstrapping Spring Data JPA repositories in DEFAULT mode.
2026-09-01 23:15:53.413 [main] INFO  [N/A] [N/A] o.s.d.r.c.RepositoryConfigurationDelegate - Finished Spring Data repository scanning in 81 ms. Found 3 JPA repository interfaces.
2026-09-01 23:15:54.786 [main] INFO  [N/A] [N/A] o.s.b.w.e.tomcat.TomcatWebServer - Tomcat initialized with port(s): 8080 (http)
2026-09-01 23:15:54.819 [main] INFO  [N/A] [N/A] o.a.coyote.http11.Http11NioProtocol - Initializing ProtocolHandler ["http-nio-8080"]
2026-09-01 23:15:54.827 [main] INFO  [N/A] [N/A] o.a.catalina.core.StandardService - Starting service [Tomcat]
2026-09-01 23:15:54.828 [main] INFO  [N/A] [N/A] o.a.catalina.core.StandardEngine - Starting Servlet engine: [Apache Tomcat/10.1.24]
2026-09-01 23:15:55.324 [main] INFO  [N/A] [N/A] o.a.c.c.C.[Tomcat].[localhost].[/] - Initializing Spring embedded WebApplicationContext
2026-09-01 23:15:55.326 [main] INFO  [N/A] [N/A] o.s.b.w.s.c.ServletWebServerApplicationContext - Root WebApplicationContext: initialization completed in 2981 ms
2026-09-01 23:15:55.413 [main] INFO  [N/A] [N/A] r.s.s.s.r.RateLimiterInMemory - RateLimiter инициализирован с интервалом очистки: 300с
2026-09-01 23:15:56.210 [main] DEBUG [N/A] [N/A] o.f.c.i.s.classpath.ClassPathScanner - Scanning for classpath resources at 'classpath:db/callback' ...
2026-09-01 23:15:56.213 [main] DEBUG [N/A] [N/A] o.f.c.i.s.classpath.ClassPathScanner - Determining location urls for classpath:db/callback using ClassLoader TomcatEmbeddedWebappClassLoader
  context: ROOT
  delegate: true
----------> Parent Classloader:
jdk.internal.loader.ClassLoaders$AppClassLoader@3fee733d
 ...
2026-09-01 23:15:56.217 [main] DEBUG [N/A] [N/A] o.f.c.i.s.classpath.ClassPathScanner - Unable to resolve location classpath:db/callback.
2026-09-01 23:15:56.220 [main] DEBUG [N/A] [N/A] o.f.c.i.s.classpath.ClassPathScanner - Scanning for classpath resources at 'classpath:db/migration' ...
2026-09-01 23:15:56.221 [main] DEBUG [N/A] [N/A] o.f.c.i.s.classpath.ClassPathScanner - Determining location urls for classpath:db/migration using ClassLoader TomcatEmbeddedWebappClassLoader
  context: ROOT
  delegate: true
----------> Parent Classloader:
jdk.internal.loader.ClassLoaders$AppClassLoader@3fee733d
 ...
2026-09-01 23:15:56.225 [main] DEBUG [N/A] [N/A] o.f.c.i.s.classpath.ClassPathScanner - Scanning URL: file:/C:/Users/ferdi/IdeaProjects/SkinScan/build/resources/main/db/migration
2026-09-01 23:15:56.235 [main] DEBUG [N/A] [N/A] o.f.c.i.s.c.FileSystemClassPathLocationScanner - Scanning starting at classpath root in filesystem: C:\Users\ferdi\IdeaProjects\SkinScan\build\resources\main\
2026-09-01 23:15:56.236 [main] DEBUG [N/A] [N/A] o.f.c.i.s.c.FileSystemClassPathLocationScanner - Scanning for resources in path: C:\Users\ferdi\IdeaProjects\SkinScan\build\resources\main\db\migration (db/migration)
2026-09-01 23:15:56.239 [main] DEBUG [N/A] [N/A] o.f.c.i.s.classpath.ClassPathScanner - Found resource: db/migration/V1__create_users_table.sql
2026-09-01 23:15:56.241 [main] DEBUG [N/A] [N/A] o.f.c.i.s.classpath.ClassPathScanner - Found resource: db/migration/V2__create_photo_table.sql
2026-09-01 23:15:56.241 [main] DEBUG [N/A] [N/A] o.f.c.i.s.classpath.ClassPathScanner - Found resource: db/migration/V3__create_analysis_table.sql
2026-09-01 23:15:56.241 [main] DEBUG [N/A] [N/A] o.f.c.i.s.classpath.ClassPathScanner - Found resource: db/migration/V4__add_index.sql
2026-09-01 23:15:56.241 [main] DEBUG [N/A] [N/A] o.f.c.i.s.classpath.ClassPathScanner - Scanning for classes at classpath:db/migration
2026-09-01 23:15:56.266 [main] DEBUG [N/A] [N/A] o.f.c.i.r.ResourceNameValidator - Validating V2__create_photo_table.sql
2026-09-01 23:15:56.288 [main] INFO  [N/A] [N/A] com.zaxxer.hikari.HikariDataSource - HikariPool-1 - Starting...
2026-09-01 23:15:56.785 [main] INFO  [N/A] [N/A] com.zaxxer.hikari.pool.HikariPool - HikariPool-1 - Added connection org.postgresql.jdbc.PgConnection@54495935
2026-09-01 23:15:56.787 [main] INFO  [N/A] [N/A] com.zaxxer.hikari.HikariDataSource - HikariPool-1 - Start completed.
2026-09-01 23:15:56.816 [main] DEBUG [N/A] [N/A] o.f.c.i.r.ResourceNameValidator - Validating V1__create_users_table.sql
2026-09-01 23:15:56.817 [main] DEBUG [N/A] [N/A] o.f.c.i.r.ResourceNameValidator - Validating V4__add_index.sql
2026-09-01 23:15:56.818 [main] DEBUG [N/A] [N/A] o.f.c.i.r.ResourceNameValidator - Validating V3__create_analysis_table.sql
2026-09-01 23:15:56.825 [main] DEBUG [N/A] [N/A] o.f.c.i.d.DatabaseTypeRegister - Multiple databases found that handle url 'jdbc:postgresql://localhost:5432/skinScan': CockroachDB,PostgreSQL
2026-09-01 23:15:56.826 [main] INFO  [N/A] [N/A] org.flywaydb.core.FlywayExecutor - Database: jdbc:postgresql://localhost:5432/skinScan (PostgreSQL 18.1)
2026-09-01 23:15:56.826 [main] DEBUG [N/A] [N/A] org.flywaydb.core.FlywayExecutor - Database Type: PostgreSQL
2026-09-01 23:15:56.826 [main] DEBUG [N/A] [N/A] org.flywaydb.core.FlywayExecutor - Driver: PostgreSQL JDBC Driver 42.7.11
2026-09-01 23:15:56.826 [main] DEBUG [N/A] [N/A] org.flywaydb.core.FlywayExecutor - DDL Transactions Supported: true
2026-09-01 23:15:56.829 [main] DEBUG [N/A] [N/A] o.f.c.i.s.SchemaHistoryFactory - Schemas: 
2026-09-01 23:15:56.829 [main] DEBUG [N/A] [N/A] o.f.c.i.s.SchemaHistoryFactory - Default schema: null
2026-09-01 23:15:56.836 [main] WARN  [N/A] [N/A] o.f.c.i.database.base.Database - Flyway upgrade recommended: PostgreSQL 18.1 is newer than this version of Flyway and support has not been tested. The latest supported version of PostgreSQL is 16.
2026-09-01 23:15:56.841 [main] DEBUG [N/A] [N/A] o.f.c.i.c.SqlScriptCallbackFactory - Scanning for SQL callbacks ...
2026-09-01 23:15:56.863 [main] DEBUG [N/A] [N/A] o.f.core.internal.command.DbValidate - Validating migrations ...
2026-09-01 23:15:56.868 [main] DEBUG [N/A] [N/A] o.f.c.a.c.ClassicConfiguration - CherryPickConfigurationExtension not found
2026-09-01 23:15:56.888 [main] DEBUG [N/A] [N/A] o.f.core.internal.scanner.Scanner - Filtering out resource: db/migration/V2__create_photo_table.sql (filename: V2__create_photo_table.sql)
2026-09-01 23:15:56.888 [main] DEBUG [N/A] [N/A] o.f.core.internal.scanner.Scanner - Filtering out resource: db/migration/V1__create_users_table.sql (filename: V1__create_users_table.sql)
2026-09-01 23:15:56.888 [main] DEBUG [N/A] [N/A] o.f.core.internal.scanner.Scanner - Filtering out resource: db/migration/V4__add_index.sql (filename: V4__add_index.sql)
2026-09-01 23:15:56.888 [main] DEBUG [N/A] [N/A] o.f.core.internal.scanner.Scanner - Filtering out resource: db/migration/V3__create_analysis_table.sql (filename: V3__create_analysis_table.sql)
2026-09-01 23:15:56.890 [main] DEBUG [N/A] [N/A] o.f.core.internal.scanner.Scanner - Filtering out resource: db/migration/V2__create_photo_table.sql (filename: V2__create_photo_table.sql)
2026-09-01 23:15:56.891 [main] DEBUG [N/A] [N/A] o.f.core.internal.scanner.Scanner - Filtering out resource: db/migration/V1__create_users_table.sql (filename: V1__create_users_table.sql)
2026-09-01 23:15:56.891 [main] DEBUG [N/A] [N/A] o.f.core.internal.scanner.Scanner - Filtering out resource: db/migration/V4__add_index.sql (filename: V4__add_index.sql)
2026-09-01 23:15:56.891 [main] DEBUG [N/A] [N/A] o.f.core.internal.scanner.Scanner - Filtering out resource: db/migration/V3__create_analysis_table.sql (filename: V3__create_analysis_table.sql)
2026-09-01 23:15:56.932 [main] INFO  [N/A] [N/A] o.f.core.internal.command.DbValidate - Successfully validated 4 migrations (execution time 00:00.067s)
2026-09-01 23:15:56.935 [main] DEBUG [N/A] [N/A] o.f.core.internal.command.DbSchemas - Skipping creation of existing schema: "public"
2026-09-01 23:15:57.096 [main] DEBUG [N/A] [N/A] o.f.c.a.c.ClassicConfiguration - CherryPickConfigurationExtension not found
2026-09-01 23:15:57.099 [main] INFO  [N/A] [N/A] o.f.core.internal.command.DbMigrate - Current version of schema "public": 4
2026-09-01 23:15:57.107 [main] INFO  [N/A] [N/A] o.f.core.internal.command.DbMigrate - Schema "public" is up to date. No migration necessary.
2026-09-01 23:15:57.115 [main] DEBUG [N/A] [N/A] org.flywaydb.core.FlywayExecutor - Memory usage: 42 of 88M
2026-09-01 23:15:57.304 [main] DEBUG [N/A] [N/A] o.s.jdbc.datasource.DataSourceUtils - Fetching JDBC Connection from DataSource
2026-09-01 23:15:57.468 [main] INFO  [N/A] [N/A] o.h.jpa.internal.util.LogHelper - HHH000204: Processing PersistenceUnitInfo [name: default]
2026-09-01 23:15:57.689 [main] INFO  [N/A] [N/A] org.hibernate.Version - HHH000412: Hibernate ORM core version 6.2.25.Final
2026-09-01 23:15:57.696 [main] INFO  [N/A] [N/A] org.hibernate.cfg.Environment - HHH000406: Using bytecode reflection optimizer
2026-09-01 23:15:59.870 [main] INFO  [N/A] [N/A] o.s.o.j.p.SpringPersistenceUnitInfo - No LoadTimeWeaver setup: ignoring JPA class transformer
2026-09-01 23:16:04.729 [main] INFO  [N/A] [N/A] o.h.e.t.j.p.i.JtaPlatformInitiator - HHH000489: No JTA platform available (set 'hibernate.transaction.jta.platform' to enable JTA platform integration)
2026-09-01 23:16:04.738 [main] INFO  [N/A] [N/A] o.s.o.j.LocalContainerEntityManagerFactoryBean - Initialized JPA EntityManagerFactory for persistence unit 'default'
2026-09-01 23:16:06.014 [main] INFO  [N/A] [N/A] o.s.d.j.r.query.QueryEnhancerFactory - Hibernate is in classpath; If applicable, HQL parser will be used.
2026-09-01 23:16:09.261 [main] INFO  [N/A] [N/A] r.s.s.d.s.MinioFileStorageService - Инициализация MinIO хранилища фотографий с: http://localhost:9000, bucket: myapp-photos
2026-09-01 23:16:10.487 [main] INFO  [N/A] [N/A] r.s.s.d.s.MinioFileStorageService - Тестирование соединения с MinIO: http://localhost:9000
2026-09-01 23:16:10.822 [main] INFO  [N/A] [N/A] r.s.s.d.s.MinioFileStorageService - Тест MinIO прошел успешно
2026-09-01 23:16:10.835 [main] INFO  [N/A] [N/A] r.s.s.d.s.MinioFileStorageService - Создаем бакет: myapp-photos
2026-09-01 23:16:11.244 [main] INFO  [N/A] [N/A] r.s.s.d.s.MinioFileStorageService - Бакет создан: myapp-photos
2026-09-01 23:16:11.515 [main] INFO  [N/A] [N/A] r.s.s.d.s.MinioFileStorageService - Политика бакета: public-read
2026-09-01 23:16:11.515 [main] INFO  [N/A] [N/A] r.s.s.d.s.MinioFileStorageService - Инициализация MinIO хранилища фотографий успешно завершена
2026-09-01 23:16:11.884 [main] INFO  [N/A] [N/A] r.s.skinscan.config.AsyncConfig - Photo Task Executor запущен: базовое кол-во потоков=5, максимальное кол-во потоков=10, размер очереди ожидания=100
2026-09-01 23:16:11.910 [main] INFO  [N/A] [N/A] r.s.skinscan.config.AsyncConfig - Recovery Task Executor запущен
2026-09-01 23:16:12.592 [main] WARN  [N/A] [N/A] o.s.b.a.o.j.JpaBaseConfiguration$JpaWebConfiguration - spring.jpa.open-in-view is enabled by default. Therefore, database queries may be performed during view rendering. Explicitly configure spring.jpa.open-in-view to disable this warning
2026-09-01 23:16:12.680 [main] DEBUG [N/A] [N/A] o.s.s.c.a.a.c.AuthenticationConfiguration$DefaultPasswordEncoderAuthenticationManagerBuilder - No authenticationProviders and no parentAuthenticationManager defined. Returning null.
2026-09-01 23:16:13.998 [main] INFO  [N/A] [N/A] o.s.s.web.DefaultSecurityFilterChain - Will secure any request with [org.springframework.security.web.session.DisableEncodeUrlFilter@5b51a4c7, org.springframework.security.web.context.request.async.WebAsyncManagerIntegrationFilter@1a61721e, org.springframework.security.web.context.SecurityContextHolderFilter@12e4822b, org.springframework.security.web.header.HeaderWriterFilter@7e38f55, org.springframework.web.filter.CorsFilter@6eb06667, org.springframework.security.web.authentication.logout.LogoutFilter@4ebefe31, ru.startup.skinscan.security.filter.RateLimiterFilter@529cd3ba, org.springframework.security.web.authentication.www.BasicAuthenticationFilter@4bd1541f, org.springframework.security.web.savedrequest.RequestCacheAwareFilter@64e6f678, org.springframework.security.web.servletapi.SecurityContextHolderAwareRequestFilter@18b12df9, org.springframework.security.web.authentication.AnonymousAuthenticationFilter@2f0dae44, org.springframework.security.web.session.SessionManagementFilter@8e654f7, org.springframework.security.web.access.ExceptionTranslationFilter@45b221c7, org.springframework.security.web.access.intercept.AuthorizationFilter@761ac810]
2026-09-01 23:16:15.910 [main] INFO  [N/A] [N/A] o.a.coyote.http11.Http11NioProtocol - Starting ProtocolHandler ["http-nio-8080"]
2026-09-01 23:16:16.034 [main] INFO  [N/A] [N/A] o.s.b.w.e.tomcat.TomcatWebServer - Tomcat started on port(s): 8080 (http) with context path ''
2026-09-01 23:16:16.105 [main] INFO  [N/A] [N/A] ru.startup.skinscan.Main - Started Main in 24.443 seconds (process running for 25.223)
2026-09-01 23:16:16.473 [scheduling-1] DEBUG [N/A] [N/A] org.hibernate.SQL - 
    select
        p1_0.id,
        p1_0.created_at,
        p1_0.file_name,
        p1_0.file_size_bytes,
        p1_0.mime_type,
        p1_0.status,
        p1_0.storage_file_path,
        p1_0.updated_at,
        p1_0.user_id 
    from
        photo p1_0 
    where
        p1_0.status=? 
        and p1_0.created_at<cast(? as timestamp(6) with time zone)
2026-09-01 23:16:58.750 [http-nio-8080-exec-1] INFO  [N/A] [N/A] o.a.c.c.C.[Tomcat].[localhost].[/] - Initializing Spring DispatcherServlet 'dispatcherServlet'
2026-09-01 23:16:58.754 [http-nio-8080-exec-1] INFO  [N/A] [N/A] o.s.web.servlet.DispatcherServlet - Initializing Servlet 'dispatcherServlet'
2026-09-01 23:16:58.759 [http-nio-8080-exec-1] INFO  [N/A] [N/A] o.s.web.servlet.DispatcherServlet - Completed initialization in 5 ms
2026-09-01 23:16:58.853 [http-nio-8080-exec-1] DEBUG [N/A] [N/A] o.s.security.web.FilterChainProxy - Securing POST /skinScan/photos/upload
2026-09-01 23:16:59.091 [http-nio-8080-exec-1] DEBUG [N/A] [N/A] org.hibernate.SQL - 
    select
        u1_0.id,
        u1_0.created_at,
        u1_0.email,
        u1_0.login,
        u1_0.password,
        u1_0.phone,
        u1_0.updated_at 
    from
        users u1_0 
    where
        u1_0.login=?
2026-09-01 23:17:00.836 [http-nio-8080-exec-1] DEBUG [N/A] [N/A] org.hibernate.SQL - 
    select
        u1_0.id 
    from
        users u1_0 
    where
        u1_0.login=?
2026-09-01 23:17:02.259 [http-nio-8080-exec-1] INFO  [N/A] [N/A] r.s.s.s.s.CustomUserDetailsService - Поиск пользователя с логином: Andrey600
2026-09-01 23:17:02.264 [http-nio-8080-exec-1] DEBUG [N/A] [N/A] org.hibernate.SQL - 
    select
        u1_0.id,
        u1_0.created_at,
        u1_0.email,
        u1_0.login,
        u1_0.password,
        u1_0.phone,
        u1_0.updated_at 
    from
        users u1_0 
    where
        u1_0.login=?
2026-09-01 23:17:02.268 [http-nio-8080-exec-1] INFO  [N/A] [N/A] r.s.s.s.s.CustomUserDetailsService - Найден пользователь: Andrey600, пароль: $2a$12$82L1ISHBmtE5Mz8Sna4Kr.OxWw0qFyPc2rdTy8Pr6YSNBBPgoLaiK
2026-09-01 23:17:04.071 [http-nio-8080-exec-1] DEBUG [N/A] [N/A] o.s.s.a.d.DaoAuthenticationProvider - Authenticated user
2026-09-01 23:17:04.075 [http-nio-8080-exec-1] DEBUG [N/A] [N/A] o.s.s.w.a.w.BasicAuthenticationFilter - Set SecurityContextHolder to UsernamePasswordAuthenticationToken [Principal=org.springframework.security.core.userdetails.User [Username=Andrey600, Password=[PROTECTED], Enabled=true, AccountNonExpired=true, credentialsNonExpired=true, AccountNonLocked=true, Granted Authorities=[]], Credentials=[PROTECTED], Authenticated=true, Details=WebAuthenticationDetails [RemoteIpAddress=127.0.0.1, SessionId=null], Granted Authorities=[]]
2026-09-01 23:17:04.092 [http-nio-8080-exec-1] DEBUG [N/A] [N/A] o.s.security.web.FilterChainProxy - Secured POST /skinScan/photos/upload
2026-09-01 23:17:04.585 [http-nio-8080-exec-1] DEBUG [496d81bf-6f47-41ec-a4db-6816be3bac95] [NO_SESSION] org.hibernate.SQL - 
    select
        p1_0.id,
        p1_0.created_at,
        p1_0.file_name,
        p1_0.file_size_bytes,
        p1_0.mime_type,
        p1_0.status,
        p1_0.storage_file_path,
        p1_0.updated_at,
        p1_0.user_id 
    from
        photo p1_0 
    where
        p1_0.file_name=? 
        and p1_0.user_id=?
2026-09-01 23:17:04.697 [http-nio-8080-exec-1] INFO  [496d81bf-6f47-41ec-a4db-6816be3bac95] [NO_SESSION] r.s.s.d.s.MinioFileStorageService - Файл сохранен в MinIO: 805dc/2026/09/f0b5e69a-a640-4119-94d6-bf7d46893f06.jpg, с размером: 33095 байт
2026-09-01 23:17:04.698 [http-nio-8080-exec-1] INFO  [496d81bf-6f47-41ec-a4db-6816be3bac95] [NO_SESSION] r.s.s.d.service.PhotoServiceImpl - Фото сохранено в хранилище
2026-09-01 23:17:04.742 [http-nio-8080-exec-1] DEBUG [496d81bf-6f47-41ec-a4db-6816be3bac95] [NO_SESSION] org.hibernate.SQL - 
    select
        p1_0.id,
        p1_0.created_at,
        p1_0.file_name,
        p1_0.file_size_bytes,
        p1_0.mime_type,
        p1_0.status,
        p1_0.storage_file_path,
        p1_0.updated_at,
        p1_0.user_id 
    from
        photo p1_0 
    where
        p1_0.id=?
2026-09-01 23:17:04.768 [http-nio-8080-exec-1] INFO  [496d81bf-6f47-41ec-a4db-6816be3bac95] [NO_SESSION] r.s.s.d.service.PhotoServiceImpl - Метаданные фото b120816d-b59b-4130-bdfd-8a6cf3e667f8 сохранены в БД
2026-09-01 23:17:04.770 [http-nio-8080-exec-1] INFO  [496d81bf-6f47-41ec-a4db-6816be3bac95] [NO_SESSION] r.s.s.d.service.PhotoServiceImpl - Запуск асинхронной обработки фото b120816d-b59b-4130-bdfd-8a6cf3e667f8
2026-09-01 23:17:04.774 [PhotoProcessor-1] INFO  [N/A] [N/A] r.s.s.d.s.AsyncPhotoProcessingExecutor - Запущен асинхронный процесс с фото: b120816d-b59b-4130-bdfd-8a6cf3e667f8, пользователя: 64641147-39de-45f8-a11f-7f57eb2805dc
2026-09-01 23:17:04.799 [http-nio-8080-exec-1] DEBUG [496d81bf-6f47-41ec-a4db-6816be3bac95] [NO_SESSION] org.hibernate.SQL - 
    insert 
    into
        photo
        (created_at,file_name,file_size_bytes,mime_type,status,storage_file_path,updated_at,user_id,id) 
    values
        (?,?,?,?,?,?,?,?,?)
2026-09-01 23:17:05.802 [PhotoProcessor-1] DEBUG [N/A] [N/A] o.s.jdbc.datasource.DataSourceUtils - Setting JDBC Connection [HikariProxyConnection@1633540421 wrapping org.postgresql.jdbc.PgConnection@54495935] read-only
2026-09-01 23:17:05.821 [PhotoProcessor-1] DEBUG [N/A] [N/A] org.hibernate.SQL - 
    select
        p1_0.id,
        p1_0.created_at,
        p1_0.file_name,
        p1_0.file_size_bytes,
        p1_0.mime_type,
        p1_0.status,
        p1_0.storage_file_path,
        p1_0.updated_at,
        p1_0.user_id 
    from
        photo p1_0 
    where
        p1_0.id=?
2026-09-01 23:17:05.825 [PhotoProcessor-1] DEBUG [N/A] [N/A] o.s.jdbc.datasource.DataSourceUtils - Resetting read-only flag of JDBC Connection [HikariProxyConnection@1633540421 wrapping org.postgresql.jdbc.PgConnection@54495935]
2026-09-01 23:17:05.875 [PhotoProcessor-1] DEBUG [N/A] [N/A] org.hibernate.SQL - 
    update
        photo 
    set
        status=?,
        updated_at=cast(? as timestamp(6) with time zone) 
    where
        id=?
2026-09-01 23:17:05.887 [PhotoProcessor-1] INFO  [N/A] [N/A] r.s.s.d.s.AsyncPhotoProcessingExecutor - Сменен статус фото b120816d-b59b-4130-bdfd-8a6cf3e667f8 на PROCESSING
2026-09-01 23:17:05.891 [PhotoProcessor-1] DEBUG [N/A] [N/A] org.hibernate.SQL - 
    select
        a1_0.id,
        a1_0.completed_at,
        a1_0.photo_id,
        a1_0.requested_at,
        a1_0.result,
        a1_0.status 
    from
        analysis a1_0 
    where
        a1_0.id=?
2026-09-01 23:17:05.906 [PhotoProcessor-1] DEBUG [N/A] [N/A] org.hibernate.SQL - 
    insert 
    into
        analysis
        (completed_at,photo_id,requested_at,result,status,id) 
    values
        (?,?,?,?,?,?)
2026-09-01 23:17:05.925 [PhotoProcessor-1] INFO  [N/A] [N/A] r.s.s.d.s.AsyncPhotoProcessingExecutor - Сформирован запрос к ML сервису для фото: b120816d-b59b-4130-bdfd-8a6cf3e667f8, размером: 33095 байт
2026-09-01 23:17:05.925 [PhotoProcessor-1] INFO  [N/A] [N/A] r.s.s.d.s.AsyncPhotoProcessingExecutor - Вызов ML анализа фото: b120816d-b59b-4130-bdfd-8a6cf3e667f8
2026-09-01 23:17:05.925 [PhotoProcessor-1] INFO  [N/A] [N/A] ru.startup.skinscan.ML.StubMLClient - Заглушка ML: Анализ фото: b120816d-b59b-4130-bdfd-8a6cf3e667f8
2026-09-01 23:17:10.435 [PhotoProcessor-1] INFO  [N/A] [N/A] ru.startup.skinscan.ML.StubMLClient - Заглушка ML: Фото: b120816d-b59b-4130-bdfd-8a6cf3e667f8 обработано за 4510 ms
2026-09-01 23:17:10.438 [PhotoProcessor-1] INFO  [N/A] [N/A] r.s.s.d.s.AsyncPhotoProcessingExecutor - ML анализ фото: b120816d-b59b-4130-bdfd-8a6cf3e667f8, завершен за время: 4512ms
2026-09-01 23:17:10.453 [PhotoProcessor-1] DEBUG [N/A] [N/A] org.hibernate.SQL - 
    update
        analysis 
    set
        result=?,
        status=?,
        completed_at=cast(? as timestamp(6) with time zone) 
    where
        id=?
2026-09-01 23:17:10.476 [PhotoProcessor-1] DEBUG [N/A] [N/A] org.hibernate.SQL - 
    update
        photo 
    set
        status=?,
        updated_at=cast(? as timestamp(6) with time zone) 
    where
        id=?
2026-09-01 23:17:10.480 [PhotoProcessor-1] INFO  [N/A] [N/A] r.s.s.d.s.AsyncPhotoProcessingExecutor - Анализ фото b120816d-b59b-4130-bdfd-8a6cf3e667f8 успешно завершен
2026-09-01 23:17:40.638 [http-nio-8080-exec-2] DEBUG [N/A] [N/A] o.s.security.web.FilterChainProxy - Securing GET /skinScan/photos
2026-09-01 23:17:40.640 [http-nio-8080-exec-2] DEBUG [N/A] [N/A] org.hibernate.SQL - 
    select
        u1_0.id,
        u1_0.created_at,
        u1_0.email,
        u1_0.login,
        u1_0.password,
        u1_0.phone,
        u1_0.updated_at 
    from
        users u1_0 
    where
        u1_0.login=?
2026-09-01 23:17:41.089 [http-nio-8080-exec-2] DEBUG [N/A] [N/A] org.hibernate.SQL - 
    select
        u1_0.id 
    from
        users u1_0 
    where
        u1_0.login=?
2026-09-01 23:17:41.091 [http-nio-8080-exec-2] INFO  [N/A] [N/A] r.s.s.s.s.CustomUserDetailsService - Поиск пользователя с логином: Andrey600
2026-09-01 23:17:41.092 [http-nio-8080-exec-2] DEBUG [N/A] [N/A] org.hibernate.SQL - 
    select
        u1_0.id,
        u1_0.created_at,
        u1_0.email,
        u1_0.login,
        u1_0.password,
        u1_0.phone,
        u1_0.updated_at 
    from
        users u1_0 
    where
        u1_0.login=?
2026-09-01 23:17:41.094 [http-nio-8080-exec-2] INFO  [N/A] [N/A] r.s.s.s.s.CustomUserDetailsService - Найден пользователь: Andrey600, пароль: $2a$12$82L1ISHBmtE5Mz8Sna4Kr.OxWw0qFyPc2rdTy8Pr6YSNBBPgoLaiK
2026-09-01 23:17:41.605 [http-nio-8080-exec-2] DEBUG [N/A] [N/A] o.s.s.a.d.DaoAuthenticationProvider - Authenticated user
2026-09-01 23:17:41.605 [http-nio-8080-exec-2] DEBUG [N/A] [N/A] o.s.s.w.a.w.BasicAuthenticationFilter - Set SecurityContextHolder to UsernamePasswordAuthenticationToken [Principal=org.springframework.security.core.userdetails.User [Username=Andrey600, Password=[PROTECTED], Enabled=true, AccountNonExpired=true, credentialsNonExpired=true, AccountNonLocked=true, Granted Authorities=[]], Credentials=[PROTECTED], Authenticated=true, Details=WebAuthenticationDetails [RemoteIpAddress=127.0.0.1, SessionId=null], Granted Authorities=[]]
2026-09-01 23:17:41.606 [http-nio-8080-exec-2] DEBUG [N/A] [N/A] o.s.security.web.FilterChainProxy - Secured GET /skinScan/photos
2026-09-01 23:17:41.610 [http-nio-8080-exec-2] DEBUG [b924b383-c7d7-4c44-82d5-d81e91a6bf9c] [NO_SESSION] org.hibernate.SQL - 
    select
        p1_0.id,
        p1_0.created_at,
        p1_0.file_name,
        p1_0.file_size_bytes,
        p1_0.mime_type,
        p1_0.status,
        p1_0.storage_file_path,
        p1_0.updated_at,
        p1_0.user_id 
    from
        photo p1_0 
    where
        p1_0.user_id=?
2026-09-01 23:17:41.612 [http-nio-8080-exec-2] INFO  [b924b383-c7d7-4c44-82d5-d81e91a6bf9c] [NO_SESSION] r.s.s.d.service.PhotoServiceImpl - Получены все метаданные фоток пользователя 64641147-39de-45f8-a11f-7f57eb2805dc
2026-09-01 23:17:41.619 [http-nio-8080-exec-2] DEBUG [b924b383-c7d7-4c44-82d5-d81e91a6bf9c] [NO_SESSION] org.hibernate.SQL - 
    select
        p1_0.id,
        p1_0.created_at,
        p1_0.file_name,
        p1_0.file_size_bytes,
        p1_0.mime_type,
        p1_0.status,
        p1_0.storage_file_path,
        p1_0.updated_at,
        p1_0.user_id 
    from
        photo p1_0 
    where
        p1_0.file_name=? 
        and p1_0.user_id=?
2026-09-01 23:17:41.621 [http-nio-8080-exec-2] INFO  [b924b383-c7d7-4c44-82d5-d81e91a6bf9c] [NO_SESSION] r.s.s.d.service.PhotoServiceImpl - Получено id b120816d-b59b-4130-bdfd-8a6cf3e667f8 фото с именем skin3.jpg
2026-09-01 23:17:41.622 [http-nio-8080-exec-2] INFO  [b924b383-c7d7-4c44-82d5-d81e91a6bf9c] [NO_SESSION] r.s.s.d.service.PhotoServiceImpl - Получены URL для всех фото пользователя 64641147-39de-45f8-a11f-7f57eb2805dc
2026-09-01 23:17:41.623 [http-nio-8080-exec-2] DEBUG [b924b383-c7d7-4c44-82d5-d81e91a6bf9c] [NO_SESSION] o.s.jdbc.datasource.DataSourceUtils - Setting JDBC Connection [HikariProxyConnection@915775824 wrapping org.postgresql.jdbc.PgConnection@54495935] read-only
2026-09-01 23:17:41.625 [http-nio-8080-exec-2] DEBUG [b924b383-c7d7-4c44-82d5-d81e91a6bf9c] [NO_SESSION] o.s.jdbc.datasource.DataSourceUtils - Resetting read-only flag of JDBC Connection [HikariProxyConnection@915775824 wrapping org.postgresql.jdbc.PgConnection@54495935]
2026-09-01 23:17:41.625 [http-nio-8080-exec-2] INFO  [b924b383-c7d7-4c44-82d5-d81e91a6bf9c] [NO_SESSION] r.s.s.d.service.PhotoServiceImpl - Метаданные фото из БД b120816d-b59b-4130-bdfd-8a6cf3e667f8 получены
2026-09-01 23:18:16.513 [scheduling-1] DEBUG [N/A] [N/A] org.hibernate.SQL - 
    select
        p1_0.id,
        p1_0.created_at,
        p1_0.file_name,
        p1_0.file_size_bytes,
        p1_0.mime_type,
        p1_0.status,
        p1_0.storage_file_path,
        p1_0.updated_at,
        p1_0.user_id 
    from
        photo p1_0 
    where
        p1_0.status=? 
        and p1_0.created_at<cast(? as timestamp(6) with time zone)
2026-09-01 23:19:00.224 [http-nio-8080-exec-6] DEBUG [N/A] [N/A] o.s.security.web.FilterChainProxy - Securing POST /skinScan/photos/upload
2026-09-01 23:19:00.225 [http-nio-8080-exec-6] DEBUG [N/A] [N/A] org.hibernate.SQL - 
    select
        u1_0.id,
        u1_0.created_at,
        u1_0.email,
        u1_0.login,
        u1_0.password,
        u1_0.phone,
        u1_0.updated_at 
    from
        users u1_0 
    where
        u1_0.login=?
2026-09-01 23:19:00.803 [http-nio-8080-exec-6] DEBUG [N/A] [N/A] org.hibernate.SQL - 
    select
        u1_0.id 
    from
        users u1_0 
    where
        u1_0.login=?
2026-09-01 23:19:00.805 [http-nio-8080-exec-6] INFO  [N/A] [N/A] r.s.s.s.s.CustomUserDetailsService - Поиск пользователя с логином: Andrey600
2026-09-01 23:19:00.806 [http-nio-8080-exec-6] DEBUG [N/A] [N/A] org.hibernate.SQL - 
    select
        u1_0.id,
        u1_0.created_at,
        u1_0.email,
        u1_0.login,
        u1_0.password,
        u1_0.phone,
        u1_0.updated_at 
    from
        users u1_0 
    where
        u1_0.login=?
2026-09-01 23:19:00.808 [http-nio-8080-exec-6] INFO  [N/A] [N/A] r.s.s.s.s.CustomUserDetailsService - Найден пользователь: Andrey600, пароль: $2a$12$82L1ISHBmtE5Mz8Sna4Kr.OxWw0qFyPc2rdTy8Pr6YSNBBPgoLaiK
2026-09-01 23:19:01.217 [http-nio-8080-exec-6] DEBUG [N/A] [N/A] o.s.s.a.d.DaoAuthenticationProvider - Authenticated user
2026-09-01 23:19:01.217 [http-nio-8080-exec-6] DEBUG [N/A] [N/A] o.s.s.w.a.w.BasicAuthenticationFilter - Set SecurityContextHolder to UsernamePasswordAuthenticationToken [Principal=org.springframework.security.core.userdetails.User [Username=Andrey600, Password=[PROTECTED], Enabled=true, AccountNonExpired=true, credentialsNonExpired=true, AccountNonLocked=true, Granted Authorities=[]], Credentials=[PROTECTED], Authenticated=true, Details=WebAuthenticationDetails [RemoteIpAddress=127.0.0.1, SessionId=null], Granted Authorities=[]]
2026-09-01 23:19:01.217 [http-nio-8080-exec-6] DEBUG [N/A] [N/A] o.s.security.web.FilterChainProxy - Secured POST /skinScan/photos/upload
2026-09-01 23:19:01.226 [http-nio-8080-exec-6] DEBUG [07e4d26b-0163-4e13-83c0-57a42f5dbe93] [NO_SESSION] org.hibernate.SQL - 
    select
        p1_0.id,
        p1_0.created_at,
        p1_0.file_name,
        p1_0.file_size_bytes,
        p1_0.mime_type,
        p1_0.status,
        p1_0.storage_file_path,
        p1_0.updated_at,
        p1_0.user_id 
    from
        photo p1_0 
    where
        p1_0.file_name=? 
        and p1_0.user_id=?
2026-09-01 23:19:01.228 [http-nio-8080-exec-6] INFO  [07e4d26b-0163-4e13-83c0-57a42f5dbe93] [NO_SESSION] r.s.s.d.service.PhotoServiceImpl - Получено id b120816d-b59b-4130-bdfd-8a6cf3e667f8 фото с именем skin3.jpg
2026-09-01 23:19:36.953 [http-nio-8080-exec-7] DEBUG [N/A] [N/A] o.s.security.web.FilterChainProxy - Securing POST /skinScan/photos/upload
2026-09-01 23:19:36.959 [http-nio-8080-exec-7] DEBUG [N/A] [N/A] org.hibernate.SQL - 
    select
        u1_0.id,
        u1_0.created_at,
        u1_0.email,
        u1_0.login,
        u1_0.password,
        u1_0.phone,
        u1_0.updated_at 
    from
        users u1_0 
    where
        u1_0.login=?
2026-09-01 23:19:37.409 [http-nio-8080-exec-7] DEBUG [N/A] [N/A] org.hibernate.SQL - 
    select
        u1_0.id 
    from
        users u1_0 
    where
        u1_0.login=?
2026-09-01 23:19:37.410 [http-nio-8080-exec-7] INFO  [N/A] [N/A] r.s.s.s.s.CustomUserDetailsService - Поиск пользователя с логином: Andrey600
2026-09-01 23:19:37.412 [http-nio-8080-exec-7] DEBUG [N/A] [N/A] org.hibernate.SQL - 
    select
        u1_0.id,
        u1_0.created_at,
        u1_0.email,
        u1_0.login,
        u1_0.password,
        u1_0.phone,
        u1_0.updated_at 
    from
        users u1_0 
    where
        u1_0.login=?
2026-09-01 23:19:37.413 [http-nio-8080-exec-7] INFO  [N/A] [N/A] r.s.s.s.s.CustomUserDetailsService - Найден пользователь: Andrey600, пароль: $2a$12$82L1ISHBmtE5Mz8Sna4Kr.OxWw0qFyPc2rdTy8Pr6YSNBBPgoLaiK
2026-09-01 23:19:37.896 [http-nio-8080-exec-7] DEBUG [N/A] [N/A] o.s.s.a.d.DaoAuthenticationProvider - Authenticated user
2026-09-01 23:19:37.897 [http-nio-8080-exec-7] DEBUG [N/A] [N/A] o.s.s.w.a.w.BasicAuthenticationFilter - Set SecurityContextHolder to UsernamePasswordAuthenticationToken [Principal=org.springframework.security.core.userdetails.User [Username=Andrey600, Password=[PROTECTED], Enabled=true, AccountNonExpired=true, credentialsNonExpired=true, AccountNonLocked=true, Granted Authorities=[]], Credentials=[PROTECTED], Authenticated=true, Details=WebAuthenticationDetails [RemoteIpAddress=127.0.0.1, SessionId=null], Granted Authorities=[]]
2026-09-01 23:19:37.898 [http-nio-8080-exec-7] DEBUG [N/A] [N/A] o.s.security.web.FilterChainProxy - Secured POST /skinScan/photos/upload
2026-09-01 23:19:38.021 [http-nio-8080-exec-7] DEBUG [80370171-eaac-441d-85d7-405950f5bea0] [NO_SESSION] org.hibernate.SQL - 
    select
        p1_0.id,
        p1_0.created_at,
        p1_0.file_name,
        p1_0.file_size_bytes,
        p1_0.mime_type,
        p1_0.status,
        p1_0.storage_file_path,
        p1_0.updated_at,
        p1_0.user_id 
    from
        photo p1_0 
    where
        p1_0.file_name=? 
        and p1_0.user_id=?
2026-09-01 23:19:40.605 [http-nio-8080-exec-7] ERROR [80370171-eaac-441d-85d7-405950f5bea0] [NO_SESSION] r.s.s.d.s.MinioFileStorageService - Ошибка сохранения файла в MinIO: 805dc/2026/09/bba494c7-f5e5-4470-8f16-03bc0906e2a4.exe
java.lang.IllegalArgumentException: invalid content type 'Unknown' as per RFC 2045
	at io.minio.PutObjectBaseArgs$Builder.contentType(PutObjectBaseArgs.java:129)
	at ru.startup.skinscan.domain.service.MinioFileStorageService.save(MinioFileStorageService.java:185)
	at ru.startup.skinscan.domain.service.PhotoServiceImpl.upload(PhotoServiceImpl.java:46)
	at java.base/jdk.internal.reflect.DirectMethodHandleAccessor.invoke(DirectMethodHandleAccessor.java:103)
	at java.base/java.lang.reflect.Method.invoke(Method.java:580)
	at org.springframework.aop.support.AopUtils.invokeJoinpointUsingReflection(AopUtils.java:343)
	at org.springframework.aop.framework.ReflectiveMethodInvocation.invokeJoinpoint(ReflectiveMethodInvocation.java:196)
	at org.springframework.aop.framework.ReflectiveMethodInvocation.proceed(ReflectiveMethodInvocation.java:163)
	at org.springframework.aop.framework.CglibAopProxy$CglibMethodInvocation.proceed(CglibAopProxy.java:751)
	at org.springframework.transaction.interceptor.TransactionInterceptor$1.proceedWithInvocation(TransactionInterceptor.java:123)
	at org.springframework.transaction.interceptor.TransactionAspectSupport.invokeWithinTransaction(TransactionAspectSupport.java:391)
	at org.springframework.transaction.interceptor.TransactionInterceptor.invoke(TransactionInterceptor.java:119)
	at org.springframework.aop.framework.ReflectiveMethodInvocation.proceed(ReflectiveMethodInvocation.java:184)
	at org.springframework.aop.framework.CglibAopProxy$CglibMethodInvocation.proceed(CglibAopProxy.java:751)
	at org.springframework.aop.framework.CglibAopProxy$DynamicAdvisedInterceptor.intercept(CglibAopProxy.java:703)
	at ru.startup.skinscan.domain.service.PhotoServiceImpl$$SpringCGLIB$$0.upload(<generated>)
	at ru.startup.skinscan.web.controller.PhotoControllerImpl.uploadPhoto(PhotoControllerImpl.java:31)
	at java.base/jdk.internal.reflect.DirectMethodHandleAccessor.invoke(DirectMethodHandleAccessor.java:103)
	at java.base/java.lang.reflect.Method.invoke(Method.java:580)
	at org.springframework.web.method.support.InvocableHandlerMethod.doInvoke(InvocableHandlerMethod.java:205)
	at org.springframework.web.method.support.InvocableHandlerMethod.invokeForRequest(InvocableHandlerMethod.java:150)
	at org.springframework.web.servlet.mvc.method.annotation.ServletInvocableHandlerMethod.invokeAndHandle(ServletInvocableHandlerMethod.java:118)
	at org.springframework.web.servlet.mvc.method.annotation.RequestMappingHandlerAdapter.invokeHandlerMethod(RequestMappingHandlerAdapter.java:892)
	at org.springframework.web.servlet.mvc.method.annotation.RequestMappingHandlerAdapter.handleInternal(RequestMappingHandlerAdapter.java:798)
	at org.springframework.web.servlet.mvc.method.AbstractHandlerMethodAdapter.handle(AbstractHandlerMethodAdapter.java:87)
	at org.springframework.web.servlet.DispatcherServlet.doDispatch(DispatcherServlet.java:1081)
	at org.springframework.web.servlet.DispatcherServlet.doService(DispatcherServlet.java:974)
	at org.springframework.web.servlet.FrameworkServlet.processRequest(FrameworkServlet.java:1014)
	at org.springframework.web.servlet.FrameworkServlet.doPost(FrameworkServlet.java:914)
	at jakarta.servlet.http.HttpServlet.service(HttpServlet.java:590)
	at org.springframework.web.servlet.FrameworkServlet.service(FrameworkServlet.java:885)
	at jakarta.servlet.http.HttpServlet.service(HttpServlet.java:658)
	at org.apache.catalina.core.ApplicationFilterChain.internalDoFilter(ApplicationFilterChain.java:195)
	at org.apache.catalina.core.ApplicationFilterChain.doFilter(ApplicationFilterChain.java:140)
	at org.apache.tomcat.websocket.server.WsFilter.doFilter(WsFilter.java:51)
	at org.apache.catalina.core.ApplicationFilterChain.internalDoFilter(ApplicationFilterChain.java:164)
	at org.apache.catalina.core.ApplicationFilterChain.doFilter(ApplicationFilterChain.java:140)
	at org.springframework.web.filter.OncePerRequestFilter.doFilter(OncePerRequestFilter.java:110)
	at org.apache.catalina.core.ApplicationFilterChain.internalDoFilter(ApplicationFilterChain.java:164)
	at org.apache.catalina.core.ApplicationFilterChain.doFilter(ApplicationFilterChain.java:140)
	at ru.startup.skinscan.config.MdcLoggingFilter.doFilterInternal(MdcLoggingFilter.java:54)
	at org.springframework.web.filter.OncePerRequestFilter.doFilter(OncePerRequestFilter.java:116)
	at org.apache.catalina.core.ApplicationFilterChain.internalDoFilter(ApplicationFilterChain.java:164)
	at org.apache.catalina.core.ApplicationFilterChain.doFilter(ApplicationFilterChain.java:140)
	at org.springframework.web.filter.CompositeFilter$VirtualFilterChain.doFilter(CompositeFilter.java:108)
	at org.springframework.security.web.FilterChainProxy.lambda$doFilterInternal$3(FilterChainProxy.java:231)
	at org.springframework.security.web.FilterChainProxy$VirtualFilterChain.doFilter(FilterChainProxy.java:365)
	at org.springframework.security.web.access.intercept.AuthorizationFilter.doFilter(AuthorizationFilter.java:100)
	at org.springframework.security.web.FilterChainProxy$VirtualFilterChain.doFilter(FilterChainProxy.java:374)
	at org.springframework.security.web.access.ExceptionTranslationFilter.doFilter(ExceptionTranslationFilter.java:126)
	at org.springframework.security.web.access.ExceptionTranslationFilter.doFilter(ExceptionTranslationFilter.java:120)
	at org.springframework.security.web.FilterChainProxy$VirtualFilterChain.doFilter(FilterChainProxy.java:374)
	at org.springframework.security.web.session.SessionManagementFilter.doFilter(SessionManagementFilter.java:131)
	at org.springframework.security.web.session.SessionManagementFilter.doFilter(SessionManagementFilter.java:85)
	at org.springframework.security.web.FilterChainProxy$VirtualFilterChain.doFilter(FilterChainProxy.java:374)
	at org.springframework.security.web.authentication.AnonymousAuthenticationFilter.doFilter(AnonymousAuthenticationFilter.java:100)
	at org.springframework.security.web.FilterChainProxy$VirtualFilterChain.doFilter(FilterChainProxy.java:374)
	at org.springframework.security.web.servletapi.SecurityContextHolderAwareRequestFilter.doFilter(SecurityContextHolderAwareRequestFilter.java:179)
	at org.springframework.security.web.FilterChainProxy$VirtualFilterChain.doFilter(FilterChainProxy.java:374)
	at org.springframework.security.web.savedrequest.RequestCacheAwareFilter.doFilter(RequestCacheAwareFilter.java:63)
	at org.springframework.security.web.FilterChainProxy$VirtualFilterChain.doFilter(FilterChainProxy.java:374)
	at org.springframework.security.web.authentication.www.BasicAuthenticationFilter.doFilterInternal(BasicAuthenticationFilter.java:200)
	at org.springframework.web.filter.OncePerRequestFilter.doFilter(OncePerRequestFilter.java:116)
	at org.springframework.security.web.FilterChainProxy$VirtualFilterChain.doFilter(FilterChainProxy.java:374)
	at ru.startup.skinscan.security.filter.RateLimiterFilter.doFilterInternal(RateLimiterFilter.java:82)
	at org.springframework.web.filter.OncePerRequestFilter.doFilter(OncePerRequestFilter.java:116)
	at org.springframework.security.web.FilterChainProxy$VirtualFilterChain.doFilter(FilterChainProxy.java:374)
	at org.springframework.security.web.authentication.logout.LogoutFilter.doFilter(LogoutFilter.java:107)
	at org.springframework.security.web.authentication.logout.LogoutFilter.doFilter(LogoutFilter.java:93)
	at org.springframework.security.web.FilterChainProxy$VirtualFilterChain.doFilter(FilterChainProxy.java:374)
	at org.springframework.web.filter.CorsFilter.doFilterInternal(CorsFilter.java:91)
	at org.springframework.web.filter.OncePerRequestFilter.doFilter(OncePerRequestFilter.java:116)
	at org.springframework.security.web.FilterChainProxy$VirtualFilterChain.doFilter(FilterChainProxy.java:374)
	at org.springframework.security.web.header.HeaderWriterFilter.doHeadersAfter(HeaderWriterFilter.java:90)
	at org.springframework.security.web.header.HeaderWriterFilter.doFilterInternal(HeaderWriterFilter.java:75)
	at org.springframework.web.filter.OncePerRequestFilter.doFilter(OncePerRequestFilter.java:116)
	at org.springframework.security.web.FilterChainProxy$VirtualFilterChain.doFilter(FilterChainProxy.java:374)
	at org.springframework.security.web.context.SecurityContextHolderFilter.doFilter(SecurityContextHolderFilter.java:82)
	at org.springframework.security.web.context.SecurityContextHolderFilter.doFilter(SecurityContextHolderFilter.java:69)
	at org.springframework.security.web.FilterChainProxy$VirtualFilterChain.doFilter(FilterChainProxy.java:374)
	at org.springframework.security.web.context.request.async.WebAsyncManagerIntegrationFilter.doFilterInternal(WebAsyncManagerIntegrationFilter.java:62)
	at org.springframework.web.filter.OncePerRequestFilter.doFilter(OncePerRequestFilter.java:116)
	at org.springframework.security.web.FilterChainProxy$VirtualFilterChain.doFilter(FilterChainProxy.java:374)
	at org.springframework.security.web.session.DisableEncodeUrlFilter.doFilterInternal(DisableEncodeUrlFilter.java:42)
	at org.springframework.web.filter.OncePerRequestFilter.doFilter(OncePerRequestFilter.java:116)
	at org.springframework.security.web.FilterChainProxy$VirtualFilterChain.doFilter(FilterChainProxy.java:374)
	at org.springframework.security.web.FilterChainProxy.doFilterInternal(FilterChainProxy.java:233)
	at org.springframework.security.web.FilterChainProxy.doFilter(FilterChainProxy.java:191)
	at org.springframework.web.filter.CompositeFilter$VirtualFilterChain.doFilter(CompositeFilter.java:113)
	at org.springframework.web.servlet.handler.HandlerMappingIntrospector.lambda$createCacheFilter$3(HandlerMappingIntrospector.java:195)
	at org.springframework.web.filter.CompositeFilter$VirtualFilterChain.doFilter(CompositeFilter.java:113)
	at org.springframework.web.filter.CompositeFilter.doFilter(CompositeFilter.java:74)
	at org.springframework.security.config.annotation.web.configuration.WebMvcSecurityConfiguration$CompositeFilterChainProxy.doFilter(WebMvcSecurityConfiguration.java:230)
	at org.springframework.web.filter.DelegatingFilterProxy.invokeDelegate(DelegatingFilterProxy.java:352)
	at org.springframework.web.filter.DelegatingFilterProxy.doFilter(DelegatingFilterProxy.java:268)
	at org.apache.catalina.core.ApplicationFilterChain.internalDoFilter(ApplicationFilterChain.java:164)
	at org.apache.catalina.core.ApplicationFilterChain.doFilter(ApplicationFilterChain.java:140)
	at org.springframework.web.filter.RequestContextFilter.doFilterInternal(RequestContextFilter.java:100)
	at org.springframework.web.filter.OncePerRequestFilter.doFilter(OncePerRequestFilter.java:116)
	at org.apache.catalina.core.ApplicationFilterChain.internalDoFilter(ApplicationFilterChain.java:164)
	at org.apache.catalina.core.ApplicationFilterChain.doFilter(ApplicationFilterChain.java:140)
	at org.springframework.web.filter.FormContentFilter.doFilterInternal(FormContentFilter.java:93)
	at org.springframework.web.filter.OncePerRequestFilter.doFilter(OncePerRequestFilter.java:116)
	at org.apache.catalina.core.ApplicationFilterChain.internalDoFilter(ApplicationFilterChain.java:164)
	at org.apache.catalina.core.ApplicationFilterChain.doFilter(ApplicationFilterChain.java:140)
	at org.springframework.web.filter.CharacterEncodingFilter.doFilterInternal(CharacterEncodingFilter.java:201)
	at org.springframework.web.filter.OncePerRequestFilter.doFilter(OncePerRequestFilter.java:116)
	at org.apache.catalina.core.ApplicationFilterChain.internalDoFilter(ApplicationFilterChain.java:164)
	at org.apache.catalina.core.ApplicationFilterChain.doFilter(ApplicationFilterChain.java:140)
	at org.apache.catalina.core.StandardWrapperValve.invoke(StandardWrapperValve.java:167)
	at org.apache.catalina.core.StandardContextValve.invoke(StandardContextValve.java:90)
	at org.apache.catalina.authenticator.AuthenticatorBase.invoke(AuthenticatorBase.java:482)
	at org.apache.catalina.core.StandardHostValve.invoke(StandardHostValve.java:115)
	at org.apache.catalina.valves.ErrorReportValve.invoke(ErrorReportValve.java:93)
	at org.apache.catalina.core.StandardEngineValve.invoke(StandardEngineValve.java:74)
	at org.apache.catalina.connector.CoyoteAdapter.service(CoyoteAdapter.java:344)
	at org.apache.coyote.http11.Http11Processor.service(Http11Processor.java:389)
	at org.apache.coyote.AbstractProcessorLight.process(AbstractProcessorLight.java:63)
	at org.apache.coyote.AbstractProtocol$ConnectionHandler.process(AbstractProtocol.java:896)
	at org.apache.tomcat.util.net.NioEndpoint$SocketProcessor.doRun(NioEndpoint.java:1741)
	at org.apache.tomcat.util.net.SocketProcessorBase.run(SocketProcessorBase.java:52)
	at org.apache.tomcat.util.threads.ThreadPoolExecutor.runWorker(ThreadPoolExecutor.java:1190)
	at org.apache.tomcat.util.threads.ThreadPoolExecutor$Worker.run(ThreadPoolExecutor.java:659)
	at org.apache.tomcat.util.threads.TaskThread$WrappingRunnable.run(TaskThread.java:63)
	at java.base/java.lang.Thread.run(Thread.java:1583)
2026-09-01 23:20:16.527 [scheduling-1] DEBUG [N/A] [N/A] org.hibernate.SQL - 
    select
        p1_0.id,
        p1_0.created_at,
        p1_0.file_name,
        p1_0.file_size_bytes,
        p1_0.mime_type,
        p1_0.status,
        p1_0.storage_file_path,
        p1_0.updated_at,
        p1_0.user_id 
    from
        photo p1_0 
    where
        p1_0.status=? 
        and p1_0.created_at<cast(? as timestamp(6) with time zone)
2026-09-01 23:20:22.195 [SpringApplicationShutdownHook] INFO  [N/A] [N/A] o.s.o.j.LocalContainerEntityManagerFactoryBean - Closing JPA EntityManagerFactory for persistence unit 'default'
2026-09-01 23:20:22.196 [SpringApplicationShutdownHook] INFO  [N/A] [N/A] com.zaxxer.hikari.HikariDataSource - HikariPool-1 - Shutdown initiated...
2026-09-01 23:20:22.199 [SpringApplicationShutdownHook] INFO  [N/A] [N/A] com.zaxxer.hikari.HikariDataSource - HikariPool-1 - Shutdown completed.
2026-09-01 23:20:47.421 [background-preinit] INFO  [N/A] [N/A] o.h.validator.internal.util.Version - HV000001: Hibernate Validator 8.0.1.Final
2026-09-01 23:20:47.454 [main] INFO  [N/A] [N/A] ru.startup.skinscan.Main - Starting Main using Java 21.0.10 with PID 7500 (C:\Users\ferdi\IdeaProjects\SkinScan\build\classes\java\main started by ferdi in C:\Users\ferdi\IdeaProjects\SkinScan)
2026-09-01 23:20:47.454 [main] DEBUG [N/A] [N/A] ru.startup.skinscan.Main - Running with Spring Boot v3.1.12, Spring v6.0.21
2026-09-01 23:20:47.456 [main] INFO  [N/A] [N/A] ru.startup.skinscan.Main - The following 1 profile is active: "local"
2026-09-01 23:20:48.569 [main] INFO  [N/A] [N/A] o.s.d.r.c.RepositoryConfigurationDelegate - Bootstrapping Spring Data JPA repositories in DEFAULT mode.
2026-09-01 23:20:48.677 [main] INFO  [N/A] [N/A] o.s.d.r.c.RepositoryConfigurationDelegate - Finished Spring Data repository scanning in 98 ms. Found 3 JPA repository interfaces.
2026-09-01 23:20:49.562 [main] INFO  [N/A] [N/A] o.s.b.w.e.tomcat.TomcatWebServer - Tomcat initialized with port(s): 8080 (http)
2026-09-01 23:20:49.569 [main] INFO  [N/A] [N/A] o.a.coyote.http11.Http11NioProtocol - Initializing ProtocolHandler ["http-nio-8080"]
2026-09-01 23:20:49.571 [main] INFO  [N/A] [N/A] o.a.catalina.core.StandardService - Starting service [Tomcat]
2026-09-01 23:20:49.572 [main] INFO  [N/A] [N/A] o.a.catalina.core.StandardEngine - Starting Servlet engine: [Apache Tomcat/10.1.24]
2026-09-01 23:20:49.727 [main] INFO  [N/A] [N/A] o.a.c.c.C.[Tomcat].[localhost].[/] - Initializing Spring embedded WebApplicationContext
2026-09-01 23:20:49.728 [main] INFO  [N/A] [N/A] o.s.b.w.s.c.ServletWebServerApplicationContext - Root WebApplicationContext: initialization completed in 2213 ms
2026-09-01 23:20:49.743 [main] INFO  [N/A] [N/A] r.s.s.s.r.RateLimiterInMemory - RateLimiter инициализирован с интервалом очистки: 300с
2026-09-01 23:20:49.943 [main] DEBUG [N/A] [N/A] o.f.c.i.s.classpath.ClassPathScanner - Scanning for classpath resources at 'classpath:db/callback' ...
2026-09-01 23:20:49.943 [main] DEBUG [N/A] [N/A] o.f.c.i.s.classpath.ClassPathScanner - Determining location urls for classpath:db/callback using ClassLoader TomcatEmbeddedWebappClassLoader
  context: ROOT
  delegate: true
----------> Parent Classloader:
jdk.internal.loader.ClassLoaders$AppClassLoader@3fee733d
 ...
2026-09-01 23:20:49.943 [main] DEBUG [N/A] [N/A] o.f.c.i.s.classpath.ClassPathScanner - Unable to resolve location classpath:db/callback.
2026-09-01 23:20:49.944 [main] DEBUG [N/A] [N/A] o.f.c.i.s.classpath.ClassPathScanner - Scanning for classpath resources at 'classpath:db/migration' ...
2026-09-01 23:20:49.944 [main] DEBUG [N/A] [N/A] o.f.c.i.s.classpath.ClassPathScanner - Determining location urls for classpath:db/migration using ClassLoader TomcatEmbeddedWebappClassLoader
  context: ROOT
  delegate: true
----------> Parent Classloader:
jdk.internal.loader.ClassLoaders$AppClassLoader@3fee733d
 ...
2026-09-01 23:20:49.944 [main] DEBUG [N/A] [N/A] o.f.c.i.s.classpath.ClassPathScanner - Scanning URL: file:/C:/Users/ferdi/IdeaProjects/SkinScan/build/resources/main/db/migration
2026-09-01 23:20:49.948 [main] DEBUG [N/A] [N/A] o.f.c.i.s.c.FileSystemClassPathLocationScanner - Scanning starting at classpath root in filesystem: C:\Users\ferdi\IdeaProjects\SkinScan\build\resources\main\
2026-09-01 23:20:49.949 [main] DEBUG [N/A] [N/A] o.f.c.i.s.c.FileSystemClassPathLocationScanner - Scanning for resources in path: C:\Users\ferdi\IdeaProjects\SkinScan\build\resources\main\db\migration (db/migration)
2026-09-01 23:20:49.951 [main] DEBUG [N/A] [N/A] o.f.c.i.s.classpath.ClassPathScanner - Found resource: db/migration/V1__create_users_table.sql
2026-09-01 23:20:49.951 [main] DEBUG [N/A] [N/A] o.f.c.i.s.classpath.ClassPathScanner - Found resource: db/migration/V2__create_photo_table.sql
2026-09-01 23:20:49.951 [main] DEBUG [N/A] [N/A] o.f.c.i.s.classpath.ClassPathScanner - Found resource: db/migration/V3__create_analysis_table.sql
2026-09-01 23:20:49.951 [main] DEBUG [N/A] [N/A] o.f.c.i.s.classpath.ClassPathScanner - Found resource: db/migration/V4__add_index.sql
2026-09-01 23:20:49.951 [main] DEBUG [N/A] [N/A] o.f.c.i.s.classpath.ClassPathScanner - Scanning for classes at classpath:db/migration
2026-09-01 23:20:49.955 [main] DEBUG [N/A] [N/A] o.f.c.i.r.ResourceNameValidator - Validating V2__create_photo_table.sql
2026-09-01 23:20:49.958 [main] INFO  [N/A] [N/A] com.zaxxer.hikari.HikariDataSource - HikariPool-1 - Starting...
2026-09-01 23:20:50.164 [main] INFO  [N/A] [N/A] com.zaxxer.hikari.pool.HikariPool - HikariPool-1 - Added connection org.postgresql.jdbc.PgConnection@3a6e9856
2026-09-01 23:20:50.168 [main] INFO  [N/A] [N/A] com.zaxxer.hikari.HikariDataSource - HikariPool-1 - Start completed.
2026-09-01 23:20:50.196 [main] DEBUG [N/A] [N/A] o.f.c.i.r.ResourceNameValidator - Validating V1__create_users_table.sql
2026-09-01 23:20:50.197 [main] DEBUG [N/A] [N/A] o.f.c.i.r.ResourceNameValidator - Validating V4__add_index.sql
2026-09-01 23:20:50.197 [main] DEBUG [N/A] [N/A] o.f.c.i.r.ResourceNameValidator - Validating V3__create_analysis_table.sql
2026-09-01 23:20:50.205 [main] DEBUG [N/A] [N/A] o.f.c.i.d.DatabaseTypeRegister - Multiple databases found that handle url 'jdbc:postgresql://localhost:5432/skinScan': CockroachDB,PostgreSQL
2026-09-01 23:20:50.206 [main] INFO  [N/A] [N/A] org.flywaydb.core.FlywayExecutor - Database: jdbc:postgresql://localhost:5432/skinScan (PostgreSQL 18.1)
2026-09-01 23:20:50.206 [main] DEBUG [N/A] [N/A] org.flywaydb.core.FlywayExecutor - Database Type: PostgreSQL
2026-09-01 23:20:50.206 [main] DEBUG [N/A] [N/A] org.flywaydb.core.FlywayExecutor - Driver: PostgreSQL JDBC Driver 42.7.11
2026-09-01 23:20:50.207 [main] DEBUG [N/A] [N/A] org.flywaydb.core.FlywayExecutor - DDL Transactions Supported: true
2026-09-01 23:20:50.209 [main] DEBUG [N/A] [N/A] o.f.c.i.s.SchemaHistoryFactory - Schemas: 
2026-09-01 23:20:50.209 [main] DEBUG [N/A] [N/A] o.f.c.i.s.SchemaHistoryFactory - Default schema: null
2026-09-01 23:20:50.219 [main] WARN  [N/A] [N/A] o.f.c.i.database.base.Database - Flyway upgrade recommended: PostgreSQL 18.1 is newer than this version of Flyway and support has not been tested. The latest supported version of PostgreSQL is 16.
2026-09-01 23:20:50.221 [main] DEBUG [N/A] [N/A] o.f.c.i.c.SqlScriptCallbackFactory - Scanning for SQL callbacks ...
2026-09-01 23:20:50.232 [main] DEBUG [N/A] [N/A] o.f.core.internal.command.DbValidate - Validating migrations ...
2026-09-01 23:20:50.235 [main] DEBUG [N/A] [N/A] o.f.c.a.c.ClassicConfiguration - CherryPickConfigurationExtension not found
2026-09-01 23:20:50.245 [main] DEBUG [N/A] [N/A] o.f.core.internal.scanner.Scanner - Filtering out resource: db/migration/V2__create_photo_table.sql (filename: V2__create_photo_table.sql)
2026-09-01 23:20:50.246 [main] DEBUG [N/A] [N/A] o.f.core.internal.scanner.Scanner - Filtering out resource: db/migration/V1__create_users_table.sql (filename: V1__create_users_table.sql)
2026-09-01 23:20:50.246 [main] DEBUG [N/A] [N/A] o.f.core.internal.scanner.Scanner - Filtering out resource: db/migration/V4__add_index.sql (filename: V4__add_index.sql)
2026-09-01 23:20:50.246 [main] DEBUG [N/A] [N/A] o.f.core.internal.scanner.Scanner - Filtering out resource: db/migration/V3__create_analysis_table.sql (filename: V3__create_analysis_table.sql)
2026-09-01 23:20:50.247 [main] DEBUG [N/A] [N/A] o.f.core.internal.scanner.Scanner - Filtering out resource: db/migration/V2__create_photo_table.sql (filename: V2__create_photo_table.sql)
2026-09-01 23:20:50.248 [main] DEBUG [N/A] [N/A] o.f.core.internal.scanner.Scanner - Filtering out resource: db/migration/V1__create_users_table.sql (filename: V1__create_users_table.sql)
2026-09-01 23:20:50.248 [main] DEBUG [N/A] [N/A] o.f.core.internal.scanner.Scanner - Filtering out resource: db/migration/V4__add_index.sql (filename: V4__add_index.sql)
2026-09-01 23:20:50.248 [main] DEBUG [N/A] [N/A] o.f.core.internal.scanner.Scanner - Filtering out resource: db/migration/V3__create_analysis_table.sql (filename: V3__create_analysis_table.sql)
2026-09-01 23:20:50.275 [main] INFO  [N/A] [N/A] o.f.core.internal.command.DbValidate - Successfully validated 4 migrations (execution time 00:00.042s)
2026-09-01 23:20:50.278 [main] DEBUG [N/A] [N/A] o.f.core.internal.command.DbSchemas - Skipping creation of existing schema: "public"
2026-09-01 23:20:50.323 [main] DEBUG [N/A] [N/A] o.f.c.a.c.ClassicConfiguration - CherryPickConfigurationExtension not found
2026-09-01 23:20:50.326 [main] INFO  [N/A] [N/A] o.f.core.internal.command.DbMigrate - Current version of schema "public": 4
2026-09-01 23:20:50.327 [main] INFO  [N/A] [N/A] o.f.core.internal.command.DbMigrate - Schema "public" is up to date. No migration necessary.
2026-09-01 23:20:50.331 [main] DEBUG [N/A] [N/A] org.flywaydb.core.FlywayExecutor - Memory usage: 48 of 80M
2026-09-01 23:20:50.385 [main] DEBUG [N/A] [N/A] o.s.jdbc.datasource.DataSourceUtils - Fetching JDBC Connection from DataSource
2026-09-01 23:20:50.426 [main] INFO  [N/A] [N/A] o.h.jpa.internal.util.LogHelper - HHH000204: Processing PersistenceUnitInfo [name: default]
2026-09-01 23:20:50.495 [main] INFO  [N/A] [N/A] org.hibernate.Version - HHH000412: Hibernate ORM core version 6.2.25.Final
2026-09-01 23:20:50.497 [main] INFO  [N/A] [N/A] org.hibernate.cfg.Environment - HHH000406: Using bytecode reflection optimizer
2026-09-01 23:20:50.942 [main] INFO  [N/A] [N/A] o.s.o.j.p.SpringPersistenceUnitInfo - No LoadTimeWeaver setup: ignoring JPA class transformer
2026-09-01 23:20:52.154 [main] INFO  [N/A] [N/A] o.h.e.t.j.p.i.JtaPlatformInitiator - HHH000489: No JTA platform available (set 'hibernate.transaction.jta.platform' to enable JTA platform integration)
2026-09-01 23:20:52.159 [main] INFO  [N/A] [N/A] o.s.o.j.LocalContainerEntityManagerFactoryBean - Initialized JPA EntityManagerFactory for persistence unit 'default'
2026-09-01 23:20:52.497 [main] INFO  [N/A] [N/A] o.s.d.j.r.query.QueryEnhancerFactory - Hibernate is in classpath; If applicable, HQL parser will be used.
2026-09-01 23:20:53.207 [main] DEBUG [N/A] [N/A] r.s.s.s.filter.RateLimiterFilter - Filter 'rateLimiterFilter' configured for use
2026-09-01 23:20:53.208 [main] DEBUG [N/A] [N/A] r.s.skinscan.config.MdcLoggingFilter - Filter 'mdcLoggingFilter' configured for use
2026-09-01 23:20:53.305 [main] INFO  [N/A] [N/A] r.s.s.d.s.LocalFileStorageService - Инициализация локального хранилища фотографий с начальным путем: C:\Users\ferdi/data/uploads
2026-09-01 23:20:53.309 [main] INFO  [N/A] [N/A] r.s.s.d.s.LocalFileStorageService - Инициализация локального хранилища фотографий успешна завершена!
2026-09-01 23:20:53.357 [main] INFO  [N/A] [N/A] r.s.skinscan.config.AsyncConfig - Photo Task Executor запущен: базовое кол-во потоков=5, максимальное кол-во потоков=10, размер очереди ожидания=100
2026-09-01 23:20:53.359 [main] INFO  [N/A] [N/A] r.s.skinscan.config.AsyncConfig - Recovery Task Executor запущен
2026-09-01 23:20:53.487 [main] WARN  [N/A] [N/A] o.s.b.a.o.j.JpaBaseConfiguration$JpaWebConfiguration - spring.jpa.open-in-view is enabled by default. Therefore, database queries may be performed during view rendering. Explicitly configure spring.jpa.open-in-view to disable this warning
2026-09-01 23:20:53.499 [main] DEBUG [N/A] [N/A] o.s.s.c.a.a.c.AuthenticationConfiguration$DefaultPasswordEncoderAuthenticationManagerBuilder - No authenticationProviders and no parentAuthenticationManager defined. Returning null.
2026-09-01 23:20:53.717 [main] INFO  [N/A] [N/A] o.s.s.web.DefaultSecurityFilterChain - Will secure any request with [org.springframework.security.web.session.DisableEncodeUrlFilter@7ef706b0, org.springframework.security.web.context.request.async.WebAsyncManagerIntegrationFilter@793577e0, org.springframework.security.web.context.SecurityContextHolderFilter@4664cd32, org.springframework.security.web.header.HeaderWriterFilter@3653bb61, org.springframework.web.filter.CorsFilter@39e75e88, org.springframework.security.web.authentication.logout.LogoutFilter@8ccec82, ru.startup.skinscan.security.filter.RateLimiterFilter@529cd3ba, org.springframework.security.web.authentication.www.BasicAuthenticationFilter@675c1335, org.springframework.security.web.savedrequest.RequestCacheAwareFilter@73c25e8, org.springframework.security.web.servletapi.SecurityContextHolderAwareRequestFilter@1ec690bd, org.springframework.security.web.authentication.AnonymousAuthenticationFilter@642ebd4c, org.springframework.security.web.session.SessionManagementFilter@44835de9, org.springframework.security.web.access.ExceptionTranslationFilter@4ec1192f, org.springframework.security.web.access.intercept.AuthorizationFilter@4e4ee99]
2026-09-01 23:20:54.045 [main] INFO  [N/A] [N/A] o.a.coyote.http11.Http11NioProtocol - Starting ProtocolHandler ["http-nio-8080"]
2026-09-01 23:20:54.060 [main] INFO  [N/A] [N/A] o.s.b.w.e.tomcat.TomcatWebServer - Tomcat started on port(s): 8080 (http) with context path ''
2026-09-01 23:20:54.069 [main] INFO  [N/A] [N/A] ru.startup.skinscan.Main - Started Main in 7.212 seconds (process running for 7.933)
2026-09-01 23:20:54.076 [scheduling-1] DEBUG [N/A] [N/A] r.s.s.s.PhotoRecoveryScheduler - Запуск проверки и обработки зависших фотографий
2026-09-01 23:20:54.182 [scheduling-1] DEBUG [N/A] [N/A] org.hibernate.SQL - 
    select
        p1_0.id,
        p1_0.created_at,
        p1_0.file_name,
        p1_0.file_size_bytes,
        p1_0.mime_type,
        p1_0.status,
        p1_0.storage_file_path,
        p1_0.updated_at,
        p1_0.user_id 
    from
        photo p1_0 
    where
        p1_0.status=? 
        and p1_0.created_at<cast(? as timestamp(6) with time zone)
2026-09-01 23:20:54.195 [scheduling-1] DEBUG [N/A] [N/A] r.s.s.s.PhotoRecoveryScheduler - Зависшие фотографии не найдены
2026-09-01 23:20:56.983 [http-nio-8080-exec-1] INFO  [N/A] [N/A] o.a.c.c.C.[Tomcat].[localhost].[/] - Initializing Spring DispatcherServlet 'dispatcherServlet'
2026-09-01 23:20:56.983 [http-nio-8080-exec-1] INFO  [N/A] [N/A] o.s.web.servlet.DispatcherServlet - Initializing Servlet 'dispatcherServlet'
2026-09-01 23:20:56.986 [http-nio-8080-exec-1] INFO  [N/A] [N/A] o.s.web.servlet.DispatcherServlet - Completed initialization in 3 ms
2026-09-01 23:20:57.002 [http-nio-8080-exec-1] DEBUG [N/A] [N/A] o.s.security.web.FilterChainProxy - Securing GET /skinScan/photos
2026-09-01 23:20:57.033 [http-nio-8080-exec-1] DEBUG [N/A] [N/A] org.hibernate.SQL - 
    select
        u1_0.id,
        u1_0.created_at,
        u1_0.email,
        u1_0.login,
        u1_0.password,
        u1_0.phone,
        u1_0.updated_at 
    from
        users u1_0 
    where
        u1_0.login=?
2026-09-01 23:20:57.608 [http-nio-8080-exec-1] DEBUG [N/A] [N/A] org.hibernate.SQL - 
    select
        u1_0.id 
    from
        users u1_0 
    where
        u1_0.login=?
2026-09-01 23:20:58.078 [http-nio-8080-exec-1] INFO  [N/A] [N/A] r.s.s.s.s.CustomUserDetailsService - Поиск пользователя с логином: Andrey600
2026-09-01 23:20:58.079 [http-nio-8080-exec-1] DEBUG [N/A] [N/A] org.hibernate.SQL - 
    select
        u1_0.id,
        u1_0.created_at,
        u1_0.email,
        u1_0.login,
        u1_0.password,
        u1_0.phone,
        u1_0.updated_at 
    from
        users u1_0 
    where
        u1_0.login=?
2026-09-01 23:20:58.081 [http-nio-8080-exec-1] INFO  [N/A] [N/A] r.s.s.s.s.CustomUserDetailsService - Найден пользователь: Andrey600, пароль: $2a$12$82L1ISHBmtE5Mz8Sna4Kr.OxWw0qFyPc2rdTy8Pr6YSNBBPgoLaiK
2026-09-01 23:20:58.574 [http-nio-8080-exec-1] DEBUG [N/A] [N/A] o.s.s.a.d.DaoAuthenticationProvider - Authenticated user
2026-09-01 23:20:58.575 [http-nio-8080-exec-1] DEBUG [N/A] [N/A] o.s.s.w.a.w.BasicAuthenticationFilter - Set SecurityContextHolder to UsernamePasswordAuthenticationToken [Principal=org.springframework.security.core.userdetails.User [Username=Andrey600, Password=[PROTECTED], Enabled=true, AccountNonExpired=true, credentialsNonExpired=true, AccountNonLocked=true, Granted Authorities=[]], Credentials=[PROTECTED], Authenticated=true, Details=WebAuthenticationDetails [RemoteIpAddress=127.0.0.1, SessionId=null], Granted Authorities=[]]
2026-09-01 23:20:58.578 [http-nio-8080-exec-1] DEBUG [N/A] [N/A] o.s.security.web.FilterChainProxy - Secured GET /skinScan/photos
2026-09-01 23:20:58.601 [http-nio-8080-exec-1] DEBUG [6a18633f-e1b0-4988-a2c3-64468008c86e] [NO_SESSION] org.hibernate.SQL - 
    select
        p1_0.id,
        p1_0.created_at,
        p1_0.file_name,
        p1_0.file_size_bytes,
        p1_0.mime_type,
        p1_0.status,
        p1_0.storage_file_path,
        p1_0.updated_at,
        p1_0.user_id 
    from
        photo p1_0 
    where
        p1_0.user_id=?
2026-09-01 23:20:58.604 [http-nio-8080-exec-1] INFO  [6a18633f-e1b0-4988-a2c3-64468008c86e] [NO_SESSION] r.s.s.d.service.PhotoServiceImpl - Получены все метаданные фоток пользователя 64641147-39de-45f8-a11f-7f57eb2805dc
2026-09-01 23:20:58.604 [http-nio-8080-exec-1] WARN  [6a18633f-e1b0-4988-a2c3-64468008c86e] [NO_SESSION] r.s.s.d.s.LocalFileStorageService - Подписанный URLs для локального хранилища не поддерживается, обычный URL для пути: 805dc/2026/09/f0b5e69a-a640-4119-94d6-bf7d46893f06.jpg
2026-09-01 23:20:58.608 [http-nio-8080-exec-1] DEBUG [6a18633f-e1b0-4988-a2c3-64468008c86e] [NO_SESSION] org.hibernate.SQL - 
    select
        p1_0.id,
        p1_0.created_at,
        p1_0.file_name,
        p1_0.file_size_bytes,
        p1_0.mime_type,
        p1_0.status,
        p1_0.storage_file_path,
        p1_0.updated_at,
        p1_0.user_id 
    from
        photo p1_0 
    where
        p1_0.file_name=? 
        and p1_0.user_id=?
2026-09-01 23:20:58.612 [http-nio-8080-exec-1] INFO  [6a18633f-e1b0-4988-a2c3-64468008c86e] [NO_SESSION] r.s.s.d.service.PhotoServiceImpl - Получено id b120816d-b59b-4130-bdfd-8a6cf3e667f8 фото с именем skin3.jpg
2026-09-01 23:20:58.612 [http-nio-8080-exec-1] INFO  [6a18633f-e1b0-4988-a2c3-64468008c86e] [NO_SESSION] r.s.s.d.service.PhotoServiceImpl - Получены URL для всех фото пользователя 64641147-39de-45f8-a11f-7f57eb2805dc
2026-09-01 23:20:58.616 [http-nio-8080-exec-1] DEBUG [6a18633f-e1b0-4988-a2c3-64468008c86e] [NO_SESSION] o.s.jdbc.datasource.DataSourceUtils - Setting JDBC Connection [HikariProxyConnection@25939526 wrapping org.postgresql.jdbc.PgConnection@3a6e9856] read-only
2026-09-01 23:20:58.623 [http-nio-8080-exec-1] DEBUG [6a18633f-e1b0-4988-a2c3-64468008c86e] [NO_SESSION] o.s.jdbc.datasource.DataSourceUtils - Resetting read-only flag of JDBC Connection [HikariProxyConnection@25939526 wrapping org.postgresql.jdbc.PgConnection@3a6e9856]
2026-09-01 23:20:58.624 [http-nio-8080-exec-1] INFO  [6a18633f-e1b0-4988-a2c3-64468008c86e] [NO_SESSION] r.s.s.d.service.PhotoServiceImpl - Метаданные фото из БД b120816d-b59b-4130-bdfd-8a6cf3e667f8 получены
2026-09-01 23:21:21.662 [http-nio-8080-exec-4] DEBUG [N/A] [N/A] o.s.security.web.FilterChainProxy - Securing POST /skinScan/photos/upload
2026-09-01 23:21:21.665 [http-nio-8080-exec-4] DEBUG [N/A] [N/A] org.hibernate.SQL - 
    select
        u1_0.id,
        u1_0.created_at,
        u1_0.email,
        u1_0.login,
        u1_0.password,
        u1_0.phone,
        u1_0.updated_at 
    from
        users u1_0 
    where
        u1_0.login=?
2026-09-01 23:21:22.080 [http-nio-8080-exec-4] DEBUG [N/A] [N/A] org.hibernate.SQL - 
    select
        u1_0.id 
    from
        users u1_0 
    where
        u1_0.login=?
2026-09-01 23:21:22.081 [http-nio-8080-exec-4] INFO  [N/A] [N/A] r.s.s.s.s.CustomUserDetailsService - Поиск пользователя с логином: Andrey600
2026-09-01 23:21:22.083 [http-nio-8080-exec-4] DEBUG [N/A] [N/A] org.hibernate.SQL - 
    select
        u1_0.id,
        u1_0.created_at,
        u1_0.email,
        u1_0.login,
        u1_0.password,
        u1_0.phone,
        u1_0.updated_at 
    from
        users u1_0 
    where
        u1_0.login=?
2026-09-01 23:21:22.084 [http-nio-8080-exec-4] INFO  [N/A] [N/A] r.s.s.s.s.CustomUserDetailsService - Найден пользователь: Andrey600, пароль: $2a$12$82L1ISHBmtE5Mz8Sna4Kr.OxWw0qFyPc2rdTy8Pr6YSNBBPgoLaiK
2026-09-01 23:21:22.595 [http-nio-8080-exec-4] DEBUG [N/A] [N/A] o.s.s.a.d.DaoAuthenticationProvider - Authenticated user
2026-09-01 23:21:22.596 [http-nio-8080-exec-4] DEBUG [N/A] [N/A] o.s.s.w.a.w.BasicAuthenticationFilter - Set SecurityContextHolder to UsernamePasswordAuthenticationToken [Principal=org.springframework.security.core.userdetails.User [Username=Andrey600, Password=[PROTECTED], Enabled=true, AccountNonExpired=true, credentialsNonExpired=true, AccountNonLocked=true, Granted Authorities=[]], Credentials=[PROTECTED], Authenticated=true, Details=WebAuthenticationDetails [RemoteIpAddress=127.0.0.1, SessionId=null], Granted Authorities=[]]
2026-09-01 23:21:22.596 [http-nio-8080-exec-4] DEBUG [N/A] [N/A] o.s.security.web.FilterChainProxy - Secured POST /skinScan/photos/upload
2026-09-01 23:21:22.785 [http-nio-8080-exec-4] DEBUG [16cd43ff-be84-457e-93f8-15d664339aff] [NO_SESSION] org.hibernate.SQL - 
    select
        p1_0.id,
        p1_0.created_at,
        p1_0.file_name,
        p1_0.file_size_bytes,
        p1_0.mime_type,
        p1_0.status,
        p1_0.storage_file_path,
        p1_0.updated_at,
        p1_0.user_id 
    from
        photo p1_0 
    where
        p1_0.file_name=? 
        and p1_0.user_id=?
2026-09-01 23:21:22.829 [http-nio-8080-exec-4] DEBUG [16cd43ff-be84-457e-93f8-15d664339aff] [NO_SESSION] r.s.s.d.s.LocalFileStorageService - Файл сохранится в директории: C:\Users\ferdi\data\uploads\805dc\2026\09\7f9ce35f-5ced-460e-9a91-379e0b9daf42.exe, с временной директорией: C:\Users\ferdi\data\uploads\805dc\2026\09\temp\.7f9ce35f-5ced-460e-9a91-379e0b9daf42.exe.tmp
2026-09-01 23:21:22.847 [http-nio-8080-exec-4] INFO  [16cd43ff-be84-457e-93f8-15d664339aff] [NO_SESSION] r.s.s.d.s.LocalFileStorageService - Файл успешно сохранен: 805dc/2026/09/7f9ce35f-5ced-460e-9a91-379e0b9daf42.exe, с размером: 12391632 байт
2026-09-01 23:21:22.849 [http-nio-8080-exec-4] INFO  [16cd43ff-be84-457e-93f8-15d664339aff] [NO_SESSION] r.s.s.d.service.PhotoServiceImpl - Фото сохранено в хранилище
2026-09-01 23:21:22.858 [http-nio-8080-exec-4] DEBUG [16cd43ff-be84-457e-93f8-15d664339aff] [NO_SESSION] org.hibernate.SQL - 
    select
        p1_0.id,
        p1_0.created_at,
        p1_0.file_name,
        p1_0.file_size_bytes,
        p1_0.mime_type,
        p1_0.status,
        p1_0.storage_file_path,
        p1_0.updated_at,
        p1_0.user_id 
    from
        photo p1_0 
    where
        p1_0.id=?
2026-09-01 23:21:22.872 [http-nio-8080-exec-4] INFO  [16cd43ff-be84-457e-93f8-15d664339aff] [NO_SESSION] r.s.s.d.service.PhotoServiceImpl - Метаданные фото 59e47bd2-8c7d-48d0-96d4-51ef7306c253 сохранены в БД
2026-09-01 23:21:22.883 [http-nio-8080-exec-4] INFO  [16cd43ff-be84-457e-93f8-15d664339aff] [NO_SESSION] r.s.s.d.service.PhotoServiceImpl - Запуск асинхронной обработки фото 59e47bd2-8c7d-48d0-96d4-51ef7306c253
2026-09-01 23:21:22.884 [PhotoProcessor-1] INFO  [N/A] [N/A] r.s.s.d.s.AsyncPhotoProcessingExecutor - Запущен асинхронный процесс с фото: 59e47bd2-8c7d-48d0-96d4-51ef7306c253, пользователя: 64641147-39de-45f8-a11f-7f57eb2805dc
2026-09-01 23:21:22.902 [http-nio-8080-exec-4] DEBUG [16cd43ff-be84-457e-93f8-15d664339aff] [NO_SESSION] org.hibernate.SQL - 
    insert 
    into
        photo
        (created_at,file_name,file_size_bytes,mime_type,status,storage_file_path,updated_at,user_id,id) 
    values
        (?,?,?,?,?,?,?,?,?)
2026-09-01 23:21:23.900 [PhotoProcessor-1] DEBUG [N/A] [N/A] o.s.jdbc.datasource.DataSourceUtils - Setting JDBC Connection [HikariProxyConnection@190260562 wrapping org.postgresql.jdbc.PgConnection@3a6e9856] read-only
2026-09-01 23:21:23.903 [PhotoProcessor-1] DEBUG [N/A] [N/A] org.hibernate.SQL - 
    select
        p1_0.id,
        p1_0.created_at,
        p1_0.file_name,
        p1_0.file_size_bytes,
        p1_0.mime_type,
        p1_0.status,
        p1_0.storage_file_path,
        p1_0.updated_at,
        p1_0.user_id 
    from
        photo p1_0 
    where
        p1_0.id=?
2026-09-01 23:21:23.909 [PhotoProcessor-1] DEBUG [N/A] [N/A] o.s.jdbc.datasource.DataSourceUtils - Resetting read-only flag of JDBC Connection [HikariProxyConnection@190260562 wrapping org.postgresql.jdbc.PgConnection@3a6e9856]
2026-09-01 23:21:23.932 [PhotoProcessor-1] DEBUG [N/A] [N/A] org.hibernate.SQL - 
    update
        photo 
    set
        status=?,
        updated_at=cast(? as timestamp(6) with time zone) 
    where
        id=?
2026-09-01 23:21:23.935 [PhotoProcessor-1] INFO  [N/A] [N/A] r.s.s.d.s.AsyncPhotoProcessingExecutor - Сменен статус фото 59e47bd2-8c7d-48d0-96d4-51ef7306c253 на PROCESSING
2026-09-01 23:21:23.939 [PhotoProcessor-1] DEBUG [N/A] [N/A] org.hibernate.SQL - 
    select
        a1_0.id,
        a1_0.completed_at,
        a1_0.photo_id,
        a1_0.requested_at,
        a1_0.result,
        a1_0.status 
    from
        analysis a1_0 
    where
        a1_0.id=?
2026-09-01 23:21:23.953 [PhotoProcessor-1] DEBUG [N/A] [N/A] org.hibernate.SQL - 
    insert 
    into
        analysis
        (completed_at,photo_id,requested_at,result,status,id) 
    values
        (?,?,?,?,?,?)
2026-09-01 23:21:23.987 [PhotoProcessor-1] INFO  [N/A] [N/A] r.s.s.d.s.AsyncPhotoProcessingExecutor - Сформирован запрос к ML сервису для фото: 59e47bd2-8c7d-48d0-96d4-51ef7306c253, размером: 12391632 байт
2026-09-01 23:21:23.987 [PhotoProcessor-1] INFO  [N/A] [N/A] r.s.s.d.s.AsyncPhotoProcessingExecutor - Вызов ML анализа фото: 59e47bd2-8c7d-48d0-96d4-51ef7306c253
2026-09-01 23:21:23.987 [PhotoProcessor-1] INFO  [N/A] [N/A] ru.startup.skinscan.ML.StubMLClient - Заглушка ML: Анализ фото: 59e47bd2-8c7d-48d0-96d4-51ef7306c253
2026-09-01 23:21:28.012 [PhotoProcessor-1] INFO  [N/A] [N/A] ru.startup.skinscan.ML.StubMLClient - Заглушка ML: Фото: 59e47bd2-8c7d-48d0-96d4-51ef7306c253 обработано за 4024 ms
2026-09-01 23:21:28.013 [PhotoProcessor-1] INFO  [N/A] [N/A] r.s.s.d.s.AsyncPhotoProcessingExecutor - ML анализ фото: 59e47bd2-8c7d-48d0-96d4-51ef7306c253, завершен за время: 4026ms
2026-09-01 23:21:28.030 [PhotoProcessor-1] DEBUG [N/A] [N/A] org.hibernate.SQL - 
    update
        analysis 
    set
        result=?,
        status=?,
        completed_at=cast(? as timestamp(6) with time zone) 
    where
        id=?
2026-09-01 23:21:28.047 [PhotoProcessor-1] DEBUG [N/A] [N/A] org.hibernate.SQL - 
    update
        photo 
    set
        status=?,
        updated_at=cast(? as timestamp(6) with time zone) 
    where
        id=?
2026-09-01 23:21:28.049 [PhotoProcessor-1] INFO  [N/A] [N/A] r.s.s.d.s.AsyncPhotoProcessingExecutor - Анализ фото 59e47bd2-8c7d-48d0-96d4-51ef7306c253 успешно завершен
2026-09-01 23:22:54.202 [scheduling-1] DEBUG [N/A] [N/A] r.s.s.s.PhotoRecoveryScheduler - Запуск проверки и обработки зависших фотографий
2026-09-01 23:22:54.204 [scheduling-1] DEBUG [N/A] [N/A] org.hibernate.SQL - 
    select
        p1_0.id,
        p1_0.created_at,
        p1_0.file_name,
        p1_0.file_size_bytes,
        p1_0.mime_type,
        p1_0.status,
        p1_0.storage_file_path,
        p1_0.updated_at,
        p1_0.user_id 
    from
        photo p1_0 
    where
        p1_0.status=? 
        and p1_0.created_at<cast(? as timestamp(6) with time zone)
2026-09-01 23:22:54.205 [scheduling-1] DEBUG [N/A] [N/A] r.s.s.s.PhotoRecoveryScheduler - Зависшие фотографии не найдены
2026-09-01 23:24:48.063 [SpringApplicationShutdownHook] INFO  [N/A] [N/A] o.s.o.j.LocalContainerEntityManagerFactoryBean - Closing JPA EntityManagerFactory for persistence unit 'default'
2026-09-01 23:24:48.066 [SpringApplicationShutdownHook] INFO  [N/A] [N/A] com.zaxxer.hikari.HikariDataSource - HikariPool-1 - Shutdown initiated...
2026-09-01 23:24:48.070 [SpringApplicationShutdownHook] INFO  [N/A] [N/A] com.zaxxer.hikari.HikariDataSource - HikariPool-1 - Shutdown completed.
2026-09-01 23:29:05.237 [background-preinit] INFO  [N/A] [N/A] o.h.validator.internal.util.Version - HV000001: Hibernate Validator 8.0.1.Final
2026-09-01 23:29:05.281 [main] INFO  [N/A] [N/A] ru.startup.skinscan.Main - Starting Main using Java 21.0.10 with PID 26436 (C:\Users\ferdi\IdeaProjects\SkinScan\build\classes\java\main started by ferdi in C:\Users\ferdi\IdeaProjects\SkinScan)
2026-09-01 23:29:05.282 [main] DEBUG [N/A] [N/A] ru.startup.skinscan.Main - Running with Spring Boot v3.1.12, Spring v6.0.21
2026-09-01 23:29:05.282 [main] INFO  [N/A] [N/A] ru.startup.skinscan.Main - The following 1 profile is active: "local"
2026-09-01 23:29:06.214 [main] INFO  [N/A] [N/A] o.s.d.r.c.RepositoryConfigurationDelegate - Bootstrapping Spring Data JPA repositories in DEFAULT mode.
2026-09-01 23:29:06.291 [main] INFO  [N/A] [N/A] o.s.d.r.c.RepositoryConfigurationDelegate - Finished Spring Data repository scanning in 70 ms. Found 3 JPA repository interfaces.
2026-09-01 23:29:07.372 [main] INFO  [N/A] [N/A] o.s.b.w.e.tomcat.TomcatWebServer - Tomcat initialized with port(s): 8080 (http)
2026-09-01 23:29:07.390 [main] INFO  [N/A] [N/A] o.a.coyote.http11.Http11NioProtocol - Initializing ProtocolHandler ["http-nio-8080"]
2026-09-01 23:29:07.394 [main] INFO  [N/A] [N/A] o.a.catalina.core.StandardService - Starting service [Tomcat]
2026-09-01 23:29:07.395 [main] INFO  [N/A] [N/A] o.a.catalina.core.StandardEngine - Starting Servlet engine: [Apache Tomcat/10.1.24]
2026-09-01 23:29:07.769 [main] INFO  [N/A] [N/A] o.a.c.c.C.[Tomcat].[localhost].[/] - Initializing Spring embedded WebApplicationContext
2026-09-01 23:29:07.770 [main] INFO  [N/A] [N/A] o.s.b.w.s.c.ServletWebServerApplicationContext - Root WebApplicationContext: initialization completed in 2435 ms
2026-09-01 23:29:07.837 [main] INFO  [N/A] [N/A] r.s.s.s.r.RateLimiterInMemory - RateLimiter инициализирован с интервалом очистки: 300с
2026-09-01 23:29:08.461 [main] DEBUG [N/A] [N/A] o.f.c.i.s.classpath.ClassPathScanner - Scanning for classpath resources at 'classpath:db/callback' ...
2026-09-01 23:29:08.462 [main] DEBUG [N/A] [N/A] o.f.c.i.s.classpath.ClassPathScanner - Determining location urls for classpath:db/callback using ClassLoader TomcatEmbeddedWebappClassLoader
  context: ROOT
  delegate: true
----------> Parent Classloader:
jdk.internal.loader.ClassLoaders$AppClassLoader@3fee733d
 ...
2026-09-01 23:29:08.463 [main] DEBUG [N/A] [N/A] o.f.c.i.s.classpath.ClassPathScanner - Unable to resolve location classpath:db/callback.
2026-09-01 23:29:08.463 [main] DEBUG [N/A] [N/A] o.f.c.i.s.classpath.ClassPathScanner - Scanning for classpath resources at 'classpath:db/migration' ...
2026-09-01 23:29:08.463 [main] DEBUG [N/A] [N/A] o.f.c.i.s.classpath.ClassPathScanner - Determining location urls for classpath:db/migration using ClassLoader TomcatEmbeddedWebappClassLoader
  context: ROOT
  delegate: true
----------> Parent Classloader:
jdk.internal.loader.ClassLoaders$AppClassLoader@3fee733d
 ...
2026-09-01 23:29:08.464 [main] DEBUG [N/A] [N/A] o.f.c.i.s.classpath.ClassPathScanner - Scanning URL: file:/C:/Users/ferdi/IdeaProjects/SkinScan/build/resources/main/db/migration
2026-09-01 23:29:08.467 [main] DEBUG [N/A] [N/A] o.f.c.i.s.c.FileSystemClassPathLocationScanner - Scanning starting at classpath root in filesystem: C:\Users\ferdi\IdeaProjects\SkinScan\build\resources\main\
2026-09-01 23:29:08.468 [main] DEBUG [N/A] [N/A] o.f.c.i.s.c.FileSystemClassPathLocationScanner - Scanning for resources in path: C:\Users\ferdi\IdeaProjects\SkinScan\build\resources\main\db\migration (db/migration)
2026-09-01 23:29:08.473 [main] DEBUG [N/A] [N/A] o.f.c.i.s.classpath.ClassPathScanner - Found resource: db/migration/V1__create_users_table.sql
2026-09-01 23:29:08.473 [main] DEBUG [N/A] [N/A] o.f.c.i.s.classpath.ClassPathScanner - Found resource: db/migration/V2__create_photo_table.sql
2026-09-01 23:29:08.473 [main] DEBUG [N/A] [N/A] o.f.c.i.s.classpath.ClassPathScanner - Found resource: db/migration/V3__create_analysis_table.sql
2026-09-01 23:29:08.473 [main] DEBUG [N/A] [N/A] o.f.c.i.s.classpath.ClassPathScanner - Found resource: db/migration/V4__add_index.sql
2026-09-01 23:29:08.473 [main] DEBUG [N/A] [N/A] o.f.c.i.s.classpath.ClassPathScanner - Scanning for classes at classpath:db/migration
2026-09-01 23:29:08.483 [main] DEBUG [N/A] [N/A] o.f.c.i.r.ResourceNameValidator - Validating V2__create_photo_table.sql
2026-09-01 23:29:08.497 [main] INFO  [N/A] [N/A] com.zaxxer.hikari.HikariDataSource - HikariPool-1 - Starting...
2026-09-01 23:29:08.880 [main] INFO  [N/A] [N/A] com.zaxxer.hikari.pool.HikariPool - HikariPool-1 - Added connection org.postgresql.jdbc.PgConnection@ca7e37f
2026-09-01 23:29:08.885 [main] INFO  [N/A] [N/A] com.zaxxer.hikari.HikariDataSource - HikariPool-1 - Start completed.
2026-09-01 23:29:08.945 [main] DEBUG [N/A] [N/A] o.f.c.i.r.ResourceNameValidator - Validating V1__create_users_table.sql
2026-09-01 23:29:08.947 [main] DEBUG [N/A] [N/A] o.f.c.i.r.ResourceNameValidator - Validating V4__add_index.sql
2026-09-01 23:29:08.947 [main] DEBUG [N/A] [N/A] o.f.c.i.r.ResourceNameValidator - Validating V3__create_analysis_table.sql
2026-09-01 23:29:08.957 [main] DEBUG [N/A] [N/A] o.f.c.i.d.DatabaseTypeRegister - Multiple databases found that handle url 'jdbc:postgresql://localhost:5432/skinScan': CockroachDB,PostgreSQL
2026-09-01 23:29:08.958 [main] INFO  [N/A] [N/A] org.flywaydb.core.FlywayExecutor - Database: jdbc:postgresql://localhost:5432/skinScan (PostgreSQL 18.1)
2026-09-01 23:29:08.958 [main] DEBUG [N/A] [N/A] org.flywaydb.core.FlywayExecutor - Database Type: PostgreSQL
2026-09-01 23:29:08.958 [main] DEBUG [N/A] [N/A] org.flywaydb.core.FlywayExecutor - Driver: PostgreSQL JDBC Driver 42.7.11
2026-09-01 23:29:08.958 [main] DEBUG [N/A] [N/A] org.flywaydb.core.FlywayExecutor - DDL Transactions Supported: true
2026-09-01 23:29:08.960 [main] DEBUG [N/A] [N/A] o.f.c.i.s.SchemaHistoryFactory - Schemas: 
2026-09-01 23:29:08.960 [main] DEBUG [N/A] [N/A] o.f.c.i.s.SchemaHistoryFactory - Default schema: null
2026-09-01 23:29:08.969 [main] WARN  [N/A] [N/A] o.f.c.i.database.base.Database - Flyway upgrade recommended: PostgreSQL 18.1 is newer than this version of Flyway and support has not been tested. The latest supported version of PostgreSQL is 16.
2026-09-01 23:29:08.970 [main] DEBUG [N/A] [N/A] o.f.c.i.c.SqlScriptCallbackFactory - Scanning for SQL callbacks ...
2026-09-01 23:29:08.983 [main] DEBUG [N/A] [N/A] o.f.core.internal.command.DbValidate - Validating migrations ...
2026-09-01 23:29:08.988 [main] DEBUG [N/A] [N/A] o.f.c.a.c.ClassicConfiguration - CherryPickConfigurationExtension not found
2026-09-01 23:29:09.012 [main] DEBUG [N/A] [N/A] o.f.core.internal.scanner.Scanner - Filtering out resource: db/migration/V2__create_photo_table.sql (filename: V2__create_photo_table.sql)
2026-09-01 23:29:09.013 [main] DEBUG [N/A] [N/A] o.f.core.internal.scanner.Scanner - Filtering out resource: db/migration/V1__create_users_table.sql (filename: V1__create_users_table.sql)
2026-09-01 23:29:09.013 [main] DEBUG [N/A] [N/A] o.f.core.internal.scanner.Scanner - Filtering out resource: db/migration/V4__add_index.sql (filename: V4__add_index.sql)
2026-09-01 23:29:09.013 [main] DEBUG [N/A] [N/A] o.f.core.internal.scanner.Scanner - Filtering out resource: db/migration/V3__create_analysis_table.sql (filename: V3__create_analysis_table.sql)
2026-09-01 23:29:09.015 [main] DEBUG [N/A] [N/A] o.f.core.internal.scanner.Scanner - Filtering out resource: db/migration/V2__create_photo_table.sql (filename: V2__create_photo_table.sql)
2026-09-01 23:29:09.016 [main] DEBUG [N/A] [N/A] o.f.core.internal.scanner.Scanner - Filtering out resource: db/migration/V1__create_users_table.sql (filename: V1__create_users_table.sql)
2026-09-01 23:29:09.016 [main] DEBUG [N/A] [N/A] o.f.core.internal.scanner.Scanner - Filtering out resource: db/migration/V4__add_index.sql (filename: V4__add_index.sql)
2026-09-01 23:29:09.018 [main] DEBUG [N/A] [N/A] o.f.core.internal.scanner.Scanner - Filtering out resource: db/migration/V3__create_analysis_table.sql (filename: V3__create_analysis_table.sql)
2026-09-01 23:29:09.060 [main] INFO  [N/A] [N/A] o.f.core.internal.command.DbValidate - Successfully validated 4 migrations (execution time 00:00.074s)
2026-09-01 23:29:09.062 [main] DEBUG [N/A] [N/A] o.f.core.internal.command.DbSchemas - Skipping creation of existing schema: "public"
2026-09-01 23:29:09.071 [main] DEBUG [N/A] [N/A] o.f.c.a.c.ClassicConfiguration - CherryPickConfigurationExtension not found
2026-09-01 23:29:09.073 [main] INFO  [N/A] [N/A] o.f.core.internal.command.DbMigrate - Current version of schema "public": 4
2026-09-01 23:29:09.077 [main] INFO  [N/A] [N/A] o.f.core.internal.command.DbMigrate - Schema "public" is up to date. No migration necessary.
2026-09-01 23:29:09.082 [main] DEBUG [N/A] [N/A] org.flywaydb.core.FlywayExecutor - Memory usage: 31 of 66M
2026-09-01 23:29:09.182 [main] DEBUG [N/A] [N/A] o.s.jdbc.datasource.DataSourceUtils - Fetching JDBC Connection from DataSource
2026-09-01 23:29:09.268 [main] INFO  [N/A] [N/A] o.h.jpa.internal.util.LogHelper - HHH000204: Processing PersistenceUnitInfo [name: default]
2026-09-01 23:29:09.421 [main] INFO  [N/A] [N/A] org.hibernate.Version - HHH000412: Hibernate ORM core version 6.2.25.Final
2026-09-01 23:29:09.429 [main] INFO  [N/A] [N/A] org.hibernate.cfg.Environment - HHH000406: Using bytecode reflection optimizer
2026-09-01 23:29:10.965 [main] INFO  [N/A] [N/A] o.s.o.j.p.SpringPersistenceUnitInfo - No LoadTimeWeaver setup: ignoring JPA class transformer
2026-09-01 23:29:13.022 [main] INFO  [N/A] [N/A] o.h.e.t.j.p.i.JtaPlatformInitiator - HHH000489: No JTA platform available (set 'hibernate.transaction.jta.platform' to enable JTA platform integration)
2026-09-01 23:29:13.030 [main] INFO  [N/A] [N/A] o.s.o.j.LocalContainerEntityManagerFactoryBean - Initialized JPA EntityManagerFactory for persistence unit 'default'
2026-09-01 23:29:13.272 [main] INFO  [N/A] [N/A] o.s.d.j.r.query.QueryEnhancerFactory - Hibernate is in classpath; If applicable, HQL parser will be used.
2026-09-01 23:29:13.814 [main] DEBUG [N/A] [N/A] r.s.s.s.filter.RateLimiterFilter - Filter 'rateLimiterFilter' configured for use
2026-09-01 23:29:13.815 [main] DEBUG [N/A] [N/A] r.s.skinscan.config.MdcLoggingFilter - Filter 'mdcLoggingFilter' configured for use
2026-09-01 23:29:13.898 [main] INFO  [N/A] [N/A] r.s.s.d.s.LocalFileStorageService - Инициализация локального хранилища фотографий с начальным путем: C:\Users\ferdi/data/uploads
2026-09-01 23:29:13.899 [main] INFO  [N/A] [N/A] r.s.s.d.s.LocalFileStorageService - Инициализация локального хранилища фотографий успешна завершена!
2026-09-01 23:29:13.946 [main] INFO  [N/A] [N/A] r.s.skinscan.config.AsyncConfig - Photo Task Executor запущен: базовое кол-во потоков=5, максимальное кол-во потоков=10, размер очереди ожидания=100
2026-09-01 23:29:13.948 [main] INFO  [N/A] [N/A] r.s.skinscan.config.AsyncConfig - Recovery Task Executor запущен
2026-09-01 23:29:14.062 [main] WARN  [N/A] [N/A] o.s.b.a.o.j.JpaBaseConfiguration$JpaWebConfiguration - spring.jpa.open-in-view is enabled by default. Therefore, database queries may be performed during view rendering. Explicitly configure spring.jpa.open-in-view to disable this warning
2026-09-01 23:29:14.080 [main] DEBUG [N/A] [N/A] o.s.s.c.a.a.c.AuthenticationConfiguration$DefaultPasswordEncoderAuthenticationManagerBuilder - No authenticationProviders and no parentAuthenticationManager defined. Returning null.
2026-09-01 23:29:14.305 [main] INFO  [N/A] [N/A] o.s.s.web.DefaultSecurityFilterChain - Will secure any request with [org.springframework.security.web.session.DisableEncodeUrlFilter@3426d8e2, org.springframework.security.web.context.request.async.WebAsyncManagerIntegrationFilter@675c1335, org.springframework.security.web.context.SecurityContextHolderFilter@186f7553, org.springframework.security.web.header.HeaderWriterFilter@6cfa20c1, org.springframework.web.filter.CorsFilter@4f31e47a, org.springframework.security.web.authentication.logout.LogoutFilter@490dc900, ru.startup.skinscan.security.filter.RateLimiterFilter@66d62c59, org.springframework.security.web.authentication.www.BasicAuthenticationFilter@1548dc37, org.springframework.security.web.savedrequest.RequestCacheAwareFilter@734d870f, org.springframework.security.web.servletapi.SecurityContextHolderAwareRequestFilter@73c25e8, org.springframework.security.web.authentication.AnonymousAuthenticationFilter@7c142018, org.springframework.security.web.session.SessionManagementFilter@17e96b3c, org.springframework.security.web.access.ExceptionTranslationFilter@1703e50d, org.springframework.security.web.access.intercept.AuthorizationFilter@642270ad]
2026-09-01 23:29:14.611 [main] INFO  [N/A] [N/A] o.a.coyote.http11.Http11NioProtocol - Starting ProtocolHandler ["http-nio-8080"]
2026-09-01 23:29:14.626 [main] INFO  [N/A] [N/A] o.s.b.w.e.tomcat.TomcatWebServer - Tomcat started on port(s): 8080 (http) with context path ''
2026-09-01 23:29:14.635 [main] INFO  [N/A] [N/A] ru.startup.skinscan.Main - Started Main in 10.012 seconds (process running for 10.944)
2026-09-01 23:29:14.642 [scheduling-1] DEBUG [N/A] [N/A] r.s.s.s.PhotoRecoveryScheduler - Запуск проверки и обработки зависших фотографий
2026-09-01 23:29:14.750 [scheduling-1] DEBUG [N/A] [N/A] org.hibernate.SQL - 
    select
        p1_0.id,
        p1_0.created_at,
        p1_0.file_name,
        p1_0.file_size_bytes,
        p1_0.mime_type,
        p1_0.status,
        p1_0.storage_file_path,
        p1_0.updated_at,
        p1_0.user_id 
    from
        photo p1_0 
    where
        p1_0.status=? 
        and p1_0.created_at<cast(? as timestamp(6) with time zone)
2026-09-01 23:29:14.757 [scheduling-1] DEBUG [N/A] [N/A] r.s.s.s.PhotoRecoveryScheduler - Зависшие фотографии не найдены
2026-09-01 23:29:21.817 [http-nio-8080-exec-1] INFO  [N/A] [N/A] o.a.c.c.C.[Tomcat].[localhost].[/] - Initializing Spring DispatcherServlet 'dispatcherServlet'
2026-09-01 23:29:21.817 [http-nio-8080-exec-1] INFO  [N/A] [N/A] o.s.web.servlet.DispatcherServlet - Initializing Servlet 'dispatcherServlet'
2026-09-01 23:29:21.819 [http-nio-8080-exec-1] INFO  [N/A] [N/A] o.s.web.servlet.DispatcherServlet - Completed initialization in 2 ms
2026-09-01 23:29:21.844 [http-nio-8080-exec-1] DEBUG [N/A] [N/A] o.s.security.web.FilterChainProxy - Securing POST /skinScan/photos/upload
2026-09-01 23:29:21.874 [http-nio-8080-exec-1] DEBUG [N/A] [N/A] org.hibernate.SQL - 
    select
        u1_0.id,
        u1_0.created_at,
        u1_0.email,
        u1_0.login,
        u1_0.password,
        u1_0.phone,
        u1_0.updated_at 
    from
        users u1_0 
    where
        u1_0.login=?
2026-09-01 23:29:22.350 [http-nio-8080-exec-1] DEBUG [N/A] [N/A] org.hibernate.SQL - 
    select
        u1_0.id 
    from
        users u1_0 
    where
        u1_0.login=?
2026-09-01 23:29:22.772 [http-nio-8080-exec-1] INFO  [N/A] [N/A] r.s.s.s.s.CustomUserDetailsService - Поиск пользователя с логином: Andrey600
2026-09-01 23:29:22.774 [http-nio-8080-exec-1] DEBUG [N/A] [N/A] org.hibernate.SQL - 
    select
        u1_0.id,
        u1_0.created_at,
        u1_0.email,
        u1_0.login,
        u1_0.password,
        u1_0.phone,
        u1_0.updated_at 
    from
        users u1_0 
    where
        u1_0.login=?
2026-09-01 23:29:22.776 [http-nio-8080-exec-1] INFO  [N/A] [N/A] r.s.s.s.s.CustomUserDetailsService - Найден пользователь: Andrey600, пароль: $2a$12$82L1ISHBmtE5Mz8Sna4Kr.OxWw0qFyPc2rdTy8Pr6YSNBBPgoLaiK
2026-09-01 23:29:23.226 [http-nio-8080-exec-1] DEBUG [N/A] [N/A] o.s.s.a.d.DaoAuthenticationProvider - Authenticated user
2026-09-01 23:29:23.227 [http-nio-8080-exec-1] DEBUG [N/A] [N/A] o.s.s.w.a.w.BasicAuthenticationFilter - Set SecurityContextHolder to UsernamePasswordAuthenticationToken [Principal=org.springframework.security.core.userdetails.User [Username=Andrey600, Password=[PROTECTED], Enabled=true, AccountNonExpired=true, credentialsNonExpired=true, AccountNonLocked=true, Granted Authorities=[]], Credentials=[PROTECTED], Authenticated=true, Details=WebAuthenticationDetails [RemoteIpAddress=127.0.0.1, SessionId=null], Granted Authorities=[]]
2026-09-01 23:29:23.230 [http-nio-8080-exec-1] DEBUG [N/A] [N/A] o.s.security.web.FilterChainProxy - Secured POST /skinScan/photos/upload
2026-09-01 23:29:23.425 [http-nio-8080-exec-1] DEBUG [caea8e6e-88b0-4795-b589-d4dadd2c7359] [NO_SESSION] org.hibernate.SQL - 
    select
        p1_0.id,
        p1_0.created_at,
        p1_0.file_name,
        p1_0.file_size_bytes,
        p1_0.mime_type,
        p1_0.status,
        p1_0.storage_file_path,
        p1_0.updated_at,
        p1_0.user_id 
    from
        photo p1_0 
    where
        p1_0.file_name=? 
        and p1_0.user_id=?
2026-09-01 23:29:23.465 [http-nio-8080-exec-1] DEBUG [caea8e6e-88b0-4795-b589-d4dadd2c7359] [NO_SESSION] r.s.s.d.s.LocalFileStorageService - Файл сохранится в директории: C:\Users\ferdi\data\uploads\805dc\2026\09\18595f5f-ce00-4449-a66c-587333dcfff7.exe, с временной директорией: C:\Users\ferdi\data\uploads\805dc\2026\09\temp\.18595f5f-ce00-4449-a66c-587333dcfff7.exe.tmp
2026-09-01 23:29:23.487 [http-nio-8080-exec-1] INFO  [caea8e6e-88b0-4795-b589-d4dadd2c7359] [NO_SESSION] r.s.s.d.s.LocalFileStorageService - Файл успешно сохранен: 805dc/2026/09/18595f5f-ce00-4449-a66c-587333dcfff7.exe, с размером: 12391632 байт
2026-09-01 23:29:23.488 [http-nio-8080-exec-1] INFO  [caea8e6e-88b0-4795-b589-d4dadd2c7359] [NO_SESSION] r.s.s.d.service.PhotoServiceImpl - Фото сохранено в хранилище
2026-09-01 23:29:23.490 [http-nio-8080-exec-1] INFO  [caea8e6e-88b0-4795-b589-d4dadd2c7359] [NO_SESSION] r.s.s.d.s.LocalFileStorageService - Файл успешно удален по пути: C:\Users\ferdi\data\uploads\805dc\2026\09\18595f5f-ce00-4449-a66c-587333dcfff7.exe
2026-09-01 23:29:23.490 [http-nio-8080-exec-1] INFO  [caea8e6e-88b0-4795-b589-d4dadd2c7359] [NO_SESSION] r.s.s.d.service.PhotoServiceImpl - Фото удалено из хранилища из-за неизвестного формата файла
2026-09-01 23:30:40.338 [SpringApplicationShutdownHook] INFO  [N/A] [N/A] o.s.o.j.LocalContainerEntityManagerFactoryBean - Closing JPA EntityManagerFactory for persistence unit 'default'
2026-09-01 23:30:40.340 [SpringApplicationShutdownHook] INFO  [N/A] [N/A] com.zaxxer.hikari.HikariDataSource - HikariPool-1 - Shutdown initiated...
2026-09-01 23:30:40.343 [SpringApplicationShutdownHook] INFO  [N/A] [N/A] com.zaxxer.hikari.HikariDataSource - HikariPool-1 - Shutdown completed.
2026-09-01 23:30:57.203 [background-preinit] INFO  [N/A] [N/A] o.h.validator.internal.util.Version - HV000001: Hibernate Validator 8.0.1.Final
2026-09-01 23:30:57.247 [main] INFO  [N/A] [N/A] ru.startup.skinscan.Main - Starting Main using Java 21.0.10 with PID 27104 (C:\Users\ferdi\IdeaProjects\SkinScan\build\classes\java\main started by ferdi in C:\Users\ferdi\IdeaProjects\SkinScan)
2026-09-01 23:30:57.249 [main] INFO  [N/A] [N/A] ru.startup.skinscan.Main - The following 1 profile is active: "minio"
2026-09-01 23:30:58.183 [main] INFO  [N/A] [N/A] o.s.d.r.c.RepositoryConfigurationDelegate - Bootstrapping Spring Data JPA repositories in DEFAULT mode.
2026-09-01 23:30:58.265 [main] INFO  [N/A] [N/A] o.s.d.r.c.RepositoryConfigurationDelegate - Finished Spring Data repository scanning in 73 ms. Found 3 JPA repository interfaces.
2026-09-01 23:30:59.500 [main] INFO  [N/A] [N/A] o.s.b.w.e.tomcat.TomcatWebServer - Tomcat initialized with port(s): 8080 (http)
2026-09-01 23:30:59.523 [main] INFO  [N/A] [N/A] o.a.coyote.http11.Http11NioProtocol - Initializing ProtocolHandler ["http-nio-8080"]
2026-09-01 23:30:59.536 [main] INFO  [N/A] [N/A] o.a.catalina.core.StandardService - Starting service [Tomcat]
2026-09-01 23:30:59.539 [main] INFO  [N/A] [N/A] o.a.catalina.core.StandardEngine - Starting Servlet engine: [Apache Tomcat/10.1.24]
2026-09-01 23:31:00.093 [main] INFO  [N/A] [N/A] o.a.c.c.C.[Tomcat].[localhost].[/] - Initializing Spring embedded WebApplicationContext
2026-09-01 23:31:00.094 [main] INFO  [N/A] [N/A] o.s.b.w.s.c.ServletWebServerApplicationContext - Root WebApplicationContext: initialization completed in 2795 ms
2026-09-01 23:31:00.156 [main] INFO  [N/A] [N/A] r.s.s.s.r.RateLimiterInMemory - RateLimiter инициализирован с интервалом очистки: 300с
2026-09-01 23:31:00.706 [main] DEBUG [N/A] [N/A] o.f.c.i.s.classpath.ClassPathScanner - Scanning for classpath resources at 'classpath:db/callback' ...
2026-09-01 23:31:00.707 [main] DEBUG [N/A] [N/A] o.f.c.i.s.classpath.ClassPathScanner - Determining location urls for classpath:db/callback using ClassLoader TomcatEmbeddedWebappClassLoader
  context: ROOT
  delegate: true
----------> Parent Classloader:
jdk.internal.loader.ClassLoaders$AppClassLoader@3fee733d
 ...
2026-09-01 23:31:00.707 [main] DEBUG [N/A] [N/A] o.f.c.i.s.classpath.ClassPathScanner - Unable to resolve location classpath:db/callback.
2026-09-01 23:31:00.708 [main] DEBUG [N/A] [N/A] o.f.c.i.s.classpath.ClassPathScanner - Scanning for classpath resources at 'classpath:db/migration' ...
2026-09-01 23:31:00.708 [main] DEBUG [N/A] [N/A] o.f.c.i.s.classpath.ClassPathScanner - Determining location urls for classpath:db/migration using ClassLoader TomcatEmbeddedWebappClassLoader
  context: ROOT
  delegate: true
----------> Parent Classloader:
jdk.internal.loader.ClassLoaders$AppClassLoader@3fee733d
 ...
2026-09-01 23:31:00.709 [main] DEBUG [N/A] [N/A] o.f.c.i.s.classpath.ClassPathScanner - Scanning URL: file:/C:/Users/ferdi/IdeaProjects/SkinScan/build/resources/main/db/migration
2026-09-01 23:31:00.713 [main] DEBUG [N/A] [N/A] o.f.c.i.s.c.FileSystemClassPathLocationScanner - Scanning starting at classpath root in filesystem: C:\Users\ferdi\IdeaProjects\SkinScan\build\resources\main\
2026-09-01 23:31:00.715 [main] DEBUG [N/A] [N/A] o.f.c.i.s.c.FileSystemClassPathLocationScanner - Scanning for resources in path: C:\Users\ferdi\IdeaProjects\SkinScan\build\resources\main\db\migration (db/migration)
2026-09-01 23:31:00.722 [main] DEBUG [N/A] [N/A] o.f.c.i.s.classpath.ClassPathScanner - Found resource: db/migration/V1__create_users_table.sql
2026-09-01 23:31:00.722 [main] DEBUG [N/A] [N/A] o.f.c.i.s.classpath.ClassPathScanner - Found resource: db/migration/V2__create_photo_table.sql
2026-09-01 23:31:00.723 [main] DEBUG [N/A] [N/A] o.f.c.i.s.classpath.ClassPathScanner - Found resource: db/migration/V3__create_analysis_table.sql
2026-09-01 23:31:00.723 [main] DEBUG [N/A] [N/A] o.f.c.i.s.classpath.ClassPathScanner - Found resource: db/migration/V4__add_index.sql
2026-09-01 23:31:00.723 [main] DEBUG [N/A] [N/A] o.f.c.i.s.classpath.ClassPathScanner - Scanning for classes at classpath:db/migration
2026-09-01 23:31:00.738 [main] DEBUG [N/A] [N/A] o.f.c.i.r.ResourceNameValidator - Validating V2__create_photo_table.sql
2026-09-01 23:31:00.754 [main] INFO  [N/A] [N/A] com.zaxxer.hikari.HikariDataSource - HikariPool-1 - Starting...
2026-09-01 23:31:01.283 [main] INFO  [N/A] [N/A] com.zaxxer.hikari.pool.HikariPool - HikariPool-1 - Added connection org.postgresql.jdbc.PgConnection@7f0766ef
2026-09-01 23:31:01.295 [main] INFO  [N/A] [N/A] com.zaxxer.hikari.HikariDataSource - HikariPool-1 - Start completed.
2026-09-01 23:31:01.409 [main] DEBUG [N/A] [N/A] o.f.c.i.r.ResourceNameValidator - Validating V1__create_users_table.sql
2026-09-01 23:31:01.411 [main] DEBUG [N/A] [N/A] o.f.c.i.r.ResourceNameValidator - Validating V4__add_index.sql
2026-09-01 23:31:01.413 [main] DEBUG [N/A] [N/A] o.f.c.i.r.ResourceNameValidator - Validating V3__create_analysis_table.sql
2026-09-01 23:31:01.456 [main] DEBUG [N/A] [N/A] o.f.c.i.d.DatabaseTypeRegister - Multiple databases found that handle url 'jdbc:postgresql://localhost:5432/skinScan': CockroachDB,PostgreSQL
2026-09-01 23:31:01.459 [main] INFO  [N/A] [N/A] org.flywaydb.core.FlywayExecutor - Database: jdbc:postgresql://localhost:5432/skinScan (PostgreSQL 18.1)
2026-09-01 23:31:01.460 [main] DEBUG [N/A] [N/A] org.flywaydb.core.FlywayExecutor - Database Type: PostgreSQL
2026-09-01 23:31:01.461 [main] DEBUG [N/A] [N/A] org.flywaydb.core.FlywayExecutor - Driver: PostgreSQL JDBC Driver 42.7.11
2026-09-01 23:31:01.464 [main] DEBUG [N/A] [N/A] org.flywaydb.core.FlywayExecutor - DDL Transactions Supported: true
2026-09-01 23:31:01.470 [main] DEBUG [N/A] [N/A] o.f.c.i.s.SchemaHistoryFactory - Schemas: 
2026-09-01 23:31:01.472 [main] DEBUG [N/A] [N/A] o.f.c.i.s.SchemaHistoryFactory - Default schema: null
2026-09-01 23:31:01.489 [main] WARN  [N/A] [N/A] o.f.c.i.database.base.Database - Flyway upgrade recommended: PostgreSQL 18.1 is newer than this version of Flyway and support has not been tested. The latest supported version of PostgreSQL is 16.
2026-09-01 23:31:01.492 [main] DEBUG [N/A] [N/A] o.f.c.i.c.SqlScriptCallbackFactory - Scanning for SQL callbacks ...
2026-09-01 23:31:01.512 [main] DEBUG [N/A] [N/A] o.f.core.internal.command.DbValidate - Validating migrations ...
2026-09-01 23:31:01.516 [main] DEBUG [N/A] [N/A] o.f.c.a.c.ClassicConfiguration - CherryPickConfigurationExtension not found
2026-09-01 23:31:01.539 [main] DEBUG [N/A] [N/A] o.f.core.internal.scanner.Scanner - Filtering out resource: db/migration/V2__create_photo_table.sql (filename: V2__create_photo_table.sql)
2026-09-01 23:31:01.539 [main] DEBUG [N/A] [N/A] o.f.core.internal.scanner.Scanner - Filtering out resource: db/migration/V1__create_users_table.sql (filename: V1__create_users_table.sql)
2026-09-01 23:31:01.540 [main] DEBUG [N/A] [N/A] o.f.core.internal.scanner.Scanner - Filtering out resource: db/migration/V4__add_index.sql (filename: V4__add_index.sql)
2026-09-01 23:31:01.540 [main] DEBUG [N/A] [N/A] o.f.core.internal.scanner.Scanner - Filtering out resource: db/migration/V3__create_analysis_table.sql (filename: V3__create_analysis_table.sql)
2026-09-01 23:31:01.543 [main] DEBUG [N/A] [N/A] o.f.core.internal.scanner.Scanner - Filtering out resource: db/migration/V2__create_photo_table.sql (filename: V2__create_photo_table.sql)
2026-09-01 23:31:01.543 [main] DEBUG [N/A] [N/A] o.f.core.internal.scanner.Scanner - Filtering out resource: db/migration/V1__create_users_table.sql (filename: V1__create_users_table.sql)
2026-09-01 23:31:01.543 [main] DEBUG [N/A] [N/A] o.f.core.internal.scanner.Scanner - Filtering out resource: db/migration/V4__add_index.sql (filename: V4__add_index.sql)
2026-09-01 23:31:01.543 [main] DEBUG [N/A] [N/A] o.f.core.internal.scanner.Scanner - Filtering out resource: db/migration/V3__create_analysis_table.sql (filename: V3__create_analysis_table.sql)
2026-09-01 23:31:01.586 [main] INFO  [N/A] [N/A] o.f.core.internal.command.DbValidate - Successfully validated 4 migrations (execution time 00:00.072s)
2026-09-01 23:31:01.589 [main] DEBUG [N/A] [N/A] o.f.core.internal.command.DbSchemas - Skipping creation of existing schema: "public"
2026-09-01 23:31:01.601 [main] DEBUG [N/A] [N/A] o.f.c.a.c.ClassicConfiguration - CherryPickConfigurationExtension not found
2026-09-01 23:31:01.604 [main] INFO  [N/A] [N/A] o.f.core.internal.command.DbMigrate - Current version of schema "public": 4
2026-09-01 23:31:01.608 [main] INFO  [N/A] [N/A] o.f.core.internal.command.DbMigrate - Schema "public" is up to date. No migration necessary.
2026-09-01 23:31:01.613 [main] DEBUG [N/A] [N/A] org.flywaydb.core.FlywayExecutor - Memory usage: 46 of 86M
2026-09-01 23:31:01.803 [main] DEBUG [N/A] [N/A] o.s.jdbc.datasource.DataSourceUtils - Fetching JDBC Connection from DataSource
2026-09-01 23:31:01.883 [main] INFO  [N/A] [N/A] o.h.jpa.internal.util.LogHelper - HHH000204: Processing PersistenceUnitInfo [name: default]
2026-09-01 23:31:02.100 [main] INFO  [N/A] [N/A] org.hibernate.Version - HHH000412: Hibernate ORM core version 6.2.25.Final
2026-09-01 23:31:02.106 [main] INFO  [N/A] [N/A] org.hibernate.cfg.Environment - HHH000406: Using bytecode reflection optimizer
2026-09-01 23:31:03.660 [main] INFO  [N/A] [N/A] o.s.o.j.p.SpringPersistenceUnitInfo - No LoadTimeWeaver setup: ignoring JPA class transformer
2026-09-01 23:31:07.366 [main] INFO  [N/A] [N/A] o.h.e.t.j.p.i.JtaPlatformInitiator - HHH000489: No JTA platform available (set 'hibernate.transaction.jta.platform' to enable JTA platform integration)
2026-09-01 23:31:07.375 [main] INFO  [N/A] [N/A] o.s.o.j.LocalContainerEntityManagerFactoryBean - Initialized JPA EntityManagerFactory for persistence unit 'default'
2026-09-01 23:31:08.465 [main] INFO  [N/A] [N/A] o.s.d.j.r.query.QueryEnhancerFactory - Hibernate is in classpath; If applicable, HQL parser will be used.
2026-09-01 23:31:10.942 [main] INFO  [N/A] [N/A] r.s.s.d.s.MinioFileStorageService - Инициализация MinIO хранилища фотографий с: http://localhost:9000, bucket: myapp-photos
2026-09-01 23:31:11.587 [main] INFO  [N/A] [N/A] r.s.s.d.s.MinioFileStorageService - Тестирование соединения с MinIO: http://localhost:9000
2026-09-01 23:31:11.715 [main] INFO  [N/A] [N/A] r.s.s.d.s.MinioFileStorageService - Тест MinIO прошел успешно
2026-09-01 23:31:11.723 [main] INFO  [N/A] [N/A] r.s.s.d.s.MinioFileStorageService - Бакет уже существует: myapp-photos
2026-09-01 23:31:11.724 [main] INFO  [N/A] [N/A] r.s.s.d.s.MinioFileStorageService - Инициализация MinIO хранилища фотографий успешно завершена
2026-09-01 23:31:11.865 [main] INFO  [N/A] [N/A] r.s.skinscan.config.AsyncConfig - Photo Task Executor запущен: базовое кол-во потоков=5, максимальное кол-во потоков=10, размер очереди ожидания=100
2026-09-01 23:31:11.874 [main] INFO  [N/A] [N/A] r.s.skinscan.config.AsyncConfig - Recovery Task Executor запущен
2026-09-01 23:31:12.178 [main] WARN  [N/A] [N/A] o.s.b.a.o.j.JpaBaseConfiguration$JpaWebConfiguration - spring.jpa.open-in-view is enabled by default. Therefore, database queries may be performed during view rendering. Explicitly configure spring.jpa.open-in-view to disable this warning
2026-09-01 23:31:12.272 [main] DEBUG [N/A] [N/A] o.s.s.c.a.a.c.AuthenticationConfiguration$DefaultPasswordEncoderAuthenticationManagerBuilder - No authenticationProviders and no parentAuthenticationManager defined. Returning null.
2026-09-01 23:31:13.449 [main] INFO  [N/A] [N/A] o.s.s.web.DefaultSecurityFilterChain - Will secure any request with [org.springframework.security.web.session.DisableEncodeUrlFilter@582ea857, org.springframework.security.web.context.request.async.WebAsyncManagerIntegrationFilter@650ee893, org.springframework.security.web.context.SecurityContextHolderFilter@7fe1a856, org.springframework.security.web.header.HeaderWriterFilter@74a121fe, org.springframework.web.filter.CorsFilter@13eb8ca, org.springframework.security.web.authentication.logout.LogoutFilter@71702d3f, ru.startup.skinscan.security.filter.RateLimiterFilter@4c541b00, org.springframework.security.web.authentication.www.BasicAuthenticationFilter@56ed6e17, org.springframework.security.web.savedrequest.RequestCacheAwareFilter@11f8d64, org.springframework.security.web.servletapi.SecurityContextHolderAwareRequestFilter@3597174b, org.springframework.security.web.authentication.AnonymousAuthenticationFilter@68553e92, org.springframework.security.web.session.SessionManagementFilter@453c10c2, org.springframework.security.web.access.ExceptionTranslationFilter@5498d2a2, org.springframework.security.web.access.intercept.AuthorizationFilter@51a4472d]
2026-09-01 23:31:15.042 [main] INFO  [N/A] [N/A] o.a.coyote.http11.Http11NioProtocol - Starting ProtocolHandler ["http-nio-8080"]
2026-09-01 23:31:15.149 [main] INFO  [N/A] [N/A] o.s.b.w.e.tomcat.TomcatWebServer - Tomcat started on port(s): 8080 (http) with context path ''
2026-09-01 23:31:15.173 [main] INFO  [N/A] [N/A] ru.startup.skinscan.Main - Started Main in 18.509 seconds (process running for 19.453)
2026-09-01 23:31:15.450 [scheduling-1] DEBUG [N/A] [N/A] org.hibernate.SQL - 
    select
        p1_0.id,
        p1_0.created_at,
        p1_0.file_name,
        p1_0.file_size_bytes,
        p1_0.mime_type,
        p1_0.status,
        p1_0.storage_file_path,
        p1_0.updated_at,
        p1_0.user_id 
    from
        photo p1_0 
    where
        p1_0.status=? 
        and p1_0.created_at<cast(? as timestamp(6) with time zone)
2026-09-01 23:31:17.722 [http-nio-8080-exec-1] INFO  [N/A] [N/A] o.a.c.c.C.[Tomcat].[localhost].[/] - Initializing Spring DispatcherServlet 'dispatcherServlet'
2026-09-01 23:31:17.724 [http-nio-8080-exec-1] INFO  [N/A] [N/A] o.s.web.servlet.DispatcherServlet - Initializing Servlet 'dispatcherServlet'
2026-09-01 23:31:17.726 [http-nio-8080-exec-1] INFO  [N/A] [N/A] o.s.web.servlet.DispatcherServlet - Completed initialization in 2 ms
2026-09-01 23:31:17.822 [http-nio-8080-exec-1] DEBUG [N/A] [N/A] o.s.security.web.FilterChainProxy - Securing GET /skinScan/photos
2026-09-01 23:31:17.924 [http-nio-8080-exec-1] DEBUG [N/A] [N/A] org.hibernate.SQL - 
    select
        u1_0.id,
        u1_0.created_at,
        u1_0.email,
        u1_0.login,
        u1_0.password,
        u1_0.phone,
        u1_0.updated_at 
    from
        users u1_0 
    where
        u1_0.login=?
2026-09-01 23:31:19.200 [http-nio-8080-exec-1] DEBUG [N/A] [N/A] org.hibernate.SQL - 
    select
        u1_0.id 
    from
        users u1_0 
    where
        u1_0.login=?
2026-09-01 23:31:20.661 [http-nio-8080-exec-1] INFO  [N/A] [N/A] r.s.s.s.s.CustomUserDetailsService - Поиск пользователя с логином: Andrey600
2026-09-01 23:31:20.664 [http-nio-8080-exec-1] DEBUG [N/A] [N/A] org.hibernate.SQL - 
    select
        u1_0.id,
        u1_0.created_at,
        u1_0.email,
        u1_0.login,
        u1_0.password,
        u1_0.phone,
        u1_0.updated_at 
    from
        users u1_0 
    where
        u1_0.login=?
2026-09-01 23:31:20.668 [http-nio-8080-exec-1] INFO  [N/A] [N/A] r.s.s.s.s.CustomUserDetailsService - Найден пользователь: Andrey600, пароль: $2a$12$82L1ISHBmtE5Mz8Sna4Kr.OxWw0qFyPc2rdTy8Pr6YSNBBPgoLaiK
2026-09-01 23:31:22.097 [http-nio-8080-exec-1] DEBUG [N/A] [N/A] o.s.s.a.d.DaoAuthenticationProvider - Authenticated user
2026-09-01 23:31:22.099 [http-nio-8080-exec-1] DEBUG [N/A] [N/A] o.s.s.w.a.w.BasicAuthenticationFilter - Set SecurityContextHolder to UsernamePasswordAuthenticationToken [Principal=org.springframework.security.core.userdetails.User [Username=Andrey600, Password=[PROTECTED], Enabled=true, AccountNonExpired=true, credentialsNonExpired=true, AccountNonLocked=true, Granted Authorities=[]], Credentials=[PROTECTED], Authenticated=true, Details=WebAuthenticationDetails [RemoteIpAddress=127.0.0.1, SessionId=null], Granted Authorities=[]]
2026-09-01 23:31:22.111 [http-nio-8080-exec-1] DEBUG [N/A] [N/A] o.s.security.web.FilterChainProxy - Secured GET /skinScan/photos
2026-09-01 23:31:22.201 [http-nio-8080-exec-1] DEBUG [c8a5fc6b-017b-47a5-b1ac-7dc70d82fda4] [NO_SESSION] org.hibernate.SQL - 
    select
        p1_0.id,
        p1_0.created_at,
        p1_0.file_name,
        p1_0.file_size_bytes,
        p1_0.mime_type,
        p1_0.status,
        p1_0.storage_file_path,
        p1_0.updated_at,
        p1_0.user_id 
    from
        photo p1_0 
    where
        p1_0.user_id=?
2026-09-01 23:31:22.203 [http-nio-8080-exec-1] INFO  [c8a5fc6b-017b-47a5-b1ac-7dc70d82fda4] [NO_SESSION] r.s.s.d.service.PhotoServiceImpl - Получены все метаданные фоток пользователя 64641147-39de-45f8-a11f-7f57eb2805dc
2026-09-01 23:31:22.280 [http-nio-8080-exec-1] DEBUG [c8a5fc6b-017b-47a5-b1ac-7dc70d82fda4] [NO_SESSION] org.hibernate.SQL - 
    select
        p1_0.id,
        p1_0.created_at,
        p1_0.file_name,
        p1_0.file_size_bytes,
        p1_0.mime_type,
        p1_0.status,
        p1_0.storage_file_path,
        p1_0.updated_at,
        p1_0.user_id 
    from
        photo p1_0 
    where
        p1_0.file_name=? 
        and p1_0.user_id=?
2026-09-01 23:31:22.283 [http-nio-8080-exec-1] INFO  [c8a5fc6b-017b-47a5-b1ac-7dc70d82fda4] [NO_SESSION] r.s.s.d.service.PhotoServiceImpl - Получено id b120816d-b59b-4130-bdfd-8a6cf3e667f8 фото с именем skin3.jpg
2026-09-01 23:31:22.284 [http-nio-8080-exec-1] INFO  [c8a5fc6b-017b-47a5-b1ac-7dc70d82fda4] [NO_SESSION] r.s.s.d.service.PhotoServiceImpl - Получены URL для всех фото пользователя 64641147-39de-45f8-a11f-7f57eb2805dc
2026-09-01 23:31:22.287 [http-nio-8080-exec-1] DEBUG [c8a5fc6b-017b-47a5-b1ac-7dc70d82fda4] [NO_SESSION] o.s.jdbc.datasource.DataSourceUtils - Setting JDBC Connection [HikariProxyConnection@53144193 wrapping org.postgresql.jdbc.PgConnection@7f0766ef] read-only
2026-09-01 23:31:22.297 [http-nio-8080-exec-1] DEBUG [c8a5fc6b-017b-47a5-b1ac-7dc70d82fda4] [NO_SESSION] o.s.jdbc.datasource.DataSourceUtils - Resetting read-only flag of JDBC Connection [HikariProxyConnection@53144193 wrapping org.postgresql.jdbc.PgConnection@7f0766ef]
2026-09-01 23:31:22.298 [http-nio-8080-exec-1] INFO  [c8a5fc6b-017b-47a5-b1ac-7dc70d82fda4] [NO_SESSION] r.s.s.d.service.PhotoServiceImpl - Метаданные фото из БД b120816d-b59b-4130-bdfd-8a6cf3e667f8 получены
2026-09-01 23:31:47.294 [http-nio-8080-exec-2] DEBUG [N/A] [N/A] o.s.security.web.FilterChainProxy - Securing POST /skinScan/photos/upload
2026-09-01 23:31:47.297 [http-nio-8080-exec-2] DEBUG [N/A] [N/A] org.hibernate.SQL - 
    select
        u1_0.id,
        u1_0.created_at,
        u1_0.email,
        u1_0.login,
        u1_0.password,
        u1_0.phone,
        u1_0.updated_at 
    from
        users u1_0 
    where
        u1_0.login=?
2026-09-01 23:31:49.151 [http-nio-8080-exec-2] DEBUG [N/A] [N/A] org.hibernate.SQL - 
    select
        u1_0.id 
    from
        users u1_0 
    where
        u1_0.login=?
2026-09-01 23:31:49.157 [http-nio-8080-exec-2] INFO  [N/A] [N/A] r.s.s.s.s.CustomUserDetailsService - Поиск пользователя с логином: Andrey600
2026-09-01 23:31:49.161 [http-nio-8080-exec-2] DEBUG [N/A] [N/A] org.hibernate.SQL - 
    select
        u1_0.id,
        u1_0.created_at,
        u1_0.email,
        u1_0.login,
        u1_0.password,
        u1_0.phone,
        u1_0.updated_at 
    from
        users u1_0 
    where
        u1_0.login=?
2026-09-01 23:31:49.165 [http-nio-8080-exec-2] INFO  [N/A] [N/A] r.s.s.s.s.CustomUserDetailsService - Найден пользователь: Andrey600, пароль: $2a$12$82L1ISHBmtE5Mz8Sna4Kr.OxWw0qFyPc2rdTy8Pr6YSNBBPgoLaiK
2026-09-01 23:31:50.723 [http-nio-8080-exec-2] DEBUG [N/A] [N/A] o.s.s.a.d.DaoAuthenticationProvider - Authenticated user
2026-09-01 23:31:50.725 [http-nio-8080-exec-2] DEBUG [N/A] [N/A] o.s.s.w.a.w.BasicAuthenticationFilter - Set SecurityContextHolder to UsernamePasswordAuthenticationToken [Principal=org.springframework.security.core.userdetails.User [Username=Andrey600, Password=[PROTECTED], Enabled=true, AccountNonExpired=true, credentialsNonExpired=true, AccountNonLocked=true, Granted Authorities=[]], Credentials=[PROTECTED], Authenticated=true, Details=WebAuthenticationDetails [RemoteIpAddress=127.0.0.1, SessionId=null], Granted Authorities=[]]
2026-09-01 23:31:50.726 [http-nio-8080-exec-2] DEBUG [N/A] [N/A] o.s.security.web.FilterChainProxy - Secured POST /skinScan/photos/upload
2026-09-01 23:31:51.366 [http-nio-8080-exec-2] DEBUG [49ef980b-6362-412a-afa3-66337e760253] [NO_SESSION] org.hibernate.SQL - 
    select
        p1_0.id,
        p1_0.created_at,
        p1_0.file_name,
        p1_0.file_size_bytes,
        p1_0.mime_type,
        p1_0.status,
        p1_0.storage_file_path,
        p1_0.updated_at,
        p1_0.user_id 
    from
        photo p1_0 
    where
        p1_0.file_name=? 
        and p1_0.user_id=?
2026-09-01 23:31:51.428 [http-nio-8080-exec-2] ERROR [49ef980b-6362-412a-afa3-66337e760253] [NO_SESSION] r.s.s.d.s.MinioFileStorageService - Ошибка сохранения файла в MinIO: 805dc/2026/09/8dce68dd-a04f-43bc-a024-c184579fe879.exe
java.lang.IllegalArgumentException: invalid content type 'unknown' as per RFC 2045
	at io.minio.PutObjectBaseArgs$Builder.contentType(PutObjectBaseArgs.java:129)
	at ru.startup.skinscan.domain.service.MinioFileStorageService.save(MinioFileStorageService.java:185)
	at ru.startup.skinscan.domain.service.PhotoServiceImpl.upload(PhotoServiceImpl.java:46)
	at java.base/jdk.internal.reflect.DirectMethodHandleAccessor.invoke(DirectMethodHandleAccessor.java:103)
	at java.base/java.lang.reflect.Method.invoke(Method.java:580)
	at org.springframework.aop.support.AopUtils.invokeJoinpointUsingReflection(AopUtils.java:343)
	at org.springframework.aop.framework.ReflectiveMethodInvocation.invokeJoinpoint(ReflectiveMethodInvocation.java:196)
	at org.springframework.aop.framework.ReflectiveMethodInvocation.proceed(ReflectiveMethodInvocation.java:163)
	at org.springframework.aop.framework.CglibAopProxy$CglibMethodInvocation.proceed(CglibAopProxy.java:751)
	at org.springframework.transaction.interceptor.TransactionInterceptor$1.proceedWithInvocation(TransactionInterceptor.java:123)
	at org.springframework.transaction.interceptor.TransactionAspectSupport.invokeWithinTransaction(TransactionAspectSupport.java:391)
	at org.springframework.transaction.interceptor.TransactionInterceptor.invoke(TransactionInterceptor.java:119)
	at org.springframework.aop.framework.ReflectiveMethodInvocation.proceed(ReflectiveMethodInvocation.java:184)
	at org.springframework.aop.framework.CglibAopProxy$CglibMethodInvocation.proceed(CglibAopProxy.java:751)
	at org.springframework.aop.framework.CglibAopProxy$DynamicAdvisedInterceptor.intercept(CglibAopProxy.java:703)
	at ru.startup.skinscan.domain.service.PhotoServiceImpl$$SpringCGLIB$$0.upload(<generated>)
	at ru.startup.skinscan.web.controller.PhotoControllerImpl.uploadPhoto(PhotoControllerImpl.java:31)
	at java.base/jdk.internal.reflect.DirectMethodHandleAccessor.invoke(DirectMethodHandleAccessor.java:103)
	at java.base/java.lang.reflect.Method.invoke(Method.java:580)
	at org.springframework.web.method.support.InvocableHandlerMethod.doInvoke(InvocableHandlerMethod.java:205)
	at org.springframework.web.method.support.InvocableHandlerMethod.invokeForRequest(InvocableHandlerMethod.java:150)
	at org.springframework.web.servlet.mvc.method.annotation.ServletInvocableHandlerMethod.invokeAndHandle(ServletInvocableHandlerMethod.java:118)
	at org.springframework.web.servlet.mvc.method.annotation.RequestMappingHandlerAdapter.invokeHandlerMethod(RequestMappingHandlerAdapter.java:892)
	at org.springframework.web.servlet.mvc.method.annotation.RequestMappingHandlerAdapter.handleInternal(RequestMappingHandlerAdapter.java:798)
	at org.springframework.web.servlet.mvc.method.AbstractHandlerMethodAdapter.handle(AbstractHandlerMethodAdapter.java:87)
	at org.springframework.web.servlet.DispatcherServlet.doDispatch(DispatcherServlet.java:1081)
	at org.springframework.web.servlet.DispatcherServlet.doService(DispatcherServlet.java:974)
	at org.springframework.web.servlet.FrameworkServlet.processRequest(FrameworkServlet.java:1014)
	at org.springframework.web.servlet.FrameworkServlet.doPost(FrameworkServlet.java:914)
	at jakarta.servlet.http.HttpServlet.service(HttpServlet.java:590)
	at org.springframework.web.servlet.FrameworkServlet.service(FrameworkServlet.java:885)
	at jakarta.servlet.http.HttpServlet.service(HttpServlet.java:658)
	at org.apache.catalina.core.ApplicationFilterChain.internalDoFilter(ApplicationFilterChain.java:195)
	at org.apache.catalina.core.ApplicationFilterChain.doFilter(ApplicationFilterChain.java:140)
	at org.apache.tomcat.websocket.server.WsFilter.doFilter(WsFilter.java:51)
	at org.apache.catalina.core.ApplicationFilterChain.internalDoFilter(ApplicationFilterChain.java:164)
	at org.apache.catalina.core.ApplicationFilterChain.doFilter(ApplicationFilterChain.java:140)
	at org.springframework.web.filter.OncePerRequestFilter.doFilter(OncePerRequestFilter.java:110)
	at org.apache.catalina.core.ApplicationFilterChain.internalDoFilter(ApplicationFilterChain.java:164)
	at org.apache.catalina.core.ApplicationFilterChain.doFilter(ApplicationFilterChain.java:140)
	at ru.startup.skinscan.config.MdcLoggingFilter.doFilterInternal(MdcLoggingFilter.java:54)
	at org.springframework.web.filter.OncePerRequestFilter.doFilter(OncePerRequestFilter.java:116)
	at org.apache.catalina.core.ApplicationFilterChain.internalDoFilter(ApplicationFilterChain.java:164)
	at org.apache.catalina.core.ApplicationFilterChain.doFilter(ApplicationFilterChain.java:140)
	at org.springframework.web.filter.CompositeFilter$VirtualFilterChain.doFilter(CompositeFilter.java:108)
	at org.springframework.security.web.FilterChainProxy.lambda$doFilterInternal$3(FilterChainProxy.java:231)
	at org.springframework.security.web.FilterChainProxy$VirtualFilterChain.doFilter(FilterChainProxy.java:365)
	at org.springframework.security.web.access.intercept.AuthorizationFilter.doFilter(AuthorizationFilter.java:100)
	at org.springframework.security.web.FilterChainProxy$VirtualFilterChain.doFilter(FilterChainProxy.java:374)
	at org.springframework.security.web.access.ExceptionTranslationFilter.doFilter(ExceptionTranslationFilter.java:126)
	at org.springframework.security.web.access.ExceptionTranslationFilter.doFilter(ExceptionTranslationFilter.java:120)
	at org.springframework.security.web.FilterChainProxy$VirtualFilterChain.doFilter(FilterChainProxy.java:374)
	at org.springframework.security.web.session.SessionManagementFilter.doFilter(SessionManagementFilter.java:131)
	at org.springframework.security.web.session.SessionManagementFilter.doFilter(SessionManagementFilter.java:85)
	at org.springframework.security.web.FilterChainProxy$VirtualFilterChain.doFilter(FilterChainProxy.java:374)
	at org.springframework.security.web.authentication.AnonymousAuthenticationFilter.doFilter(AnonymousAuthenticationFilter.java:100)
	at org.springframework.security.web.FilterChainProxy$VirtualFilterChain.doFilter(FilterChainProxy.java:374)
	at org.springframework.security.web.servletapi.SecurityContextHolderAwareRequestFilter.doFilter(SecurityContextHolderAwareRequestFilter.java:179)
	at org.springframework.security.web.FilterChainProxy$VirtualFilterChain.doFilter(FilterChainProxy.java:374)
	at org.springframework.security.web.savedrequest.RequestCacheAwareFilter.doFilter(RequestCacheAwareFilter.java:63)
	at org.springframework.security.web.FilterChainProxy$VirtualFilterChain.doFilter(FilterChainProxy.java:374)
	at org.springframework.security.web.authentication.www.BasicAuthenticationFilter.doFilterInternal(BasicAuthenticationFilter.java:200)
	at org.springframework.web.filter.OncePerRequestFilter.doFilter(OncePerRequestFilter.java:116)
	at org.springframework.security.web.FilterChainProxy$VirtualFilterChain.doFilter(FilterChainProxy.java:374)
	at ru.startup.skinscan.security.filter.RateLimiterFilter.doFilterInternal(RateLimiterFilter.java:82)
	at org.springframework.web.filter.OncePerRequestFilter.doFilter(OncePerRequestFilter.java:116)
	at org.springframework.security.web.FilterChainProxy$VirtualFilterChain.doFilter(FilterChainProxy.java:374)
	at org.springframework.security.web.authentication.logout.LogoutFilter.doFilter(LogoutFilter.java:107)
	at org.springframework.security.web.authentication.logout.LogoutFilter.doFilter(LogoutFilter.java:93)
	at org.springframework.security.web.FilterChainProxy$VirtualFilterChain.doFilter(FilterChainProxy.java:374)
	at org.springframework.web.filter.CorsFilter.doFilterInternal(CorsFilter.java:91)
	at org.springframework.web.filter.OncePerRequestFilter.doFilter(OncePerRequestFilter.java:116)
	at org.springframework.security.web.FilterChainProxy$VirtualFilterChain.doFilter(FilterChainProxy.java:374)
	at org.springframework.security.web.header.HeaderWriterFilter.doHeadersAfter(HeaderWriterFilter.java:90)
	at org.springframework.security.web.header.HeaderWriterFilter.doFilterInternal(HeaderWriterFilter.java:75)
	at org.springframework.web.filter.OncePerRequestFilter.doFilter(OncePerRequestFilter.java:116)
	at org.springframework.security.web.FilterChainProxy$VirtualFilterChain.doFilter(FilterChainProxy.java:374)
	at org.springframework.security.web.context.SecurityContextHolderFilter.doFilter(SecurityContextHolderFilter.java:82)
	at org.springframework.security.web.context.SecurityContextHolderFilter.doFilter(SecurityContextHolderFilter.java:69)
	at org.springframework.security.web.FilterChainProxy$VirtualFilterChain.doFilter(FilterChainProxy.java:374)
	at org.springframework.security.web.context.request.async.WebAsyncManagerIntegrationFilter.doFilterInternal(WebAsyncManagerIntegrationFilter.java:62)
	at org.springframework.web.filter.OncePerRequestFilter.doFilter(OncePerRequestFilter.java:116)
	at org.springframework.security.web.FilterChainProxy$VirtualFilterChain.doFilter(FilterChainProxy.java:374)
	at org.springframework.security.web.session.DisableEncodeUrlFilter.doFilterInternal(DisableEncodeUrlFilter.java:42)
	at org.springframework.web.filter.OncePerRequestFilter.doFilter(OncePerRequestFilter.java:116)
	at org.springframework.security.web.FilterChainProxy$VirtualFilterChain.doFilter(FilterChainProxy.java:374)
	at org.springframework.security.web.FilterChainProxy.doFilterInternal(FilterChainProxy.java:233)
	at org.springframework.security.web.FilterChainProxy.doFilter(FilterChainProxy.java:191)
	at org.springframework.web.filter.CompositeFilter$VirtualFilterChain.doFilter(CompositeFilter.java:113)
	at org.springframework.web.servlet.handler.HandlerMappingIntrospector.lambda$createCacheFilter$3(HandlerMappingIntrospector.java:195)
	at org.springframework.web.filter.CompositeFilter$VirtualFilterChain.doFilter(CompositeFilter.java:113)
	at org.springframework.web.filter.CompositeFilter.doFilter(CompositeFilter.java:74)
	at org.springframework.security.config.annotation.web.configuration.WebMvcSecurityConfiguration$CompositeFilterChainProxy.doFilter(WebMvcSecurityConfiguration.java:230)
	at org.springframework.web.filter.DelegatingFilterProxy.invokeDelegate(DelegatingFilterProxy.java:352)
	at org.springframework.web.filter.DelegatingFilterProxy.doFilter(DelegatingFilterProxy.java:268)
	at org.apache.catalina.core.ApplicationFilterChain.internalDoFilter(ApplicationFilterChain.java:164)
	at org.apache.catalina.core.ApplicationFilterChain.doFilter(ApplicationFilterChain.java:140)
	at org.springframework.web.filter.RequestContextFilter.doFilterInternal(RequestContextFilter.java:100)
	at org.springframework.web.filter.OncePerRequestFilter.doFilter(OncePerRequestFilter.java:116)
	at org.apache.catalina.core.ApplicationFilterChain.internalDoFilter(ApplicationFilterChain.java:164)
	at org.apache.catalina.core.ApplicationFilterChain.doFilter(ApplicationFilterChain.java:140)
	at org.springframework.web.filter.FormContentFilter.doFilterInternal(FormContentFilter.java:93)
	at org.springframework.web.filter.OncePerRequestFilter.doFilter(OncePerRequestFilter.java:116)
	at org.apache.catalina.core.ApplicationFilterChain.internalDoFilter(ApplicationFilterChain.java:164)
	at org.apache.catalina.core.ApplicationFilterChain.doFilter(ApplicationFilterChain.java:140)
	at org.springframework.web.filter.CharacterEncodingFilter.doFilterInternal(CharacterEncodingFilter.java:201)
	at org.springframework.web.filter.OncePerRequestFilter.doFilter(OncePerRequestFilter.java:116)
	at org.apache.catalina.core.ApplicationFilterChain.internalDoFilter(ApplicationFilterChain.java:164)
	at org.apache.catalina.core.ApplicationFilterChain.doFilter(ApplicationFilterChain.java:140)
	at org.apache.catalina.core.StandardWrapperValve.invoke(StandardWrapperValve.java:167)
	at org.apache.catalina.core.StandardContextValve.invoke(StandardContextValve.java:90)
	at org.apache.catalina.authenticator.AuthenticatorBase.invoke(AuthenticatorBase.java:482)
	at org.apache.catalina.core.StandardHostValve.invoke(StandardHostValve.java:115)
	at org.apache.catalina.valves.ErrorReportValve.invoke(ErrorReportValve.java:93)
	at org.apache.catalina.core.StandardEngineValve.invoke(StandardEngineValve.java:74)
	at org.apache.catalina.connector.CoyoteAdapter.service(CoyoteAdapter.java:344)
	at org.apache.coyote.http11.Http11Processor.service(Http11Processor.java:389)
	at org.apache.coyote.AbstractProcessorLight.process(AbstractProcessorLight.java:63)
	at org.apache.coyote.AbstractProtocol$ConnectionHandler.process(AbstractProtocol.java:896)
	at org.apache.tomcat.util.net.NioEndpoint$SocketProcessor.doRun(NioEndpoint.java:1741)
	at org.apache.tomcat.util.net.SocketProcessorBase.run(SocketProcessorBase.java:52)
	at org.apache.tomcat.util.threads.ThreadPoolExecutor.runWorker(ThreadPoolExecutor.java:1190)
	at org.apache.tomcat.util.threads.ThreadPoolExecutor$Worker.run(ThreadPoolExecutor.java:659)
	at org.apache.tomcat.util.threads.TaskThread$WrappingRunnable.run(TaskThread.java:63)
	at java.base/java.lang.Thread.run(Thread.java:1583)
2026-09-01 23:32:57.236 [SpringApplicationShutdownHook] INFO  [N/A] [N/A] o.s.o.j.LocalContainerEntityManagerFactoryBean - Closing JPA EntityManagerFactory for persistence unit 'default'
2026-09-01 23:32:57.239 [SpringApplicationShutdownHook] INFO  [N/A] [N/A] com.zaxxer.hikari.HikariDataSource - HikariPool-1 - Shutdown initiated...
2026-09-01 23:32:57.246 [SpringApplicationShutdownHook] INFO  [N/A] [N/A] com.zaxxer.hikari.HikariDataSource - HikariPool-1 - Shutdown completed.
2026-09-01 23:36:19.944 [background-preinit] INFO  [N/A] [N/A] o.h.validator.internal.util.Version - HV000001: Hibernate Validator 8.0.1.Final
2026-09-01 23:36:19.993 [main] INFO  [N/A] [N/A] ru.startup.skinscan.Main - Starting Main using Java 21.0.10 with PID 9192 (C:\Users\ferdi\IdeaProjects\SkinScan\build\classes\java\main started by ferdi in C:\Users\ferdi\IdeaProjects\SkinScan)
2026-09-01 23:36:19.994 [main] INFO  [N/A] [N/A] ru.startup.skinscan.Main - The following 1 profile is active: "minio"
2026-09-01 23:36:21.009 [main] INFO  [N/A] [N/A] o.s.d.r.c.RepositoryConfigurationDelegate - Bootstrapping Spring Data JPA repositories in DEFAULT mode.
2026-09-01 23:36:21.106 [main] INFO  [N/A] [N/A] o.s.d.r.c.RepositoryConfigurationDelegate - Finished Spring Data repository scanning in 88 ms. Found 3 JPA repository interfaces.
2026-09-01 23:36:22.115 [main] INFO  [N/A] [N/A] o.s.b.w.e.tomcat.TomcatWebServer - Tomcat initialized with port(s): 8080 (http)
2026-09-01 23:36:22.136 [main] INFO  [N/A] [N/A] o.a.coyote.http11.Http11NioProtocol - Initializing ProtocolHandler ["http-nio-8080"]
2026-09-01 23:36:22.140 [main] INFO  [N/A] [N/A] o.a.catalina.core.StandardService - Starting service [Tomcat]
2026-09-01 23:36:22.141 [main] INFO  [N/A] [N/A] o.a.catalina.core.StandardEngine - Starting Servlet engine: [Apache Tomcat/10.1.24]
2026-09-01 23:36:22.506 [main] INFO  [N/A] [N/A] o.a.c.c.C.[Tomcat].[localhost].[/] - Initializing Spring embedded WebApplicationContext
2026-09-01 23:36:22.506 [main] INFO  [N/A] [N/A] o.s.b.w.s.c.ServletWebServerApplicationContext - Root WebApplicationContext: initialization completed in 2454 ms
2026-09-01 23:36:22.557 [main] INFO  [N/A] [N/A] r.s.s.s.r.RateLimiterInMemory - RateLimiter инициализирован с интервалом очистки: 300с
2026-09-01 23:36:23.269 [main] DEBUG [N/A] [N/A] o.f.c.i.s.classpath.ClassPathScanner - Scanning for classpath resources at 'classpath:db/callback' ...
2026-09-01 23:36:23.270 [main] DEBUG [N/A] [N/A] o.f.c.i.s.classpath.ClassPathScanner - Determining location urls for classpath:db/callback using ClassLoader TomcatEmbeddedWebappClassLoader
  context: ROOT
  delegate: true
----------> Parent Classloader:
jdk.internal.loader.ClassLoaders$AppClassLoader@3fee733d
 ...
2026-09-01 23:36:23.271 [main] DEBUG [N/A] [N/A] o.f.c.i.s.classpath.ClassPathScanner - Unable to resolve location classpath:db/callback.
2026-09-01 23:36:23.271 [main] DEBUG [N/A] [N/A] o.f.c.i.s.classpath.ClassPathScanner - Scanning for classpath resources at 'classpath:db/migration' ...
2026-09-01 23:36:23.272 [main] DEBUG [N/A] [N/A] o.f.c.i.s.classpath.ClassPathScanner - Determining location urls for classpath:db/migration using ClassLoader TomcatEmbeddedWebappClassLoader
  context: ROOT
  delegate: true
----------> Parent Classloader:
jdk.internal.loader.ClassLoaders$AppClassLoader@3fee733d
 ...
2026-09-01 23:36:23.273 [main] DEBUG [N/A] [N/A] o.f.c.i.s.classpath.ClassPathScanner - Scanning URL: file:/C:/Users/ferdi/IdeaProjects/SkinScan/build/resources/main/db/migration
2026-09-01 23:36:23.277 [main] DEBUG [N/A] [N/A] o.f.c.i.s.c.FileSystemClassPathLocationScanner - Scanning starting at classpath root in filesystem: C:\Users\ferdi\IdeaProjects\SkinScan\build\resources\main\
2026-09-01 23:36:23.278 [main] DEBUG [N/A] [N/A] o.f.c.i.s.c.FileSystemClassPathLocationScanner - Scanning for resources in path: C:\Users\ferdi\IdeaProjects\SkinScan\build\resources\main\db\migration (db/migration)
2026-09-01 23:36:23.282 [main] DEBUG [N/A] [N/A] o.f.c.i.s.classpath.ClassPathScanner - Found resource: db/migration/V1__create_users_table.sql
2026-09-01 23:36:23.282 [main] DEBUG [N/A] [N/A] o.f.c.i.s.classpath.ClassPathScanner - Found resource: db/migration/V2__create_photo_table.sql
2026-09-01 23:36:23.282 [main] DEBUG [N/A] [N/A] o.f.c.i.s.classpath.ClassPathScanner - Found resource: db/migration/V3__create_analysis_table.sql
2026-09-01 23:36:23.282 [main] DEBUG [N/A] [N/A] o.f.c.i.s.classpath.ClassPathScanner - Found resource: db/migration/V4__add_index.sql
2026-09-01 23:36:23.283 [main] DEBUG [N/A] [N/A] o.f.c.i.s.classpath.ClassPathScanner - Scanning for classes at classpath:db/migration
2026-09-01 23:36:23.290 [main] DEBUG [N/A] [N/A] o.f.c.i.r.ResourceNameValidator - Validating V2__create_photo_table.sql
2026-09-01 23:36:23.301 [main] INFO  [N/A] [N/A] com.zaxxer.hikari.HikariDataSource - HikariPool-1 - Starting...
2026-09-01 23:36:23.707 [main] INFO  [N/A] [N/A] com.zaxxer.hikari.pool.HikariPool - HikariPool-1 - Added connection org.postgresql.jdbc.PgConnection@67c6f4d8
2026-09-01 23:36:23.709 [main] INFO  [N/A] [N/A] com.zaxxer.hikari.HikariDataSource - HikariPool-1 - Start completed.
2026-09-01 23:36:23.751 [main] DEBUG [N/A] [N/A] o.f.c.i.r.ResourceNameValidator - Validating V1__create_users_table.sql
2026-09-01 23:36:23.751 [main] DEBUG [N/A] [N/A] o.f.c.i.r.ResourceNameValidator - Validating V4__add_index.sql
2026-09-01 23:36:23.751 [main] DEBUG [N/A] [N/A] o.f.c.i.r.ResourceNameValidator - Validating V3__create_analysis_table.sql
2026-09-01 23:36:23.766 [main] DEBUG [N/A] [N/A] o.f.c.i.d.DatabaseTypeRegister - Multiple databases found that handle url 'jdbc:postgresql://localhost:5432/skinScan': CockroachDB,PostgreSQL
2026-09-01 23:36:23.768 [main] INFO  [N/A] [N/A] org.flywaydb.core.FlywayExecutor - Database: jdbc:postgresql://localhost:5432/skinScan (PostgreSQL 18.1)
2026-09-01 23:36:23.768 [main] DEBUG [N/A] [N/A] org.flywaydb.core.FlywayExecutor - Database Type: PostgreSQL
2026-09-01 23:36:23.768 [main] DEBUG [N/A] [N/A] org.flywaydb.core.FlywayExecutor - Driver: PostgreSQL JDBC Driver 42.7.11
2026-09-01 23:36:23.769 [main] DEBUG [N/A] [N/A] org.flywaydb.core.FlywayExecutor - DDL Transactions Supported: true
2026-09-01 23:36:23.771 [main] DEBUG [N/A] [N/A] o.f.c.i.s.SchemaHistoryFactory - Schemas: 
2026-09-01 23:36:23.772 [main] DEBUG [N/A] [N/A] o.f.c.i.s.SchemaHistoryFactory - Default schema: null
2026-09-01 23:36:23.786 [main] WARN  [N/A] [N/A] o.f.c.i.database.base.Database - Flyway upgrade recommended: PostgreSQL 18.1 is newer than this version of Flyway and support has not been tested. The latest supported version of PostgreSQL is 16.
2026-09-01 23:36:23.789 [main] DEBUG [N/A] [N/A] o.f.c.i.c.SqlScriptCallbackFactory - Scanning for SQL callbacks ...
2026-09-01 23:36:23.800 [main] DEBUG [N/A] [N/A] o.f.core.internal.command.DbValidate - Validating migrations ...
2026-09-01 23:36:23.805 [main] DEBUG [N/A] [N/A] o.f.c.a.c.ClassicConfiguration - CherryPickConfigurationExtension not found
2026-09-01 23:36:23.847 [main] DEBUG [N/A] [N/A] o.f.core.internal.scanner.Scanner - Filtering out resource: db/migration/V2__create_photo_table.sql (filename: V2__create_photo_table.sql)
2026-09-01 23:36:23.848 [main] DEBUG [N/A] [N/A] o.f.core.internal.scanner.Scanner - Filtering out resource: db/migration/V1__create_users_table.sql (filename: V1__create_users_table.sql)
2026-09-01 23:36:23.848 [main] DEBUG [N/A] [N/A] o.f.core.internal.scanner.Scanner - Filtering out resource: db/migration/V4__add_index.sql (filename: V4__add_index.sql)
2026-09-01 23:36:23.849 [main] DEBUG [N/A] [N/A] o.f.core.internal.scanner.Scanner - Filtering out resource: db/migration/V3__create_analysis_table.sql (filename: V3__create_analysis_table.sql)
2026-09-01 23:36:23.854 [main] DEBUG [N/A] [N/A] o.f.core.internal.scanner.Scanner - Filtering out resource: db/migration/V2__create_photo_table.sql (filename: V2__create_photo_table.sql)
2026-09-01 23:36:23.855 [main] DEBUG [N/A] [N/A] o.f.core.internal.scanner.Scanner - Filtering out resource: db/migration/V1__create_users_table.sql (filename: V1__create_users_table.sql)
2026-09-01 23:36:23.855 [main] DEBUG [N/A] [N/A] o.f.core.internal.scanner.Scanner - Filtering out resource: db/migration/V4__add_index.sql (filename: V4__add_index.sql)
2026-09-01 23:36:23.855 [main] DEBUG [N/A] [N/A] o.f.core.internal.scanner.Scanner - Filtering out resource: db/migration/V3__create_analysis_table.sql (filename: V3__create_analysis_table.sql)
2026-09-01 23:36:23.946 [main] INFO  [N/A] [N/A] o.f.core.internal.command.DbValidate - Successfully validated 4 migrations (execution time 00:00.141s)
2026-09-01 23:36:23.959 [main] DEBUG [N/A] [N/A] o.f.core.internal.command.DbSchemas - Skipping creation of existing schema: "public"
2026-09-01 23:36:23.972 [main] DEBUG [N/A] [N/A] o.f.c.a.c.ClassicConfiguration - CherryPickConfigurationExtension not found
2026-09-01 23:36:23.976 [main] INFO  [N/A] [N/A] o.f.core.internal.command.DbMigrate - Current version of schema "public": 4
2026-09-01 23:36:23.981 [main] INFO  [N/A] [N/A] o.f.core.internal.command.DbMigrate - Schema "public" is up to date. No migration necessary.
2026-09-01 23:36:23.987 [main] DEBUG [N/A] [N/A] org.flywaydb.core.FlywayExecutor - Memory usage: 48 of 88M
2026-09-01 23:36:24.107 [main] DEBUG [N/A] [N/A] o.s.jdbc.datasource.DataSourceUtils - Fetching JDBC Connection from DataSource
2026-09-01 23:36:24.213 [main] INFO  [N/A] [N/A] o.h.jpa.internal.util.LogHelper - HHH000204: Processing PersistenceUnitInfo [name: default]
2026-09-01 23:36:24.363 [main] INFO  [N/A] [N/A] org.hibernate.Version - HHH000412: Hibernate ORM core version 6.2.25.Final
2026-09-01 23:36:24.369 [main] INFO  [N/A] [N/A] org.hibernate.cfg.Environment - HHH000406: Using bytecode reflection optimizer
2026-09-01 23:36:25.952 [main] INFO  [N/A] [N/A] o.s.o.j.p.SpringPersistenceUnitInfo - No LoadTimeWeaver setup: ignoring JPA class transformer
2026-09-01 23:36:30.442 [main] INFO  [N/A] [N/A] o.h.e.t.j.p.i.JtaPlatformInitiator - HHH000489: No JTA platform available (set 'hibernate.transaction.jta.platform' to enable JTA platform integration)
2026-09-01 23:36:30.449 [main] INFO  [N/A] [N/A] o.s.o.j.LocalContainerEntityManagerFactoryBean - Initialized JPA EntityManagerFactory for persistence unit 'default'
2026-09-01 23:36:31.591 [main] INFO  [N/A] [N/A] o.s.d.j.r.query.QueryEnhancerFactory - Hibernate is in classpath; If applicable, HQL parser will be used.
2026-09-01 23:36:34.533 [main] INFO  [N/A] [N/A] r.s.s.d.s.MinioFileStorageService - Инициализация MinIO хранилища фотографий с: http://localhost:9000, bucket: myapp-photos
2026-09-01 23:36:35.845 [main] INFO  [N/A] [N/A] r.s.s.d.s.MinioFileStorageService - Тестирование соединения с MinIO: http://localhost:9000
2026-09-01 23:36:36.106 [main] INFO  [N/A] [N/A] r.s.s.d.s.MinioFileStorageService - Тест MinIO прошел успешно
2026-09-01 23:36:36.121 [main] INFO  [N/A] [N/A] r.s.s.d.s.MinioFileStorageService - Бакет уже существует: myapp-photos
2026-09-01 23:36:36.121 [main] INFO  [N/A] [N/A] r.s.s.d.s.MinioFileStorageService - Инициализация MinIO хранилища фотографий успешно завершена
2026-09-01 23:36:36.401 [main] INFO  [N/A] [N/A] r.s.skinscan.config.AsyncConfig - Photo Task Executor запущен: базовое кол-во потоков=5, максимальное кол-во потоков=10, размер очереди ожидания=100
2026-09-01 23:36:36.411 [main] INFO  [N/A] [N/A] r.s.skinscan.config.AsyncConfig - Recovery Task Executor запущен
2026-09-01 23:36:37.074 [main] WARN  [N/A] [N/A] o.s.b.a.o.j.JpaBaseConfiguration$JpaWebConfiguration - spring.jpa.open-in-view is enabled by default. Therefore, database queries may be performed during view rendering. Explicitly configure spring.jpa.open-in-view to disable this warning
2026-09-01 23:36:37.153 [main] DEBUG [N/A] [N/A] o.s.s.c.a.a.c.AuthenticationConfiguration$DefaultPasswordEncoderAuthenticationManagerBuilder - No authenticationProviders and no parentAuthenticationManager defined. Returning null.
2026-09-01 23:36:38.344 [main] INFO  [N/A] [N/A] o.s.s.web.DefaultSecurityFilterChain - Will secure any request with [org.springframework.security.web.session.DisableEncodeUrlFilter@2d17b6ad, org.springframework.security.web.context.request.async.WebAsyncManagerIntegrationFilter@564b221e, org.springframework.security.web.context.SecurityContextHolderFilter@5dd47c88, org.springframework.security.web.header.HeaderWriterFilter@31efe094, org.springframework.web.filter.CorsFilter@72e36d0f, org.springframework.security.web.authentication.logout.LogoutFilter@aad1270, ru.startup.skinscan.security.filter.RateLimiterFilter@66d62c59, org.springframework.security.web.authentication.www.BasicAuthenticationFilter@6bd21eb7, org.springframework.security.web.savedrequest.RequestCacheAwareFilter@2e50ca51, org.springframework.security.web.servletapi.SecurityContextHolderAwareRequestFilter@2a62384, org.springframework.security.web.authentication.AnonymousAuthenticationFilter@5031786b, org.springframework.security.web.session.SessionManagementFilter@74a121fe, org.springframework.security.web.access.ExceptionTranslationFilter@2eb95662, org.springframework.security.web.access.intercept.AuthorizationFilter@30a34f07]
2026-09-01 23:36:40.321 [main] INFO  [N/A] [N/A] o.a.coyote.http11.Http11NioProtocol - Starting ProtocolHandler ["http-nio-8080"]
2026-09-01 23:36:40.403 [main] INFO  [N/A] [N/A] o.s.b.w.e.tomcat.TomcatWebServer - Tomcat started on port(s): 8080 (http) with context path ''
2026-09-01 23:36:40.441 [main] INFO  [N/A] [N/A] ru.startup.skinscan.Main - Started Main in 21.101 seconds (process running for 21.852)
2026-09-01 23:36:40.704 [scheduling-1] DEBUG [N/A] [N/A] org.hibernate.SQL - 
    select
        p1_0.id,
        p1_0.created_at,
        p1_0.file_name,
        p1_0.file_size_bytes,
        p1_0.mime_type,
        p1_0.status,
        p1_0.storage_file_path,
        p1_0.updated_at,
        p1_0.user_id 
    from
        photo p1_0 
    where
        p1_0.status=? 
        and p1_0.created_at<cast(? as timestamp(6) with time zone)
2026-09-01 23:36:50.557 [http-nio-8080-exec-1] INFO  [N/A] [N/A] o.a.c.c.C.[Tomcat].[localhost].[/] - Initializing Spring DispatcherServlet 'dispatcherServlet'
2026-09-01 23:36:50.557 [http-nio-8080-exec-1] INFO  [N/A] [N/A] o.s.web.servlet.DispatcherServlet - Initializing Servlet 'dispatcherServlet'
2026-09-01 23:36:50.559 [http-nio-8080-exec-1] INFO  [N/A] [N/A] o.s.web.servlet.DispatcherServlet - Completed initialization in 2 ms
2026-09-01 23:36:50.598 [http-nio-8080-exec-1] DEBUG [N/A] [N/A] o.s.security.web.FilterChainProxy - Securing POST /skinScan/photos/upload
2026-09-01 23:36:50.685 [http-nio-8080-exec-1] DEBUG [N/A] [N/A] org.hibernate.SQL - 
    select
        u1_0.id,
        u1_0.created_at,
        u1_0.email,
        u1_0.login,
        u1_0.password,
        u1_0.phone,
        u1_0.updated_at 
    from
        users u1_0 
    where
        u1_0.login=?
2026-09-01 23:36:51.834 [http-nio-8080-exec-1] DEBUG [N/A] [N/A] org.hibernate.SQL - 
    select
        u1_0.id 
    from
        users u1_0 
    where
        u1_0.login=?
2026-09-01 23:36:53.170 [http-nio-8080-exec-1] INFO  [N/A] [N/A] r.s.s.s.s.CustomUserDetailsService - Поиск пользователя с логином: Andrey600
2026-09-01 23:36:53.178 [http-nio-8080-exec-1] DEBUG [N/A] [N/A] org.hibernate.SQL - 
    select
        u1_0.id,
        u1_0.created_at,
        u1_0.email,
        u1_0.login,
        u1_0.password,
        u1_0.phone,
        u1_0.updated_at 
    from
        users u1_0 
    where
        u1_0.login=?
2026-09-01 23:36:53.185 [http-nio-8080-exec-1] INFO  [N/A] [N/A] r.s.s.s.s.CustomUserDetailsService - Найден пользователь: Andrey600, пароль: $2a$12$82L1ISHBmtE5Mz8Sna4Kr.OxWw0qFyPc2rdTy8Pr6YSNBBPgoLaiK
2026-09-01 23:36:54.596 [http-nio-8080-exec-1] DEBUG [N/A] [N/A] o.s.s.a.d.DaoAuthenticationProvider - Authenticated user
2026-09-01 23:36:54.598 [http-nio-8080-exec-1] DEBUG [N/A] [N/A] o.s.s.w.a.w.BasicAuthenticationFilter - Set SecurityContextHolder to UsernamePasswordAuthenticationToken [Principal=org.springframework.security.core.userdetails.User [Username=Andrey600, Password=[PROTECTED], Enabled=true, AccountNonExpired=true, credentialsNonExpired=true, AccountNonLocked=true, Granted Authorities=[]], Credentials=[PROTECTED], Authenticated=true, Details=WebAuthenticationDetails [RemoteIpAddress=127.0.0.1, SessionId=null], Granted Authorities=[]]
2026-09-01 23:36:54.606 [http-nio-8080-exec-1] DEBUG [N/A] [N/A] o.s.security.web.FilterChainProxy - Secured POST /skinScan/photos/upload
2026-09-01 23:36:55.319 [http-nio-8080-exec-1] DEBUG [f457e63d-a249-4662-ad3c-7065aecfeb07] [NO_SESSION] org.hibernate.SQL - 
    select
        p1_0.id,
        p1_0.created_at,
        p1_0.file_name,
        p1_0.file_size_bytes,
        p1_0.mime_type,
        p1_0.status,
        p1_0.storage_file_path,
        p1_0.updated_at,
        p1_0.user_id 
    from
        photo p1_0 
    where
        p1_0.file_name=? 
        and p1_0.user_id=?
2026-09-01 23:37:06.632 [SpringApplicationShutdownHook] INFO  [N/A] [N/A] o.s.o.j.LocalContainerEntityManagerFactoryBean - Closing JPA EntityManagerFactory for persistence unit 'default'
2026-09-01 23:37:06.638 [SpringApplicationShutdownHook] INFO  [N/A] [N/A] com.zaxxer.hikari.HikariDataSource - HikariPool-1 - Shutdown initiated...
2026-09-01 23:37:06.644 [SpringApplicationShutdownHook] INFO  [N/A] [N/A] com.zaxxer.hikari.HikariDataSource - HikariPool-1 - Shutdown completed.
